mae_sec,median_ae_sec,rmse_sec,mape_pct,mape_n_rows,r2,spearman,n_query,EXP_ID,EXP_NAME,name_short,order,MOLECULE_MODE,RT_ARCHITECTURE,RT_HEAD_TYPE,USE_DEVICE_METADATA,JOINT_MULTITASK,seed,ood_tier,ood_task_id,ood_method_id,K,repeat_seed,repeat_index,protocol,mode,zero_shot_strategy,support_unit,n_total,n_unique_mol_keys,n_support,n_excluded_same_molecule_rows,checkpoint_path,checkpoint_name,checkpoint_epoch,checkpoint_best_score,model_load_status,support_indices_path,ood_head_epochs,ood_head_lr,ood_head_weight_decay
45.1261505484581,11.785247325897217,89.01078014668096,15.19718601959077,96,0.9584226769458618,0.9575614708194886,96,E1,M0 no PolyOmics × R0 device encoder + single head,M0-R0,1,M0_no_aux,R0_device_single,single,True,False,2004,internal_heldout_repoRT_ood,0097,0097,0,-1,0,zero_shot_native_single,zero_shot,native_shared_single_head,mol_key,96,96,0,0,ORIGINAL_WORKSPACE/RepoRT_PolyOmics_9exp_weight_only_notebooks/outputs/E1/seed_2004/best_model.pt,best_model.pt,97,36.961695545478754,strict,,,,
83.9615535736084,19.1456937789917,164.57521030793492,20.036001935046645,91,0.8604443605720016,0.9242017080455218,91,E1,M0 no PolyOmics × R0 device encoder + single head,M0-R0,1,M0_no_aux,R0_device_single,single,True,False,2004,internal_heldout_repoRT_ood,0097,0097,5,2004,0,frozen_backbone_fresh_head_kshot,kshot_fresh_head_frozen_model,,mol_key,96,96,5,0,ORIGINAL_WORKSPACE/RepoRT_PolyOmics_9exp_weight_only_notebooks/outputs/E1/seed_2004/best_model.pt,best_model.pt,97,36.961695545478754,strict,ORIGINAL_WORKSPACE/RepoRT_PolyOmics_9exp_weight_only_notebooks/outputs/evaluation_E1_E9_internal_heldout_OOD_kshot/_support_splits/seed_2004/0097/K5_repeat2004.csv,300,0.001,0.0001
48.942322291825946,25.086450576782227,71.94782528796672,22.20983556398256,76,0.9735927739911945,0.9079742100659518,76,E1,M0 no PolyOmics × R0 device encoder + single head,M0-R0,1,M0_no_aux,R0_device_single,single,True,False,2004,internal_heldout_repoRT_ood,0097,0097,20,2004,0,frozen_backbone_fresh_head_kshot,kshot_fresh_head_frozen_model,,mol_key,96,96,20,0,ORIGINAL_WORKSPACE/RepoRT_PolyOmics_9exp_weight_only_notebooks/outputs/E1/seed_2004/best_model.pt,best_model.pt,97,36.961695545478754,strict,ORIGINAL_WORKSPACE/RepoRT_PolyOmics_9exp_weight_only_notebooks/outputs/evaluation_E1_E9_internal_heldout_OOD_kshot/_support_splits/seed_2004/0097/K20_repeat2004.csv,300,0.001,0.0001
17.722115623539892,10.784883499145508,29.74650902418998,9.81914336674455,580,0.9443807593864003,0.9685343859818988,580,E1,M0 no PolyOmics × R0 device encoder + single head,M0-R0,1,M0_no_aux,R0_device_single,single,True,False,2004,internal_heldout_repoRT_ood,0238,0238,0,-1,0,zero_shot_native_single,zero_shot,native_shared_single_head,mol_key,580,580,0,0,ORIGINAL_WORKSPACE/RepoRT_PolyOmics_9exp_weight_only_notebooks/outputs/E1/seed_2004/best_model.pt,best_model.pt,97,36.961695545478754,strict,,,,
42.8937698861827,33.0084228515625,58.13130761884202,24.558089156339964,575,0.7851187388604308,0.8869088280658148,575,E1,M0 no PolyOmics × R0 device encoder + single head,M0-R0,1,M0_no_aux,R0_device_single,single,True,False,2004,internal_heldout_repoRT_ood,0238,0238,5,2004,0,frozen_backbone_fresh_head_kshot,kshot_fresh_head_frozen_model,,mol_key,580,580,5,0,ORIGINAL_WORKSPACE/RepoRT_PolyOmics_9exp_weight_only_notebooks/outputs/E1/seed_2004/best_model.pt,best_model.pt,97,36.961695545478754,strict,ORIGINAL_WORKSPACE/RepoRT_PolyOmics_9exp_weight_only_notebooks/outputs/evaluation_E1_E9_internal_heldout_OOD_kshot/_support_splits/seed_2004/0238/K5_repeat2004.csv,300,0.001,0.0001
24.454508772918157,16.313867568969727,36.06018585817836,15.761574642366122,560,0.9182795714377565,0.9382175454837969,560,E1,M0 no PolyOmics × R0 device encoder + single head,M0-R0,1,M0_no_aux,R0_device_single,single,True,False,2004,internal_heldout_repoRT_ood,0238,0238,20,2004,0,frozen_backbone_fresh_head_kshot,kshot_fresh_head_frozen_model,,mol_key,580,580,20,0,ORIGINAL_WORKSPACE/RepoRT_PolyOmics_9exp_weight_only_notebooks/outputs/E1/seed_2004/best_model.pt,best_model.pt,97,36.961695545478754,strict,ORIGINAL_WORKSPACE/RepoRT_PolyOmics_9exp_weight_only_notebooks/outputs/evaluation_E1_E9_internal_heldout_OOD_kshot/_support_splits/seed_2004/0238/K20_repeat2004.csv,300,0.001,0.0001
21.336473405361176,13.438067436218262,34.33274553034438,12.004340844314228,480,0.9257063941384427,0.9544417438646003,480,E1,M0 no PolyOmics × R0 device encoder + single head,M0-R0,1,M0_no_aux,R0_device_single,single,True,False,2004,internal_heldout_repoRT_ood,0238,0238,100,2004,0,frozen_backbone_fresh_head_kshot,kshot_fresh_head_frozen_model,,mol_key,580,580,100,0,ORIGINAL_WORKSPACE/RepoRT_PolyOmics_9exp_weight_only_notebooks/outputs/E1/seed_2004/best_model.pt,best_model.pt,97,36.961695545478754,strict,ORIGINAL_WORKSPACE/RepoRT_PolyOmics_9exp_weight_only_notebooks/outputs/evaluation_E1_E9_internal_heldout_OOD_kshot/_support_splits/seed_2004/0238/K100_repeat2004.csv,300,0.001,0.0001
19.012367173245078,9.993188381195068,32.235857923253896,12.25314053880405,380,0.9372327117713497,0.9611083358975447,380,E1,M0 no PolyOmics × R0 device encoder + single head,M0-R0,1,M0_no_aux,R0_device_single,single,True,False,2004,internal_heldout_repoRT_ood,0238,0238,200,2004,0,frozen_backbone_fresh_head_kshot,kshot_fresh_head_frozen_model,,mol_key,580,580,200,0,ORIGINAL_WORKSPACE/RepoRT_PolyOmics_9exp_weight_only_notebooks/outputs/E1/seed_2004/best_model.pt,best_model.pt,97,36.961695545478754,strict,ORIGINAL_WORKSPACE/RepoRT_PolyOmics_9exp_weight_only_notebooks/outputs/evaluation_E1_E9_internal_heldout_OOD_kshot/_support_splits/seed_2004/0238/K200_repeat2004.csv,300,0.001,0.0001
44.3044139444828,19.649620056152344,79.55190739649382,19.513745537776213,96,0.9667897223575728,0.962858318851084,96,E1,M0 no PolyOmics × R0 device encoder + single head,M0-R0,1,M0_no_aux,R0_device_single,single,True,False,2006,internal_heldout_repoRT_ood,0097,0097,0,-1,0,zero_shot_native_single,zero_shot,native_shared_single_head,mol_key,96,96,0,0,ORIGINAL_WORKSPACE/RepoRT_PolyOmics_9exp_weight_only_notebooks/outputs/E1/seed_2006/best_model.pt,best_model.pt,127,33.55589778647239,strict,,,,
47.39822214776343,18.28014850616455,82.40592814526416,27.21728084967437,91,0.9637216866673008,0.9611694010861537,91,E1,M0 no PolyOmics × R0 device encoder + single head,M0-R0,1,M0_no_aux,R0_device_single,single,True,False,2006,internal_heldout_repoRT_ood,0097,0097,5,2006,0,frozen_backbone_fresh_head_kshot,kshot_fresh_head_frozen_model,,mol_key,96,96,5,0,ORIGINAL_WORKSPACE/RepoRT_PolyOmics_9exp_weight_only_notebooks/outputs/E1/seed_2006/best_model.pt,best_model.pt,127,33.55589778647239,strict,ORIGINAL_WORKSPACE/RepoRT_PolyOmics_9exp_weight_only_notebooks/outputs/evaluation_E1_E9_internal_heldout_OOD_kshot/_support_splits/seed_2006/0097/K5_repeat2006.csv,300,0.001,0.0001
44.12685024110895,20.275633335113525,83.19521671506324,33.0125022373333,76,0.9644067875405152,0.9619883514757478,76,E1,M0 no PolyOmics × R0 device encoder + single head,M0-R0,1,M0_no_aux,R0_device_single,single,True,False,2006,internal_heldout_repoRT_ood,0097,0097,20,2006,0,frozen_backbone_fresh_head_kshot,kshot_fresh_head_frozen_model,,mol_key,96,96,20,0,ORIGINAL_WORKSPACE/RepoRT_PolyOmics_9exp_weight_only_notebooks/outputs/E1/seed_2006/best_model.pt,best_model.pt,127,33.55589778647239,strict,ORIGINAL_WORKSPACE/RepoRT_PolyOmics_9exp_weight_only_notebooks/outputs/evaluation_E1_E9_internal_heldout_OOD_kshot/_support_splits/seed_2006/0097/K20_repeat2006.csv,300,0.001,0.0001
16.796171023927887,8.954572677612305,29.62015313517552,9.640902463947592,580,0.9448522700854509,0.9657476701868333,580,E1,M0 no PolyOmics × R0 device encoder + single head,M0-R0,1,M0_no_aux,R0_device_single,single,True,False,2006,internal_heldout_repoRT_ood,0238,0238,0,-1,0,zero_shot_native_single,zero_shot,native_shared_single_head,mol_key,580,580,0,0,ORIGINAL_WORKSPACE/RepoRT_PolyOmics_9exp_weight_only_notebooks/outputs/E1/seed_2006/best_model.pt,best_model.pt,127,33.55589778647239,strict,,,,
46.08059582917586,38.11823844909668,60.56777461846357,52.61995665764506,575,0.7708323395657631,0.8994762277631846,575,E1,M0 no PolyOmics × R0 device encoder + single head,M0-R0,1,M0_no_aux,R0_device_single,single,True,False,2006,internal_heldout_repoRT_ood,0238,0238,5,2006,0,frozen_backbone_fresh_head_kshot,kshot_fresh_head_frozen_model,,mol_key,580,580,5,0,ORIGINAL_WORKSPACE/RepoRT_PolyOmics_9exp_weight_only_notebooks/outputs/E1/seed_2006/best_model.pt,best_model.pt,127,33.55589778647239,strict,ORIGINAL_WORKSPACE/RepoRT_PolyOmics_9exp_weight_only_notebooks/outputs/evaluation_E1_E9_internal_heldout_OOD_kshot/_support_splits/seed_2006/0238/K5_repeat2006.csv,300,0.001,0.0001
21.943436673709325,12.889180183410645,34.79294764858841,12.96176466260678,560,0.9242178872252956,0.9507000916872164,560,E1,M0 no PolyOmics × R0 device encoder + single head,M0-R0,1,M0_no_aux,R0_device_single,single,True,False,2006,internal_heldout_repoRT_ood,0238,0238,20,2006,0,frozen_backbone_fresh_head_kshot,kshot_fresh_head_frozen_model,,mol_key,580,580,20,0,ORIGINAL_WORKSPACE/RepoRT_PolyOmics_9exp_weight_only_notebooks/outputs/E1/seed_2006/best_model.pt,best_model.pt,127,33.55589778647239,strict,ORIGINAL_WORKSPACE/RepoRT_PolyOmics_9exp_weight_only_notebooks/outputs/evaluation_E1_E9_internal_heldout_OOD_kshot/_support_splits/seed_2006/0238/K20_repeat2006.csv,300,0.001,0.0001
22.084385603666306,12.088279724121094,34.934646971193914,11.155326485845208,480,0.9224527685338436,0.9504729608343365,480,E1,M0 no PolyOmics × R0 device encoder + single head,M0-R0,1,M0_no_aux,R0_device_single,single,True,False,2006,internal_heldout_repoRT_ood,0238,0238,100,2006,0,frozen_backbone_fresh_head_kshot,kshot_fresh_head_frozen_model,,mol_key,580,580,100,0,ORIGINAL_WORKSPACE/RepoRT_PolyOmics_9exp_weight_only_notebooks/outputs/E1/seed_2006/best_model.pt,best_model.pt,127,33.55589778647239,strict,ORIGINAL_WORKSPACE/RepoRT_PolyOmics_9exp_weight_only_notebooks/outputs/evaluation_E1_E9_internal_heldout_OOD_kshot/_support_splits/seed_2006/0238/K100_repeat2006.csv,300,0.001,0.0001
16.857970739665785,9.258720874786377,27.98149222193928,9.672263255907968,380,0.948002693601261,0.9631197547618031,380,E1,M0 no PolyOmics × R0 device encoder + single head,M0-R0,1,M0_no_aux,R0_device_single,single,True,False,2006,internal_heldout_repoRT_ood,0238,0238,200,2006,0,frozen_backbone_fresh_head_kshot,kshot_fresh_head_frozen_model,,mol_key,580,580,200,0,ORIGINAL_WORKSPACE/RepoRT_PolyOmics_9exp_weight_only_notebooks/outputs/E1/seed_2006/best_model.pt,best_model.pt,127,33.55589778647239,strict,ORIGINAL_WORKSPACE/RepoRT_PolyOmics_9exp_weight_only_notebooks/outputs/evaluation_E1_E9_internal_heldout_OOD_kshot/_support_splits/seed_2006/0238/K200_repeat2006.csv,300,0.001,0.0001
88.74514058232307,55.321269035339355,112.98924287178544,60.45106693030399,96,0.9330045187866629,0.9625119864797873,96,E1,M0 no PolyOmics × R0 device encoder + single head,M0-R0,1,M0_no_aux,R0_device_single,single,True,False,2011,internal_heldout_repoRT_ood,0097,0097,0,-1,0,zero_shot_native_single,zero_shot,native_shared_single_head,mol_key,96,96,0,0,ORIGINAL_WORKSPACE/RepoRT_PolyOmics_9exp_weight_only_notebooks/outputs/E1/seed_2011/best_model.pt,best_model.pt,68,41.280745093878366,strict,,,,
74.10151146270417,24.274721145629883,128.76396289812544,28.052995059628472,91,0.9139500497883212,0.9165859558296717,91,E1,M0 no PolyOmics × R0 device encoder + single head,M0-R0,1,M0_no_aux,R0_device_single,single,True,False,2011,internal_heldout_repoRT_ood,0097,0097,5,2011,0,frozen_backbone_fresh_head_kshot,kshot_fresh_head_frozen_model,,mol_key,96,96,5,0,ORIGINAL_WORKSPACE/RepoRT_PolyOmics_9exp_weight_only_notebooks/outputs/E1/seed_2011/best_model.pt,best_model.pt,68,41.280745093878366,strict,ORIGINAL_WORKSPACE/RepoRT_PolyOmics_9exp_weight_only_notebooks/outputs/evaluation_E1_E9_internal_heldout_OOD_kshot/_support_splits/seed_2011/0097/K5_repeat2011.csv,300,0.001,0.0001
84.71090743416234,44.41444158554077,122.4529385530861,62.361079828553514,76,0.9203605178040826,0.8189765361138084,76,E1,M0 no PolyOmics × R0 device encoder + single head,M0-R0,1,M0_no_aux,R0_device_single,single,True,False,2011,internal_heldout_repoRT_ood,0097,0097,20,2011,0,frozen_backbone_fresh_head_kshot,kshot_fresh_head_frozen_model,,mol_key,96,96,20,0,ORIGINAL_WORKSPACE/RepoRT_PolyOmics_9exp_weight_only_notebooks/outputs/E1/seed_2011/best_model.pt,best_model.pt,68,41.280745093878366,strict,ORIGINAL_WORKSPACE/RepoRT_PolyOmics_9exp_weight_only_notebooks/outputs/evaluation_E1_E9_internal_heldout_OOD_kshot/_support_splits/seed_2011/0097/K20_repeat2011.csv,300,0.001,0.0001
17.232950596973815,8.639066219329834,29.736555153935388,9.387583715979387,580,0.9444179760418383,0.9666230219710925,580,E1,M0 no PolyOmics × R0 device encoder + single head,M0-R0,1,M0_no_aux,R0_device_single,single,True,False,2011,internal_heldout_repoRT_ood,0238,0238,0,-1,0,zero_shot_native_single,zero_shot,native_shared_single_head,mol_key,580,580,0,0,ORIGINAL_WORKSPACE/RepoRT_PolyOmics_9exp_weight_only_notebooks/outputs/E1/seed_2011/best_model.pt,best_model.pt,68,41.280745093878366,strict,,,,
34.04515355151633,25.509567260742188,46.64101054576247,17.285211581717036,575,0.8635334242195889,0.9496736769552819,575,E1,M0 no PolyOmics × R0 device encoder + single head,M0-R0,1,M0_no_aux,R0_device_single,single,True,False,2011,internal_heldout_repoRT_ood,0238,0238,5,2011,0,frozen_backbone_fresh_head_kshot,kshot_fresh_head_frozen_model,,mol_key,580,580,5,0,ORIGINAL_WORKSPACE/RepoRT_PolyOmics_9exp_weight_only_notebooks/outputs/E1/seed_2011/best_model.pt,best_model.pt,68,41.280745093878366,strict,ORIGINAL_WORKSPACE/RepoRT_PolyOmics_9exp_weight_only_notebooks/outputs/evaluation_E1_E9_internal_heldout_OOD_kshot/_support_splits/seed_2011/0238/K5_repeat2011.csv,300,0.001,0.0001
26.57218155690602,16.317565441131592,40.825293782353626,15.20709167993742,560,0.8954451085567662,0.9384207625176807,560,E1,M0 no PolyOmics × R0 device encoder + single head,M0-R0,1,M0_no_aux,R0_device_single,single,True,False,2011,internal_heldout_repoRT_ood,0238,0238,20,2011,0,frozen_backbone_fresh_head_kshot,kshot_fresh_head_frozen_model,,mol_key,580,580,20,0,ORIGINAL_WORKSPACE/RepoRT_PolyOmics_9exp_weight_only_notebooks/outputs/E1/seed_2011/best_model.pt,best_model.pt,68,41.280745093878366,strict,ORIGINAL_WORKSPACE/RepoRT_PolyOmics_9exp_weight_only_notebooks/outputs/evaluation_E1_E9_internal_heldout_OOD_kshot/_support_splits/seed_2011/0238/K20_repeat2011.csv,300,0.001,0.0001
25.032588601112366,15.454702377319336,37.18880582744144,13.104451193270632,480,0.9132230035333246,0.941465614374843,480,E1,M0 no PolyOmics × R0 device encoder + single head,M0-R0,1,M0_no_aux,R0_device_single,single,True,False,2011,internal_heldout_repoRT_ood,0238,0238,100,2011,0,frozen_backbone_fresh_head_kshot,kshot_fresh_head_frozen_model,,mol_key,580,580,100,0,ORIGINAL_WORKSPACE/RepoRT_PolyOmics_9exp_weight_only_notebooks/outputs/E1/seed_2011/best_model.pt,best_model.pt,68,41.280745093878366,strict,ORIGINAL_WORKSPACE/RepoRT_PolyOmics_9exp_weight_only_notebooks/outputs/evaluation_E1_E9_internal_heldout_OOD_kshot/_support_splits/seed_2011/0238/K100_repeat2011.csv,300,0.001,0.0001
20.752180977871543,12.68644094467163,32.107174791844095,12.710659897188803,380,0.934414500193879,0.9585159685108093,380,E1,M0 no PolyOmics × R0 device encoder + single head,M0-R0,1,M0_no_aux,R0_device_single,single,True,False,2011,internal_heldout_repoRT_ood,0238,0238,200,2011,0,frozen_backbone_fresh_head_kshot,kshot_fresh_head_frozen_model,,mol_key,580,580,200,0,ORIGINAL_WORKSPACE/RepoRT_PolyOmics_9exp_weight_only_notebooks/outputs/E1/seed_2011/best_model.pt,best_model.pt,68,41.280745093878366,strict,ORIGINAL_WORKSPACE/RepoRT_PolyOmics_9exp_weight_only_notebooks/outputs/evaluation_E1_E9_internal_heldout_OOD_kshot/_support_splits/seed_2011/0238/K200_repeat2011.csv,300,0.001,0.0001
64.462361484766,20.609264373779297,122.33187937864659,21.869234189315403,96,0.9214672862377369,0.9239332766496677,96,E1,M0 no PolyOmics × R0 device encoder + single head,M0-R0,1,M0_no_aux,R0_device_single,single,True,False,2012,internal_heldout_repoRT_ood,0097,0097,0,-1,0,zero_shot_native_single,zero_shot,native_shared_single_head,mol_key,96,96,0,0,ORIGINAL_WORKSPACE/RepoRT_PolyOmics_9exp_weight_only_notebooks/outputs/E1/seed_2012/best_model.pt,best_model.pt,80,36.956821451246185,strict,,,,
90.78987514579688,52.58434295654297,147.07330089509466,60.979539052623075,91,0.8868200161185079,0.9386166763366766,91,E1,M0 no PolyOmics × R0 device encoder + single head,M0-R0,1,M0_no_aux,R0_device_single,single,True,False,2012,internal_heldout_repoRT_ood,0097,0097,5,2012,0,frozen_backbone_fresh_head_kshot,kshot_fresh_head_frozen_model,,mol_key,96,96,5,0,ORIGINAL_WORKSPACE/RepoRT_PolyOmics_9exp_weight_only_notebooks/outputs/E1/seed_2012/best_model.pt,best_model.pt,80,36.956821451246185,strict,ORIGINAL_WORKSPACE/RepoRT_PolyOmics_9exp_weight_only_notebooks/outputs/evaluation_E1_E9_internal_heldout_OOD_kshot/_support_splits/seed_2012/0097/K5_repeat2012.csv,300,0.001,0.0001
100.9423547669461,42.533390522003174,186.04925527273076,31.669643592128576,76,0.8237501062816536,0.908384740708099,76,E1,M0 no PolyOmics × R0 device encoder + single head,M0-R0,1,M0_no_aux,R0_device_single,single,True,False,2012,internal_heldout_repoRT_ood,0097,0097,20,2012,0,frozen_backbone_fresh_head_kshot,kshot_fresh_head_frozen_model,,mol_key,96,96,20,0,ORIGINAL_WORKSPACE/RepoRT_PolyOmics_9exp_weight_only_notebooks/outputs/E1/seed_2012/best_model.pt,best_model.pt,80,36.956821451246185,strict,ORIGINAL_WORKSPACE/RepoRT_PolyOmics_9exp_weight_only_notebooks/outputs/evaluation_E1_E9_internal_heldout_OOD_kshot/_support_splits/seed_2012/0097/K20_repeat2012.csv,300,0.001,0.0001
18.304686809408253,9.867968559265137,31.016925060178103,10.40211484893752,580,0.9395285300651074,0.9645389019037832,580,E1,M0 no PolyOmics × R0 device encoder + single head,M0-R0,1,M0_no_aux,R0_device_single,single,True,False,2012,internal_heldout_repoRT_ood,0238,0238,0,-1,0,zero_shot_native_single,zero_shot,native_shared_single_head,mol_key,580,580,0,0,ORIGINAL_WORKSPACE/RepoRT_PolyOmics_9exp_weight_only_notebooks/outputs/E1/seed_2012/best_model.pt,best_model.pt,80,36.956821451246185,strict,,,,
59.70533401655114,38.10722351074219,79.83818959806243,88.90092694920355,575,0.5991405295324153,0.9213844162310126,575,E1,M0 no PolyOmics × R0 device encoder + single head,M0-R0,1,M0_no_aux,R0_device_single,single,True,False,2012,internal_heldout_repoRT_ood,0238,0238,5,2012,0,frozen_backbone_fresh_head_kshot,kshot_fresh_head_frozen_model,,mol_key,580,580,5,0,ORIGINAL_WORKSPACE/RepoRT_PolyOmics_9exp_weight_only_notebooks/outputs/E1/seed_2012/best_model.pt,best_model.pt,80,36.956821451246185,strict,ORIGINAL_WORKSPACE/RepoRT_PolyOmics_9exp_weight_only_notebooks/outputs/evaluation_E1_E9_internal_heldout_OOD_kshot/_support_splits/seed_2012/0238/K5_repeat2012.csv,300,0.001,0.0001
32.20406093767711,19.50490951538086,47.94531742786667,18.194014747794373,560,0.8564298047524831,0.9107353938628535,560,E1,M0 no PolyOmics × R0 device encoder + single head,M0-R0,1,M0_no_aux,R0_device_single,single,True,False,2012,internal_heldout_repoRT_ood,0238,0238,20,2012,0,frozen_backbone_fresh_head_kshot,kshot_fresh_head_frozen_model,,mol_key,580,580,20,0,ORIGINAL_WORKSPACE/RepoRT_PolyOmics_9exp_weight_only_notebooks/outputs/E1/seed_2012/best_model.pt,best_model.pt,80,36.956821451246185,strict,ORIGINAL_WORKSPACE/RepoRT_PolyOmics_9exp_weight_only_notebooks/outputs/evaluation_E1_E9_internal_heldout_OOD_kshot/_support_splits/seed_2012/0238/K20_repeat2012.csv,300,0.001,0.0001
22.196484804153442,13.28089714050293,35.811368041801366,14.79261851164371,480,0.9206424356531364,0.9556608684773903,480,E1,M0 no PolyOmics × R0 device encoder + single head,M0-R0,1,M0_no_aux,R0_device_single,single,True,False,2012,internal_heldout_repoRT_ood,0238,0238,100,2012,0,frozen_backbone_fresh_head_kshot,kshot_fresh_head_frozen_model,,mol_key,580,580,100,0,ORIGINAL_WORKSPACE/RepoRT_PolyOmics_9exp_weight_only_notebooks/outputs/E1/seed_2012/best_model.pt,best_model.pt,80,36.956821451246185,strict,ORIGINAL_WORKSPACE/RepoRT_PolyOmics_9exp_weight_only_notebooks/outputs/evaluation_E1_E9_internal_heldout_OOD_kshot/_support_splits/seed_2012/0238/K100_repeat2012.csv,300,0.001,0.0001
19.442111078061554,10.800247192382812,31.949402595281587,11.413492118603877,380,0.936854074918417,0.9600682127925986,380,E1,M0 no PolyOmics × R0 device encoder + single head,M0-R0,1,M0_no_aux,R0_device_single,single,True,False,2012,internal_heldout_repoRT_ood,0238,0238,200,2012,0,frozen_backbone_fresh_head_kshot,kshot_fresh_head_frozen_model,,mol_key,580,580,200,0,ORIGINAL_WORKSPACE/RepoRT_PolyOmics_9exp_weight_only_notebooks/outputs/E1/seed_2012/best_model.pt,best_model.pt,80,36.956821451246185,strict,ORIGINAL_WORKSPACE/RepoRT_PolyOmics_9exp_weight_only_notebooks/outputs/evaluation_E1_E9_internal_heldout_OOD_kshot/_support_splits/seed_2012/0238/K200_repeat2012.csv,300,0.001,0.0001
50.9553724527359,16.497344970703125,103.49804025068094,16.51487583557533,96,0.94378715463527,0.9719580321361324,96,E1,M0 no PolyOmics × R0 device encoder + single head,M0-R0,1,M0_no_aux,R0_device_single,single,True,False,2016,internal_heldout_repoRT_ood,0097,0097,0,-1,0,zero_shot_native_single,zero_shot,native_shared_single_head,mol_key,96,96,0,0,ORIGINAL_WORKSPACE/RepoRT_PolyOmics_9exp_weight_only_notebooks/outputs/E1/seed_2016/best_model.pt,best_model.pt,93,38.22721640813958,strict,,,,
143.74499630142043,68.00228118896484,226.72935074531452,67.67547566085035,91,0.7317182295101032,0.8295766224114027,91,E1,M0 no PolyOmics × R0 device encoder + single head,M0-R0,1,M0_no_aux,R0_device_single,single,True,False,2016,internal_heldout_repoRT_ood,0097,0097,5,2016,0,frozen_backbone_fresh_head_kshot,kshot_fresh_head_frozen_model,,mol_key,96,96,5,0,ORIGINAL_WORKSPACE/RepoRT_PolyOmics_9exp_weight_only_notebooks/outputs/E1/seed_2016/best_model.pt,best_model.pt,93,38.22721640813958,strict,ORIGINAL_WORKSPACE/RepoRT_PolyOmics_9exp_weight_only_notebooks/outputs/evaluation_E1_E9_internal_heldout_OOD_kshot/_support_splits/seed_2016/0097/K5_repeat2016.csv,300,0.001,0.0001
59.72829053276464,19.187264442443848,116.91614248049888,21.203562829962628,76,0.9324808065445197,0.9393888670997192,76,E1,M0 no PolyOmics × R0 device encoder + single head,M0-R0,1,M0_no_aux,R0_device_single,single,True,False,2016,internal_heldout_repoRT_ood,0097,0097,20,2016,0,frozen_backbone_fresh_head_kshot,kshot_fresh_head_frozen_model,,mol_key,96,96,20,0,ORIGINAL_WORKSPACE/RepoRT_PolyOmics_9exp_weight_only_notebooks/outputs/E1/seed_2016/best_model.pt,best_model.pt,93,38.22721640813958,strict,ORIGINAL_WORKSPACE/RepoRT_PolyOmics_9exp_weight_only_notebooks/outputs/evaluation_E1_E9_internal_heldout_OOD_kshot/_support_splits/seed_2016/0097/K20_repeat2016.csv,300,0.001,0.0001
18.075648949064057,9.585156440734863,31.226124763334145,11.061117087487384,580,0.9387100555065667,0.9638974585680986,580,E1,M0 no PolyOmics × R0 device encoder + single head,M0-R0,1,M0_no_aux,R0_device_single,single,True,False,2016,internal_heldout_repoRT_ood,0238,0238,0,-1,0,zero_shot_native_single,zero_shot,native_shared_single_head,mol_key,580,580,0,0,ORIGINAL_WORKSPACE/RepoRT_PolyOmics_9exp_weight_only_notebooks/outputs/E1/seed_2016/best_model.pt,best_model.pt,93,38.22721640813958,strict,,,,
26.213291956030805,18.76596450805664,37.071106423091784,16.756087896020244,575,0.9133132821209127,0.9553045696726656,575,E1,M0 no PolyOmics × R0 device encoder + single head,M0-R0,1,M0_no_aux,R0_device_single,single,True,False,2016,internal_heldout_repoRT_ood,0238,0238,5,2016,0,frozen_backbone_fresh_head_kshot,kshot_fresh_head_frozen_model,,mol_key,580,580,5,0,ORIGINAL_WORKSPACE/RepoRT_PolyOmics_9exp_weight_only_notebooks/outputs/E1/seed_2016/best_model.pt,best_model.pt,93,38.22721640813958,strict,ORIGINAL_WORKSPACE/RepoRT_PolyOmics_9exp_weight_only_notebooks/outputs/evaluation_E1_E9_internal_heldout_OOD_kshot/_support_splits/seed_2016/0238/K5_repeat2016.csv,300,0.001,0.0001
30.80714668546404,18.785548210144043,46.97654487204676,14.446828015531729,560,0.8603355411649073,0.9172761021402894,560,E1,M0 no PolyOmics × R0 device encoder + single head,M0-R0,1,M0_no_aux,R0_device_single,single,True,False,2016,internal_heldout_repoRT_ood,0238,0238,20,2016,0,frozen_backbone_fresh_head_kshot,kshot_fresh_head_frozen_model,,mol_key,580,580,20,0,ORIGINAL_WORKSPACE/RepoRT_PolyOmics_9exp_weight_only_notebooks/outputs/E1/seed_2016/best_model.pt,best_model.pt,93,38.22721640813958,strict,ORIGINAL_WORKSPACE/RepoRT_PolyOmics_9exp_weight_only_notebooks/outputs/evaluation_E1_E9_internal_heldout_OOD_kshot/_support_splits/seed_2016/0238/K20_repeat2016.csv,300,0.001,0.0001
21.141349971294403,11.635830402374268,34.668326087962484,11.636734852819414,480,0.9238423622484687,0.9557574117323716,480,E1,M0 no PolyOmics × R0 device encoder + single head,M0-R0,1,M0_no_aux,R0_device_single,single,True,False,2016,internal_heldout_repoRT_ood,0238,0238,100,2016,0,frozen_backbone_fresh_head_kshot,kshot_fresh_head_frozen_model,,mol_key,580,580,100,0,ORIGINAL_WORKSPACE/RepoRT_PolyOmics_9exp_weight_only_notebooks/outputs/E1/seed_2016/best_model.pt,best_model.pt,93,38.22721640813958,strict,ORIGINAL_WORKSPACE/RepoRT_PolyOmics_9exp_weight_only_notebooks/outputs/evaluation_E1_E9_internal_heldout_OOD_kshot/_support_splits/seed_2016/0238/K100_repeat2016.csv,300,0.001,0.0001
21.77864983207301,14.5790433883667,34.59775289496454,16.14899810073729,380,0.9246718102445746,0.9575472761899675,380,E1,M0 no PolyOmics × R0 device encoder + single head,M0-R0,1,M0_no_aux,R0_device_single,single,True,False,2016,internal_heldout_repoRT_ood,0238,0238,200,2016,0,frozen_backbone_fresh_head_kshot,kshot_fresh_head_frozen_model,,mol_key,580,580,200,0,ORIGINAL_WORKSPACE/RepoRT_PolyOmics_9exp_weight_only_notebooks/outputs/E1/seed_2016/best_model.pt,best_model.pt,93,38.22721640813958,strict,ORIGINAL_WORKSPACE/RepoRT_PolyOmics_9exp_weight_only_notebooks/outputs/evaluation_E1_E9_internal_heldout_OOD_kshot/_support_splits/seed_2016/0238/K200_repeat2016.csv,300,0.001,0.0001
44.13986727595329,15.724704265594482,83.13707116904446,13.687295274226182,96,0.9637288960758273,0.9729494934343541,96,E1,M0 no PolyOmics × R0 device encoder + single head,M0-R0,1,M0_no_aux,R0_device_single,single,True,False,2020,internal_heldout_repoRT_ood,0097,0097,0,-1,0,zero_shot_native_single,zero_shot,native_shared_single_head,mol_key,96,96,0,0,ORIGINAL_WORKSPACE/RepoRT_PolyOmics_9exp_weight_only_notebooks/outputs/E1/seed_2020/best_model.pt,best_model.pt,96,39.287739034325355,strict,,,,
102.69017324342832,48.51917266845703,179.01780159756555,22.67135386886741,91,0.8334196077004378,0.9237923505147003,91,E1,M0 no PolyOmics × R0 device encoder + single head,M0-R0,1,M0_no_aux,R0_device_single,single,True,False,2020,internal_heldout_repoRT_ood,0097,0097,5,2020,0,frozen_backbone_fresh_head_kshot,kshot_fresh_head_frozen_model,,mol_key,96,96,5,0,ORIGINAL_WORKSPACE/RepoRT_PolyOmics_9exp_weight_only_notebooks/outputs/E1/seed_2020/best_model.pt,best_model.pt,96,39.287739034325355,strict,ORIGINAL_WORKSPACE/RepoRT_PolyOmics_9exp_weight_only_notebooks/outputs/evaluation_E1_E9_internal_heldout_OOD_kshot/_support_splits/seed_2020/0097/K5_repeat2020.csv,300,0.001,0.0001
43.14193556183263,15.674278736114502,82.2463200500578,18.80686459990473,76,0.961582048750423,0.9532362420394251,76,E1,M0 no PolyOmics × R0 device encoder + single head,M0-R0,1,M0_no_aux,R0_device_single,single,True,False,2020,internal_heldout_repoRT_ood,0097,0097,20,2020,0,frozen_backbone_fresh_head_kshot,kshot_fresh_head_frozen_model,,mol_key,96,96,20,0,ORIGINAL_WORKSPACE/RepoRT_PolyOmics_9exp_weight_only_notebooks/outputs/E1/seed_2020/best_model.pt,best_model.pt,96,39.287739034325355,strict,ORIGINAL_WORKSPACE/RepoRT_PolyOmics_9exp_weight_only_notebooks/outputs/evaluation_E1_E9_internal_heldout_OOD_kshot/_support_splits/seed_2020/0097/K20_repeat2020.csv,300,0.001,0.0001
18.006481894131365,9.746668338775635,31.498552367821134,10.538927375257353,580,0.9376359597373609,0.9638330524508929,580,E1,M0 no PolyOmics × R0 device encoder + single head,M0-R0,1,M0_no_aux,R0_device_single,single,True,False,2020,internal_heldout_repoRT_ood,0238,0238,0,-1,0,zero_shot_native_single,zero_shot,native_shared_single_head,mol_key,580,580,0,0,ORIGINAL_WORKSPACE/RepoRT_PolyOmics_9exp_weight_only_notebooks/outputs/E1/seed_2020/best_model.pt,best_model.pt,96,39.287739034325355,strict,,,,
24.178775770767874,12.039856910705566,41.7600808096489,12.282099870518861,575,0.8907939552764008,0.9363699331345771,575,E1,M0 no PolyOmics × R0 device encoder + single head,M0-R0,1,M0_no_aux,R0_device_single,single,True,False,2020,internal_heldout_repoRT_ood,0238,0238,5,2020,0,frozen_backbone_fresh_head_kshot,kshot_fresh_head_frozen_model,,mol_key,580,580,5,0,ORIGINAL_WORKSPACE/RepoRT_PolyOmics_9exp_weight_only_notebooks/outputs/E1/seed_2020/best_model.pt,best_model.pt,96,39.287739034325355,strict,ORIGINAL_WORKSPACE/RepoRT_PolyOmics_9exp_weight_only_notebooks/outputs/evaluation_E1_E9_internal_heldout_OOD_kshot/_support_splits/seed_2020/0238/K5_repeat2020.csv,300,0.001,0.0001
25.751616290637426,16.932942867279053,40.17930905284937,17.428656530584863,560,0.8982969087185403,0.937793182835352,560,E1,M0 no PolyOmics × R0 device encoder + single head,M0-R0,1,M0_no_aux,R0_device_single,single,True,False,2020,internal_heldout_repoRT_ood,0238,0238,20,2020,0,frozen_backbone_fresh_head_kshot,kshot_fresh_head_frozen_model,,mol_key,580,580,20,0,ORIGINAL_WORKSPACE/RepoRT_PolyOmics_9exp_weight_only_notebooks/outputs/E1/seed_2020/best_model.pt,best_model.pt,96,39.287739034325355,strict,ORIGINAL_WORKSPACE/RepoRT_PolyOmics_9exp_weight_only_notebooks/outputs/evaluation_E1_E9_internal_heldout_OOD_kshot/_support_splits/seed_2020/0238/K20_repeat2020.csv,300,0.001,0.0001
23.13248047232628,13.48421573638916,37.46503208085276,13.076289874844141,480,0.9108480362989542,0.9499234322298954,480,E1,M0 no PolyOmics × R0 device encoder + single head,M0-R0,1,M0_no_aux,R0_device_single,single,True,False,2020,internal_heldout_repoRT_ood,0238,0238,100,2020,0,frozen_backbone_fresh_head_kshot,kshot_fresh_head_frozen_model,,mol_key,580,580,100,0,ORIGINAL_WORKSPACE/RepoRT_PolyOmics_9exp_weight_only_notebooks/outputs/E1/seed_2020/best_model.pt,best_model.pt,96,39.287739034325355,strict,ORIGINAL_WORKSPACE/RepoRT_PolyOmics_9exp_weight_only_notebooks/outputs/evaluation_E1_E9_internal_heldout_OOD_kshot/_support_splits/seed_2020/0238/K100_repeat2020.csv,300,0.001,0.0001
20.619336153331556,11.234285831451416,33.48476700461247,13.570094827264189,380,0.9291421931408214,0.9584040332098238,380,E1,M0 no PolyOmics × R0 device encoder + single head,M0-R0,1,M0_no_aux,R0_device_single,single,True,False,2020,internal_heldout_repoRT_ood,0238,0238,200,2020,0,frozen_backbone_fresh_head_kshot,kshot_fresh_head_frozen_model,,mol_key,580,580,200,0,ORIGINAL_WORKSPACE/RepoRT_PolyOmics_9exp_weight_only_notebooks/outputs/E1/seed_2020/best_model.pt,best_model.pt,96,39.287739034325355,strict,ORIGINAL_WORKSPACE/RepoRT_PolyOmics_9exp_weight_only_notebooks/outputs/evaluation_E1_E9_internal_heldout_OOD_kshot/_support_splits/seed_2020/0238/K200_repeat2020.csv,300,0.001,0.0001
49.478212893009186,11.581056118011475,93.71175690272337,19.893088160163188,96,0.9539150126274701,0.9545938777556332,96,E1,M0 no PolyOmics × R0 device encoder + single head,M0-R0,1,M0_no_aux,R0_device_single,single,True,False,2022,internal_heldout_repoRT_ood,0097,0097,0,-1,0,zero_shot_native_single,zero_shot,native_shared_single_head,mol_key,96,96,0,0,ORIGINAL_WORKSPACE/RepoRT_PolyOmics_9exp_weight_only_notebooks/outputs/E1/seed_2022/best_model.pt,best_model.pt,99,42.798541181128584,strict,,,,
289.41605541732287,124.86435413360596,439.0016425366295,45.49215141897553,91,0.00038906046278908146,0.9197998296173744,91,E1,M0 no PolyOmics × R0 device encoder + single head,M0-R0,1,M0_no_aux,R0_device_single,single,True,False,2022,internal_heldout_repoRT_ood,0097,0097,5,2022,0,frozen_backbone_fresh_head_kshot,kshot_fresh_head_frozen_model,,mol_key,96,96,5,0,ORIGINAL_WORKSPACE/RepoRT_PolyOmics_9exp_weight_only_notebooks/outputs/E1/seed_2022/best_model.pt,best_model.pt,99,42.798541181128584,strict,ORIGINAL_WORKSPACE/RepoRT_PolyOmics_9exp_weight_only_notebooks/outputs/evaluation_E1_E9_internal_heldout_OOD_kshot/_support_splits/seed_2022/0097/K5_repeat2022.csv,300,0.001,0.0001
53.35921055392215,30.705692768096924,76.130000382123,33.12702532522191,76,0.9690051923539279,0.8629886704804137,76,E1,M0 no PolyOmics × R0 device encoder + single head,M0-R0,1,M0_no_aux,R0_device_single,single,True,False,2022,internal_heldout_repoRT_ood,0097,0097,20,2022,0,frozen_backbone_fresh_head_kshot,kshot_fresh_head_frozen_model,,mol_key,96,96,20,0,ORIGINAL_WORKSPACE/RepoRT_PolyOmics_9exp_weight_only_notebooks/outputs/E1/seed_2022/best_model.pt,best_model.pt,99,42.798541181128584,strict,ORIGINAL_WORKSPACE/RepoRT_PolyOmics_9exp_weight_only_notebooks/outputs/evaluation_E1_E9_internal_heldout_OOD_kshot/_support_splits/seed_2022/0097/K20_repeat2022.csv,300,0.001,0.0001
16.04550151989378,8.725433349609375,27.27772270825213,8.873553237278715,580,0.9532297955159269,0.9672733851305485,580,E1,M0 no PolyOmics × R0 device encoder + single head,M0-R0,1,M0_no_aux,R0_device_single,single,True,False,2022,internal_heldout_repoRT_ood,0238,0238,0,-1,0,zero_shot_native_single,zero_shot,native_shared_single_head,mol_key,580,580,0,0,ORIGINAL_WORKSPACE/RepoRT_PolyOmics_9exp_weight_only_notebooks/outputs/E1/seed_2022/best_model.pt,best_model.pt,99,42.798541181128584,strict,,,,
41.20112056732178,38.26643943786621,49.50587100470457,44.999989546936476,575,0.8458118688086241,0.9440471678815314,575,E1,M0 no PolyOmics × R0 device encoder + single head,M0-R0,1,M0_no_aux,R0_device_single,single,True,False,2022,internal_heldout_repoRT_ood,0238,0238,5,2022,0,frozen_backbone_fresh_head_kshot,kshot_fresh_head_frozen_model,,mol_key,580,580,5,0,ORIGINAL_WORKSPACE/RepoRT_PolyOmics_9exp_weight_only_notebooks/outputs/E1/seed_2022/best_model.pt,best_model.pt,99,42.798541181128584,strict,ORIGINAL_WORKSPACE/RepoRT_PolyOmics_9exp_weight_only_notebooks/outputs/evaluation_E1_E9_internal_heldout_OOD_kshot/_support_splits/seed_2022/0238/K5_repeat2022.csv,300,0.001,0.0001
21.593531574521744,13.761649131774902,33.31253820782424,11.068902459525162,560,0.9302578343231842,0.9564781323771225,560,E1,M0 no PolyOmics × R0 device encoder + single head,M0-R0,1,M0_no_aux,R0_device_single,single,True,False,2022,internal_heldout_repoRT_ood,0238,0238,20,2022,0,frozen_backbone_fresh_head_kshot,kshot_fresh_head_frozen_model,,mol_key,580,580,20,0,ORIGINAL_WORKSPACE/RepoRT_PolyOmics_9exp_weight_only_notebooks/outputs/E1/seed_2022/best_model.pt,best_model.pt,99,42.798541181128584,strict,ORIGINAL_WORKSPACE/RepoRT_PolyOmics_9exp_weight_only_notebooks/outputs/evaluation_E1_E9_internal_heldout_OOD_kshot/_support_splits/seed_2022/0238/K20_repeat2022.csv,300,0.001,0.0001
20.02624961733818,12.146358489990234,31.323141860170473,11.803727613666863,480,0.9376117801645873,0.9528549370260642,480,E1,M0 no PolyOmics × R0 device encoder + single head,M0-R0,1,M0_no_aux,R0_device_single,single,True,False,2022,internal_heldout_repoRT_ood,0238,0238,100,2022,0,frozen_backbone_fresh_head_kshot,kshot_fresh_head_frozen_model,,mol_key,580,580,100,0,ORIGINAL_WORKSPACE/RepoRT_PolyOmics_9exp_weight_only_notebooks/outputs/E1/seed_2022/best_model.pt,best_model.pt,99,42.798541181128584,strict,ORIGINAL_WORKSPACE/RepoRT_PolyOmics_9exp_weight_only_notebooks/outputs/evaluation_E1_E9_internal_heldout_OOD_kshot/_support_splits/seed_2022/0238/K100_repeat2022.csv,300,0.001,0.0001
16.94779684669093,10.776364803314209,27.747261100204422,11.213809948831493,380,0.9536630858668496,0.9690140833647516,380,E1,M0 no PolyOmics × R0 device encoder + single head,M0-R0,1,M0_no_aux,R0_device_single,single,True,False,2022,internal_heldout_repoRT_ood,0238,0238,200,2022,0,frozen_backbone_fresh_head_kshot,kshot_fresh_head_frozen_model,,mol_key,580,580,200,0,ORIGINAL_WORKSPACE/RepoRT_PolyOmics_9exp_weight_only_notebooks/outputs/E1/seed_2022/best_model.pt,best_model.pt,99,42.798541181128584,strict,ORIGINAL_WORKSPACE/RepoRT_PolyOmics_9exp_weight_only_notebooks/outputs/evaluation_E1_E9_internal_heldout_OOD_kshot/_support_splits/seed_2022/0238/K200_repeat2022.csv,300,0.001,0.0001
56.898894011974335,16.67391300201416,102.23895420543967,23.138743127909976,96,0.9451465295620914,0.9630416712829468,96,E1,M0 no PolyOmics × R0 device encoder + single head,M0-R0,1,M0_no_aux,R0_device_single,single,True,False,2027,internal_heldout_repoRT_ood,0097,0097,0,-1,0,zero_shot_native_single,zero_shot,native_shared_single_head,mol_key,96,96,0,0,ORIGINAL_WORKSPACE/RepoRT_PolyOmics_9exp_weight_only_notebooks/outputs/E1/seed_2027/best_model.pt,best_model.pt,89,37.56212899024892,strict,,,,
97.59567952418065,47.51432418823242,167.43850355962527,28.41705528947497,91,0.8536617584577991,0.9441032103172545,91,E1,M0 no PolyOmics × R0 device encoder + single head,M0-R0,1,M0_no_aux,R0_device_single,single,True,False,2027,internal_heldout_repoRT_ood,0097,0097,5,2027,0,frozen_backbone_fresh_head_kshot,kshot_fresh_head_frozen_model,,mol_key,96,96,5,0,ORIGINAL_WORKSPACE/RepoRT_PolyOmics_9exp_weight_only_notebooks/outputs/E1/seed_2027/best_model.pt,best_model.pt,89,37.56212899024892,strict,ORIGINAL_WORKSPACE/RepoRT_PolyOmics_9exp_weight_only_notebooks/outputs/evaluation_E1_E9_internal_heldout_OOD_kshot/_support_splits/seed_2027/0097/K5_repeat2027.csv,300,0.001,0.0001
62.439663912120615,23.021271228790283,105.17394532038199,35.85512325769788,76,0.9437090963194148,0.9653776246279071,76,E1,M0 no PolyOmics × R0 device encoder + single head,M0-R0,1,M0_no_aux,R0_device_single,single,True,False,2027,internal_heldout_repoRT_ood,0097,0097,20,2027,0,frozen_backbone_fresh_head_kshot,kshot_fresh_head_frozen_model,,mol_key,96,96,20,0,ORIGINAL_WORKSPACE/RepoRT_PolyOmics_9exp_weight_only_notebooks/outputs/E1/seed_2027/best_model.pt,best_model.pt,89,37.56212899024892,strict,ORIGINAL_WORKSPACE/RepoRT_PolyOmics_9exp_weight_only_notebooks/outputs/evaluation_E1_E9_internal_heldout_OOD_kshot/_support_splits/seed_2027/0097/K20_repeat2027.csv,300,0.001,0.0001
14.930844241175159,7.216472625732422,27.098291569961162,8.873824824917248,580,0.9538430746370137,0.970292183420868,580,E1,M0 no PolyOmics × R0 device encoder + single head,M0-R0,1,M0_no_aux,R0_device_single,single,True,False,2027,internal_heldout_repoRT_ood,0238,0238,0,-1,0,zero_shot_native_single,zero_shot,native_shared_single_head,mol_key,580,580,0,0,ORIGINAL_WORKSPACE/RepoRT_PolyOmics_9exp_weight_only_notebooks/outputs/E1/seed_2027/best_model.pt,best_model.pt,89,37.56212899024892,strict,,,,
43.491401780169944,32.27017879486084,56.54256965847905,62.11619717588582,575,0.799784592727468,0.962359401207248,575,E1,M0 no PolyOmics × R0 device encoder + single head,M0-R0,1,M0_no_aux,R0_device_single,single,True,False,2027,internal_heldout_repoRT_ood,0238,0238,5,2027,0,frozen_backbone_fresh_head_kshot,kshot_fresh_head_frozen_model,,mol_key,580,580,5,0,ORIGINAL_WORKSPACE/RepoRT_PolyOmics_9exp_weight_only_notebooks/outputs/E1/seed_2027/best_model.pt,best_model.pt,89,37.56212899024892,strict,ORIGINAL_WORKSPACE/RepoRT_PolyOmics_9exp_weight_only_notebooks/outputs/evaluation_E1_E9_internal_heldout_OOD_kshot/_support_splits/seed_2027/0238/K5_repeat2027.csv,300,0.001,0.0001
40.335841349193025,19.155778884887695,68.50655045060888,16.47763815786724,560,0.7036571826755196,0.8197315355474275,560,E1,M0 no PolyOmics × R0 device encoder + single head,M0-R0,1,M0_no_aux,R0_device_single,single,True,False,2027,internal_heldout_repoRT_ood,0238,0238,20,2027,0,frozen_backbone_fresh_head_kshot,kshot_fresh_head_frozen_model,,mol_key,580,580,20,0,ORIGINAL_WORKSPACE/RepoRT_PolyOmics_9exp_weight_only_notebooks/outputs/E1/seed_2027/best_model.pt,best_model.pt,89,37.56212899024892,strict,ORIGINAL_WORKSPACE/RepoRT_PolyOmics_9exp_weight_only_notebooks/outputs/evaluation_E1_E9_internal_heldout_OOD_kshot/_support_splits/seed_2027/0238/K20_repeat2027.csv,300,0.001,0.0001
18.99382272362709,10.671615600585938,31.339782070523594,11.534532947205365,480,0.9359528573973869,0.9577086984713533,480,E1,M0 no PolyOmics × R0 device encoder + single head,M0-R0,1,M0_no_aux,R0_device_single,single,True,False,2027,internal_heldout_repoRT_ood,0238,0238,100,2027,0,frozen_backbone_fresh_head_kshot,kshot_fresh_head_frozen_model,,mol_key,580,580,100,0,ORIGINAL_WORKSPACE/RepoRT_PolyOmics_9exp_weight_only_notebooks/outputs/E1/seed_2027/best_model.pt,best_model.pt,89,37.56212899024892,strict,ORIGINAL_WORKSPACE/RepoRT_PolyOmics_9exp_weight_only_notebooks/outputs/evaluation_E1_E9_internal_heldout_OOD_kshot/_support_splits/seed_2027/0238/K100_repeat2027.csv,300,0.001,0.0001
17.067702130267495,8.787474632263184,28.51260174408984,10.690648794360499,380,0.9476505520272402,0.9681036514436393,380,E1,M0 no PolyOmics × R0 device encoder + single head,M0-R0,1,M0_no_aux,R0_device_single,single,True,False,2027,internal_heldout_repoRT_ood,0238,0238,200,2027,0,frozen_backbone_fresh_head_kshot,kshot_fresh_head_frozen_model,,mol_key,580,580,200,0,ORIGINAL_WORKSPACE/RepoRT_PolyOmics_9exp_weight_only_notebooks/outputs/E1/seed_2027/best_model.pt,best_model.pt,89,37.56212899024892,strict,ORIGINAL_WORKSPACE/RepoRT_PolyOmics_9exp_weight_only_notebooks/outputs/evaluation_E1_E9_internal_heldout_OOD_kshot/_support_splits/seed_2027/0238/K200_repeat2027.csv,300,0.001,0.0001
40.860783606767654,12.809128761291504,89.86423962732265,18.668210285471527,96,0.9576215446822368,0.9628447371894644,96,E1,M0 no PolyOmics × R0 device encoder + single head,M0-R0,1,M0_no_aux,R0_device_single,single,True,False,2032,internal_heldout_repoRT_ood,0097,0097,0,-1,0,zero_shot_native_single,zero_shot,native_shared_single_head,mol_key,96,96,0,0,ORIGINAL_WORKSPACE/RepoRT_PolyOmics_9exp_weight_only_notebooks/outputs/E1/seed_2032/best_model.pt,best_model.pt,73,39.80591295096595,strict,,,,
94.61535003159072,54.65045928955078,135.1538355594026,119.16587746248075,91,0.9031285978449785,0.9671033224349324,91,E1,M0 no PolyOmics × R0 device encoder + single head,M0-R0,1,M0_no_aux,R0_device_single,single,True,False,2032,internal_heldout_repoRT_ood,0097,0097,5,2032,0,frozen_backbone_fresh_head_kshot,kshot_fresh_head_frozen_model,,mol_key,96,96,5,0,ORIGINAL_WORKSPACE/RepoRT_PolyOmics_9exp_weight_only_notebooks/outputs/E1/seed_2032/best_model.pt,best_model.pt,73,39.80591295096595,strict,ORIGINAL_WORKSPACE/RepoRT_PolyOmics_9exp_weight_only_notebooks/outputs/evaluation_E1_E9_internal_heldout_OOD_kshot/_support_splits/seed_2032/0097/K5_repeat2032.csv,300,0.001,0.0001
65.48817251857959,31.288390159606934,111.13491474373562,73.48571191882628,76,0.930228986194645,0.9610452160767037,76,E1,M0 no PolyOmics × R0 device encoder + single head,M0-R0,1,M0_no_aux,R0_device_single,single,True,False,2032,internal_heldout_repoRT_ood,0097,0097,20,2032,0,frozen_backbone_fresh_head_kshot,kshot_fresh_head_frozen_model,,mol_key,96,96,20,0,ORIGINAL_WORKSPACE/RepoRT_PolyOmics_9exp_weight_only_notebooks/outputs/E1/seed_2032/best_model.pt,best_model.pt,73,39.80591295096595,strict,ORIGINAL_WORKSPACE/RepoRT_PolyOmics_9exp_weight_only_notebooks/outputs/evaluation_E1_E9_internal_heldout_OOD_kshot/_support_splits/seed_2032/0097/K20_repeat2032.csv,300,0.001,0.0001
17.42405028178774,10.799503326416016,28.21245973883073,9.233509505853567,580,0.949969487012106,0.9695951588243,580,E1,M0 no PolyOmics × R0 device encoder + single head,M0-R0,1,M0_no_aux,R0_device_single,single,True,False,2032,internal_heldout_repoRT_ood,0238,0238,0,-1,0,zero_shot_native_single,zero_shot,native_shared_single_head,mol_key,580,580,0,0,ORIGINAL_WORKSPACE/RepoRT_PolyOmics_9exp_weight_only_notebooks/outputs/E1/seed_2032/best_model.pt,best_model.pt,73,39.80591295096595,strict,,,,
26.97941837310791,18.45677375793457,37.02171393355659,15.083915024808883,575,0.9140544210736435,0.9349957863877528,575,E1,M0 no PolyOmics × R0 device encoder + single head,M0-R0,1,M0_no_aux,R0_device_single,single,True,False,2032,internal_heldout_repoRT_ood,0238,0238,5,2032,0,frozen_backbone_fresh_head_kshot,kshot_fresh_head_frozen_model,,mol_key,580,580,5,0,ORIGINAL_WORKSPACE/RepoRT_PolyOmics_9exp_weight_only_notebooks/outputs/E1/seed_2032/best_model.pt,best_model.pt,73,39.80591295096595,strict,ORIGINAL_WORKSPACE/RepoRT_PolyOmics_9exp_weight_only_notebooks/outputs/evaluation_E1_E9_internal_heldout_OOD_kshot/_support_splits/seed_2032/0238/K5_repeat2032.csv,300,0.001,0.0001
31.479809990950994,22.956547737121582,43.9068057868979,21.487981212052574,560,0.8793226839083947,0.9290447622984441,560,E1,M0 no PolyOmics × R0 device encoder + single head,M0-R0,1,M0_no_aux,R0_device_single,single,True,False,2032,internal_heldout_repoRT_ood,0238,0238,20,2032,0,frozen_backbone_fresh_head_kshot,kshot_fresh_head_frozen_model,,mol_key,580,580,20,0,ORIGINAL_WORKSPACE/RepoRT_PolyOmics_9exp_weight_only_notebooks/outputs/E1/seed_2032/best_model.pt,best_model.pt,73,39.80591295096595,strict,ORIGINAL_WORKSPACE/RepoRT_PolyOmics_9exp_weight_only_notebooks/outputs/evaluation_E1_E9_internal_heldout_OOD_kshot/_support_splits/seed_2032/0238/K20_repeat2032.csv,300,0.001,0.0001
18.355170488357544,10.520453453063965,28.96525895505394,10.043054895201124,480,0.9451256343281205,0.9652385666236732,480,E1,M0 no PolyOmics × R0 device encoder + single head,M0-R0,1,M0_no_aux,R0_device_single,single,True,False,2032,internal_heldout_repoRT_ood,0238,0238,100,2032,0,frozen_backbone_fresh_head_kshot,kshot_fresh_head_frozen_model,,mol_key,580,580,100,0,ORIGINAL_WORKSPACE/RepoRT_PolyOmics_9exp_weight_only_notebooks/outputs/E1/seed_2032/best_model.pt,best_model.pt,73,39.80591295096595,strict,ORIGINAL_WORKSPACE/RepoRT_PolyOmics_9exp_weight_only_notebooks/outputs/evaluation_E1_E9_internal_heldout_OOD_kshot/_support_splits/seed_2032/0238/K100_repeat2032.csv,300,0.001,0.0001
19.988999454598677,12.368788719177246,31.56304839467442,12.60081456189016,380,0.9384478053070475,0.9614755741895309,380,E1,M0 no PolyOmics × R0 device encoder + single head,M0-R0,1,M0_no_aux,R0_device_single,single,True,False,2032,internal_heldout_repoRT_ood,0238,0238,200,2032,0,frozen_backbone_fresh_head_kshot,kshot_fresh_head_frozen_model,,mol_key,580,580,200,0,ORIGINAL_WORKSPACE/RepoRT_PolyOmics_9exp_weight_only_notebooks/outputs/E1/seed_2032/best_model.pt,best_model.pt,73,39.80591295096595,strict,ORIGINAL_WORKSPACE/RepoRT_PolyOmics_9exp_weight_only_notebooks/outputs/evaluation_E1_E9_internal_heldout_OOD_kshot/_support_splits/seed_2032/0238/K200_repeat2032.csv,300,0.001,0.0001
45.533142387866974,11.855134963989258,91.85084972387804,21.20132940431695,96,0.9557271301438406,0.9426216430380656,96,E1,M0 no PolyOmics × R0 device encoder + single head,M0-R0,1,M0_no_aux,R0_device_single,single,True,False,2034,internal_heldout_repoRT_ood,0097,0097,0,-1,0,zero_shot_native_single,zero_shot,native_shared_single_head,mol_key,96,96,0,0,ORIGINAL_WORKSPACE/RepoRT_PolyOmics_9exp_weight_only_notebooks/outputs/E1/seed_2034/best_model.pt,best_model.pt,88,39.33553103380651,strict,,,,
54.550035969241634,22.444725036621094,98.70968201284701,27.26059505873451,91,0.9468544600393999,0.9222172022824398,91,E1,M0 no PolyOmics × R0 device encoder + single head,M0-R0,1,M0_no_aux,R0_device_single,single,True,False,2034,internal_heldout_repoRT_ood,0097,0097,5,2034,0,frozen_backbone_fresh_head_kshot,kshot_fresh_head_frozen_model,,mol_key,96,96,5,0,ORIGINAL_WORKSPACE/RepoRT_PolyOmics_9exp_weight_only_notebooks/outputs/E1/seed_2034/best_model.pt,best_model.pt,88,39.33553103380651,strict,ORIGINAL_WORKSPACE/RepoRT_PolyOmics_9exp_weight_only_notebooks/outputs/evaluation_E1_E9_internal_heldout_OOD_kshot/_support_splits/seed_2034/0097/K5_repeat2034.csv,300,0.001,0.0001
43.761955185940394,18.44985008239746,89.51887446560157,34.360828395229085,76,0.9571220049569653,0.90926369112913,76,E1,M0 no PolyOmics × R0 device encoder + single head,M0-R0,1,M0_no_aux,R0_device_single,single,True,False,2034,internal_heldout_repoRT_ood,0097,0097,20,2034,0,frozen_backbone_fresh_head_kshot,kshot_fresh_head_frozen_model,,mol_key,96,96,20,0,ORIGINAL_WORKSPACE/RepoRT_PolyOmics_9exp_weight_only_notebooks/outputs/E1/seed_2034/best_model.pt,best_model.pt,88,39.33553103380651,strict,ORIGINAL_WORKSPACE/RepoRT_PolyOmics_9exp_weight_only_notebooks/outputs/evaluation_E1_E9_internal_heldout_OOD_kshot/_support_splits/seed_2034/0097/K20_repeat2034.csv,300,0.001,0.0001
17.27196871001145,9.626033306121826,29.36761747582507,9.329154419473069,580,0.9457886184081976,0.9681136797533085,580,E1,M0 no PolyOmics × R0 device encoder + single head,M0-R0,1,M0_no_aux,R0_device_single,single,True,False,2034,internal_heldout_repoRT_ood,0238,0238,0,-1,0,zero_shot_native_single,zero_shot,native_shared_single_head,mol_key,580,580,0,0,ORIGINAL_WORKSPACE/RepoRT_PolyOmics_9exp_weight_only_notebooks/outputs/E1/seed_2034/best_model.pt,best_model.pt,88,39.33553103380651,strict,,,,
73.50999263265858,69.04068946838379,94.09772903904444,31.807228283308632,575,0.4414590990793993,0.8915285977591205,575,E1,M0 no PolyOmics × R0 device encoder + single head,M0-R0,1,M0_no_aux,R0_device_single,single,True,False,2034,internal_heldout_repoRT_ood,0238,0238,5,2034,0,frozen_backbone_fresh_head_kshot,kshot_fresh_head_frozen_model,,mol_key,580,580,5,0,ORIGINAL_WORKSPACE/RepoRT_PolyOmics_9exp_weight_only_notebooks/outputs/E1/seed_2034/best_model.pt,best_model.pt,88,39.33553103380651,strict,ORIGINAL_WORKSPACE/RepoRT_PolyOmics_9exp_weight_only_notebooks/outputs/evaluation_E1_E9_internal_heldout_OOD_kshot/_support_splits/seed_2034/0238/K5_repeat2034.csv,300,0.001,0.0001
21.94468903541565,13.717854022979736,34.30453176542787,10.806244460989694,560,0.9262767880722808,0.9604158349198176,560,E1,M0 no PolyOmics × R0 device encoder + single head,M0-R0,1,M0_no_aux,R0_device_single,single,True,False,2034,internal_heldout_repoRT_ood,0238,0238,20,2034,0,frozen_backbone_fresh_head_kshot,kshot_fresh_head_frozen_model,,mol_key,580,580,20,0,ORIGINAL_WORKSPACE/RepoRT_PolyOmics_9exp_weight_only_notebooks/outputs/E1/seed_2034/best_model.pt,best_model.pt,88,39.33553103380651,strict,ORIGINAL_WORKSPACE/RepoRT_PolyOmics_9exp_weight_only_notebooks/outputs/evaluation_E1_E9_internal_heldout_OOD_kshot/_support_splits/seed_2034/0238/K20_repeat2034.csv,300,0.001,0.0001
26.721615463495255,20.28200626373291,36.740236702286985,20.715257951214802,480,0.9158880283942046,0.946016678733631,480,E1,M0 no PolyOmics × R0 device encoder + single head,M0-R0,1,M0_no_aux,R0_device_single,single,True,False,2034,internal_heldout_repoRT_ood,0238,0238,100,2034,0,frozen_backbone_fresh_head_kshot,kshot_fresh_head_frozen_model,,mol_key,580,580,100,0,ORIGINAL_WORKSPACE/RepoRT_PolyOmics_9exp_weight_only_notebooks/outputs/E1/seed_2034/best_model.pt,best_model.pt,88,39.33553103380651,strict,ORIGINAL_WORKSPACE/RepoRT_PolyOmics_9exp_weight_only_notebooks/outputs/evaluation_E1_E9_internal_heldout_OOD_kshot/_support_splits/seed_2034/0238/K100_repeat2034.csv,300,0.001,0.0001
18.092017537669133,11.144850254058838,27.630514788495322,11.449455375796285,380,0.9518005871098277,0.9672317978996462,380,E1,M0 no PolyOmics × R0 device encoder + single head,M0-R0,1,M0_no_aux,R0_device_single,single,True,False,2034,internal_heldout_repoRT_ood,0238,0238,200,2034,0,frozen_backbone_fresh_head_kshot,kshot_fresh_head_frozen_model,,mol_key,580,580,200,0,ORIGINAL_WORKSPACE/RepoRT_PolyOmics_9exp_weight_only_notebooks/outputs/E1/seed_2034/best_model.pt,best_model.pt,88,39.33553103380651,strict,ORIGINAL_WORKSPACE/RepoRT_PolyOmics_9exp_weight_only_notebooks/outputs/evaluation_E1_E9_internal_heldout_OOD_kshot/_support_splits/seed_2034/0238/K200_repeat2034.csv,300,0.001,0.0001
143.8090054690838,65.04462718963623,206.69305505343968,45.18946962047612,96,0.7758064685810722,0.9577787774054001,96,E2,M0 no PolyOmics × R1 device encoder + multitask heads,M0-R1,2,M0_no_aux,R1_device_multi,multi,True,False,2004,internal_heldout_repoRT_ood,0097,0097,0,-1,0,zero_shot_seen_head_mean_ensemble,zero_shot,seen_head_mean_ensemble,mol_key,96,96,0,0,ORIGINAL_WORKSPACE/RepoRT_PolyOmics_9exp_weight_only_notebooks/outputs/E2/seed_2004/best_model.pt,best_model.pt,75,36.320297699328954,strict,,,,
85.95840689900157,55.377159118652344,146.28922401660077,31.728446056872183,91,0.8897335923664805,0.9652603314113288,91,E2,M0 no PolyOmics × R1 device encoder + multitask heads,M0-R1,2,M0_no_aux,R1_device_multi,multi,True,False,2004,internal_heldout_repoRT_ood,0097,0097,5,2004,0,frozen_backbone_fresh_head_kshot,kshot_fresh_head_frozen_model,,mol_key,96,96,5,0,ORIGINAL_WORKSPACE/RepoRT_PolyOmics_9exp_weight_only_notebooks/outputs/E2/seed_2004/best_model.pt,best_model.pt,75,36.320297699328954,strict,ORIGINAL_WORKSPACE/RepoRT_PolyOmics_9exp_weight_only_notebooks/outputs/evaluation_E1_E9_internal_heldout_OOD_kshot/_support_splits/seed_2004/0097/K5_repeat2004.csv,300,0.001,0.0001
49.02308257002579,9.989118576049805,104.43215386054584,32.17893686308961,76,0.9443639985142867,0.9549353255028313,76,E2,M0 no PolyOmics × R1 device encoder + multitask heads,M0-R1,2,M0_no_aux,R1_device_multi,multi,True,False,2004,internal_heldout_repoRT_ood,0097,0097,20,2004,0,frozen_backbone_fresh_head_kshot,kshot_fresh_head_frozen_model,,mol_key,96,96,20,0,ORIGINAL_WORKSPACE/RepoRT_PolyOmics_9exp_weight_only_notebooks/outputs/E2/seed_2004/best_model.pt,best_model.pt,75,36.320297699328954,strict,ORIGINAL_WORKSPACE/RepoRT_PolyOmics_9exp_weight_only_notebooks/outputs/evaluation_E1_E9_internal_heldout_OOD_kshot/_support_splits/seed_2004/0097/K20_repeat2004.csv,300,0.001,0.0001
281.21463183698984,319.22013759613037,334.3299377065985,119.16126020495119,580,-6.025926126695741,0.964984267874179,580,E2,M0 no PolyOmics × R1 device encoder + multitask heads,M0-R1,2,M0_no_aux,R1_device_multi,multi,True,False,2004,internal_heldout_repoRT_ood,0238,0238,0,-1,0,zero_shot_seen_head_mean_ensemble,zero_shot,seen_head_mean_ensemble,mol_key,580,580,0,0,ORIGINAL_WORKSPACE/RepoRT_PolyOmics_9exp_weight_only_notebooks/outputs/E2/seed_2004/best_model.pt,best_model.pt,75,36.320297699328954,strict,,,,
42.3867780353712,29.530506134033203,59.48086211194378,22.35854017291831,575,0.7750257208721876,0.8394022152852796,575,E2,M0 no PolyOmics × R1 device encoder + multitask heads,M0-R1,2,M0_no_aux,R1_device_multi,multi,True,False,2004,internal_heldout_repoRT_ood,0238,0238,5,2004,0,frozen_backbone_fresh_head_kshot,kshot_fresh_head_frozen_model,,mol_key,580,580,5,0,ORIGINAL_WORKSPACE/RepoRT_PolyOmics_9exp_weight_only_notebooks/outputs/E2/seed_2004/best_model.pt,best_model.pt,75,36.320297699328954,strict,ORIGINAL_WORKSPACE/RepoRT_PolyOmics_9exp_weight_only_notebooks/outputs/evaluation_E1_E9_internal_heldout_OOD_kshot/_support_splits/seed_2004/0238/K5_repeat2004.csv,300,0.001,0.0001
22.79866256884166,13.626000881195068,36.8325286831819,12.586240369410136,560,0.9147414808025791,0.9598960161692061,560,E2,M0 no PolyOmics × R1 device encoder + multitask heads,M0-R1,2,M0_no_aux,R1_device_multi,multi,True,False,2004,internal_heldout_repoRT_ood,0238,0238,20,2004,0,frozen_backbone_fresh_head_kshot,kshot_fresh_head_frozen_model,,mol_key,580,580,20,0,ORIGINAL_WORKSPACE/RepoRT_PolyOmics_9exp_weight_only_notebooks/outputs/E2/seed_2004/best_model.pt,best_model.pt,75,36.320297699328954,strict,ORIGINAL_WORKSPACE/RepoRT_PolyOmics_9exp_weight_only_notebooks/outputs/evaluation_E1_E9_internal_heldout_OOD_kshot/_support_splits/seed_2004/0238/K20_repeat2004.csv,300,0.001,0.0001
23.55820322036743,12.7962327003479,41.08561691429368,13.415462933713684,480,0.8936067701757419,0.9393826315358039,480,E2,M0 no PolyOmics × R1 device encoder + multitask heads,M0-R1,2,M0_no_aux,R1_device_multi,multi,True,False,2004,internal_heldout_repoRT_ood,0238,0238,100,2004,0,frozen_backbone_fresh_head_kshot,kshot_fresh_head_frozen_model,,mol_key,580,580,100,0,ORIGINAL_WORKSPACE/RepoRT_PolyOmics_9exp_weight_only_notebooks/outputs/E2/seed_2004/best_model.pt,best_model.pt,75,36.320297699328954,strict,ORIGINAL_WORKSPACE/RepoRT_PolyOmics_9exp_weight_only_notebooks/outputs/evaluation_E1_E9_internal_heldout_OOD_kshot/_support_splits/seed_2004/0238/K100_repeat2004.csv,300,0.001,0.0001
18.722282710828278,10.606076717376709,30.12639358242496,11.190438808731548,380,0.9451787175165678,0.962982726651211,380,E2,M0 no PolyOmics × R1 device encoder + multitask heads,M0-R1,2,M0_no_aux,R1_device_multi,multi,True,False,2004,internal_heldout_repoRT_ood,0238,0238,200,2004,0,frozen_backbone_fresh_head_kshot,kshot_fresh_head_frozen_model,,mol_key,580,580,200,0,ORIGINAL_WORKSPACE/RepoRT_PolyOmics_9exp_weight_only_notebooks/outputs/E2/seed_2004/best_model.pt,best_model.pt,75,36.320297699328954,strict,ORIGINAL_WORKSPACE/RepoRT_PolyOmics_9exp_weight_only_notebooks/outputs/evaluation_E1_E9_internal_heldout_OOD_kshot/_support_splits/seed_2004/0238/K200_repeat2004.csv,300,0.001,0.0001
148.24006736278534,65.04878997802734,199.06378679862374,61.32550062197345,96,0.7920514793925114,0.9415962275857953,96,E2,M0 no PolyOmics × R1 device encoder + multitask heads,M0-R1,2,M0_no_aux,R1_device_multi,multi,True,False,2006,internal_heldout_repoRT_ood,0097,0097,0,-1,0,zero_shot_seen_head_mean_ensemble,zero_shot,seen_head_mean_ensemble,mol_key,96,96,0,0,ORIGINAL_WORKSPACE/RepoRT_PolyOmics_9exp_weight_only_notebooks/outputs/E2/seed_2006/best_model.pt,best_model.pt,77,31.31289301287404,strict,,,,
58.11926113380181,41.466522216796875,82.47037723407415,69.62375599347655,91,0.9636649184566192,0.9564166240989277,91,E2,M0 no PolyOmics × R1 device encoder + multitask heads,M0-R1,2,M0_no_aux,R1_device_multi,multi,True,False,2006,internal_heldout_repoRT_ood,0097,0097,5,2006,0,frozen_backbone_fresh_head_kshot,kshot_fresh_head_frozen_model,,mol_key,96,96,5,0,ORIGINAL_WORKSPACE/RepoRT_PolyOmics_9exp_weight_only_notebooks/outputs/E2/seed_2006/best_model.pt,best_model.pt,77,31.31289301287404,strict,ORIGINAL_WORKSPACE/RepoRT_PolyOmics_9exp_weight_only_notebooks/outputs/evaluation_E1_E9_internal_heldout_OOD_kshot/_support_splits/seed_2006/0097/K5_repeat2006.csv,300,0.001,0.0001
44.96979832649231,18.27627182006836,83.28365175603815,33.46752645402778,76,0.964331077414513,0.9345721554440996,76,E2,M0 no PolyOmics × R1 device encoder + multitask heads,M0-R1,2,M0_no_aux,R1_device_multi,multi,True,False,2006,internal_heldout_repoRT_ood,0097,0097,20,2006,0,frozen_backbone_fresh_head_kshot,kshot_fresh_head_frozen_model,,mol_key,96,96,20,0,ORIGINAL_WORKSPACE/RepoRT_PolyOmics_9exp_weight_only_notebooks/outputs/E2/seed_2006/best_model.pt,best_model.pt,77,31.31289301287404,strict,ORIGINAL_WORKSPACE/RepoRT_PolyOmics_9exp_weight_only_notebooks/outputs/evaluation_E1_E9_internal_heldout_OOD_kshot/_support_splits/seed_2006/0097/K20_repeat2006.csv,300,0.001,0.0001
303.73333148298593,332.4033737182617,356.78529867210415,134.59022971396936,580,-7.001417707199691,0.9652404010435116,580,E2,M0 no PolyOmics × R1 device encoder + multitask heads,M0-R1,2,M0_no_aux,R1_device_multi,multi,True,False,2006,internal_heldout_repoRT_ood,0238,0238,0,-1,0,zero_shot_seen_head_mean_ensemble,zero_shot,seen_head_mean_ensemble,mol_key,580,580,0,0,ORIGINAL_WORKSPACE/RepoRT_PolyOmics_9exp_weight_only_notebooks/outputs/E2/seed_2006/best_model.pt,best_model.pt,77,31.31289301287404,strict,,,,
60.55708470551864,30.966310501098633,91.69532617408427,103.13535419607854,575,0.4747518925426526,0.8134190769442472,575,E2,M0 no PolyOmics × R1 device encoder + multitask heads,M0-R1,2,M0_no_aux,R1_device_multi,multi,True,False,2006,internal_heldout_repoRT_ood,0238,0238,5,2006,0,frozen_backbone_fresh_head_kshot,kshot_fresh_head_frozen_model,,mol_key,580,580,5,0,ORIGINAL_WORKSPACE/RepoRT_PolyOmics_9exp_weight_only_notebooks/outputs/E2/seed_2006/best_model.pt,best_model.pt,77,31.31289301287404,strict,ORIGINAL_WORKSPACE/RepoRT_PolyOmics_9exp_weight_only_notebooks/outputs/evaluation_E1_E9_internal_heldout_OOD_kshot/_support_splits/seed_2006/0238/K5_repeat2006.csv,300,0.001,0.0001
41.59407088586262,31.25579595565796,58.4235722099422,43.21497216915014,560,0.7863216718054771,0.9134635603797769,560,E2,M0 no PolyOmics × R1 device encoder + multitask heads,M0-R1,2,M0_no_aux,R1_device_multi,multi,True,False,2006,internal_heldout_repoRT_ood,0238,0238,20,2006,0,frozen_backbone_fresh_head_kshot,kshot_fresh_head_frozen_model,,mol_key,580,580,20,0,ORIGINAL_WORKSPACE/RepoRT_PolyOmics_9exp_weight_only_notebooks/outputs/E2/seed_2006/best_model.pt,best_model.pt,77,31.31289301287404,strict,ORIGINAL_WORKSPACE/RepoRT_PolyOmics_9exp_weight_only_notebooks/outputs/evaluation_E1_E9_internal_heldout_OOD_kshot/_support_splits/seed_2006/0238/K20_repeat2006.csv,300,0.001,0.0001
20.96549043059349,12.770776748657227,33.26349739542801,11.44412244786414,480,0.9296944840625981,0.9557015963904106,480,E2,M0 no PolyOmics × R1 device encoder + multitask heads,M0-R1,2,M0_no_aux,R1_device_multi,multi,True,False,2006,internal_heldout_repoRT_ood,0238,0238,100,2006,0,frozen_backbone_fresh_head_kshot,kshot_fresh_head_frozen_model,,mol_key,580,580,100,0,ORIGINAL_WORKSPACE/RepoRT_PolyOmics_9exp_weight_only_notebooks/outputs/E2/seed_2006/best_model.pt,best_model.pt,77,31.31289301287404,strict,ORIGINAL_WORKSPACE/RepoRT_PolyOmics_9exp_weight_only_notebooks/outputs/evaluation_E1_E9_internal_heldout_OOD_kshot/_support_splits/seed_2006/0238/K100_repeat2006.csv,300,0.001,0.0001
16.750751005975825,8.868663311004639,28.621952490137605,9.978881057821289,380,0.9455951500121804,0.9666634628325269,380,E2,M0 no PolyOmics × R1 device encoder + multitask heads,M0-R1,2,M0_no_aux,R1_device_multi,multi,True,False,2006,internal_heldout_repoRT_ood,0238,0238,200,2006,0,frozen_backbone_fresh_head_kshot,kshot_fresh_head_frozen_model,,mol_key,580,580,200,0,ORIGINAL_WORKSPACE/RepoRT_PolyOmics_9exp_weight_only_notebooks/outputs/E2/seed_2006/best_model.pt,best_model.pt,77,31.31289301287404,strict,ORIGINAL_WORKSPACE/RepoRT_PolyOmics_9exp_weight_only_notebooks/outputs/evaluation_E1_E9_internal_heldout_OOD_kshot/_support_splits/seed_2006/0238/K200_repeat2006.csv,300,0.001,0.0001
148.51532638072968,50.04580020904541,211.02950764258065,47.77302191740567,96,0.766300552705914,0.9289652822796832,96,E2,M0 no PolyOmics × R1 device encoder + multitask heads,M0-R1,2,M0_no_aux,R1_device_multi,multi,True,False,2011,internal_heldout_repoRT_ood,0097,0097,0,-1,0,zero_shot_seen_head_mean_ensemble,zero_shot,seen_head_mean_ensemble,mol_key,96,96,0,0,ORIGINAL_WORKSPACE/RepoRT_PolyOmics_9exp_weight_only_notebooks/outputs/E2/seed_2011/best_model.pt,best_model.pt,42,37.90718845275059,strict,,,,
72.6386845766843,48.424086570739746,114.91541556490412,30.395522081322518,91,0.9314640339592545,0.9419631845288919,91,E2,M0 no PolyOmics × R1 device encoder + multitask heads,M0-R1,2,M0_no_aux,R1_device_multi,multi,True,False,2011,internal_heldout_repoRT_ood,0097,0097,5,2011,0,frozen_backbone_fresh_head_kshot,kshot_fresh_head_frozen_model,,mol_key,96,96,5,0,ORIGINAL_WORKSPACE/RepoRT_PolyOmics_9exp_weight_only_notebooks/outputs/E2/seed_2011/best_model.pt,best_model.pt,42,37.90718845275059,strict,ORIGINAL_WORKSPACE/RepoRT_PolyOmics_9exp_weight_only_notebooks/outputs/evaluation_E1_E9_internal_heldout_OOD_kshot/_support_splits/seed_2011/0097/K5_repeat2011.csv,300,0.001,0.0001
84.03171169130425,33.26300382614136,151.1746252502978,45.89287078290003,76,0.8786198119511089,0.8391816168850985,76,E2,M0 no PolyOmics × R1 device encoder + multitask heads,M0-R1,2,M0_no_aux,R1_device_multi,multi,True,False,2011,internal_heldout_repoRT_ood,0097,0097,20,2011,0,frozen_backbone_fresh_head_kshot,kshot_fresh_head_frozen_model,,mol_key,96,96,20,0,ORIGINAL_WORKSPACE/RepoRT_PolyOmics_9exp_weight_only_notebooks/outputs/E2/seed_2011/best_model.pt,best_model.pt,42,37.90718845275059,strict,ORIGINAL_WORKSPACE/RepoRT_PolyOmics_9exp_weight_only_notebooks/outputs/evaluation_E1_E9_internal_heldout_OOD_kshot/_support_splits/seed_2011/0097/K20_repeat2011.csv,300,0.001,0.0001
293.3119386311235,312.47323751449585,350.6855353607775,122.62669857104187,580,-6.73016476901369,0.9561338665716972,580,E2,M0 no PolyOmics × R1 device encoder + multitask heads,M0-R1,2,M0_no_aux,R1_device_multi,multi,True,False,2011,internal_heldout_repoRT_ood,0238,0238,0,-1,0,zero_shot_seen_head_mean_ensemble,zero_shot,seen_head_mean_ensemble,mol_key,580,580,0,0,ORIGINAL_WORKSPACE/RepoRT_PolyOmics_9exp_weight_only_notebooks/outputs/E2/seed_2011/best_model.pt,best_model.pt,42,37.90718845275059,strict,,,,
30.539218040134596,22.009835243225098,43.26360521891121,14.90909729132109,575,0.8825816953754785,0.9535276790456374,575,E2,M0 no PolyOmics × R1 device encoder + multitask heads,M0-R1,2,M0_no_aux,R1_device_multi,multi,True,False,2011,internal_heldout_repoRT_ood,0238,0238,5,2011,0,frozen_backbone_fresh_head_kshot,kshot_fresh_head_frozen_model,,mol_key,580,580,5,0,ORIGINAL_WORKSPACE/RepoRT_PolyOmics_9exp_weight_only_notebooks/outputs/E2/seed_2011/best_model.pt,best_model.pt,42,37.90718845275059,strict,ORIGINAL_WORKSPACE/RepoRT_PolyOmics_9exp_weight_only_notebooks/outputs/evaluation_E1_E9_internal_heldout_OOD_kshot/_support_splits/seed_2011/0238/K5_repeat2011.csv,300,0.001,0.0001
23.34717615161623,15.665338039398193,35.023018069486426,12.696797709198263,560,0.9230527940691774,0.951899106943465,560,E2,M0 no PolyOmics × R1 device encoder + multitask heads,M0-R1,2,M0_no_aux,R1_device_multi,multi,True,False,2011,internal_heldout_repoRT_ood,0238,0238,20,2011,0,frozen_backbone_fresh_head_kshot,kshot_fresh_head_frozen_model,,mol_key,580,580,20,0,ORIGINAL_WORKSPACE/RepoRT_PolyOmics_9exp_weight_only_notebooks/outputs/E2/seed_2011/best_model.pt,best_model.pt,42,37.90718845275059,strict,ORIGINAL_WORKSPACE/RepoRT_PolyOmics_9exp_weight_only_notebooks/outputs/evaluation_E1_E9_internal_heldout_OOD_kshot/_support_splits/seed_2011/0238/K20_repeat2011.csv,300,0.001,0.0001
22.127642273902893,13.503069877624512,33.91267839193648,11.094491780883548,480,0.9278387029101082,0.9578642899376467,480,E2,M0 no PolyOmics × R1 device encoder + multitask heads,M0-R1,2,M0_no_aux,R1_device_multi,multi,True,False,2011,internal_heldout_repoRT_ood,0238,0238,100,2011,0,frozen_backbone_fresh_head_kshot,kshot_fresh_head_frozen_model,,mol_key,580,580,100,0,ORIGINAL_WORKSPACE/RepoRT_PolyOmics_9exp_weight_only_notebooks/outputs/E2/seed_2011/best_model.pt,best_model.pt,42,37.90718845275059,strict,ORIGINAL_WORKSPACE/RepoRT_PolyOmics_9exp_weight_only_notebooks/outputs/evaluation_E1_E9_internal_heldout_OOD_kshot/_support_splits/seed_2011/0238/K100_repeat2011.csv,300,0.001,0.0001
19.474936836644222,11.628234386444092,30.055765412064623,11.808972768900288,380,0.9425276133344442,0.9616563107043373,380,E2,M0 no PolyOmics × R1 device encoder + multitask heads,M0-R1,2,M0_no_aux,R1_device_multi,multi,True,False,2011,internal_heldout_repoRT_ood,0238,0238,200,2011,0,frozen_backbone_fresh_head_kshot,kshot_fresh_head_frozen_model,,mol_key,580,580,200,0,ORIGINAL_WORKSPACE/RepoRT_PolyOmics_9exp_weight_only_notebooks/outputs/E2/seed_2011/best_model.pt,best_model.pt,42,37.90718845275059,strict,ORIGINAL_WORKSPACE/RepoRT_PolyOmics_9exp_weight_only_notebooks/outputs/evaluation_E1_E9_internal_heldout_OOD_kshot/_support_splits/seed_2011/0238/K200_repeat2011.csv,300,0.001,0.0001
157.102882117033,60.72222948074341,218.1860570195848,53.22393361563039,96,0.7501810967771448,0.9302012134870554,96,E2,M0 no PolyOmics × R1 device encoder + multitask heads,M0-R1,2,M0_no_aux,R1_device_multi,multi,True,False,2012,internal_heldout_repoRT_ood,0097,0097,0,-1,0,zero_shot_seen_head_mean_ensemble,zero_shot,seen_head_mean_ensemble,mol_key,96,96,0,0,ORIGINAL_WORKSPACE/RepoRT_PolyOmics_9exp_weight_only_notebooks/outputs/E2/seed_2012/best_model.pt,best_model.pt,80,33.3792540231989,strict,,,,
80.29694017473157,46.60697937011719,133.2898335960132,50.684926715385274,91,0.9070400246834308,0.9263836623308443,91,E2,M0 no PolyOmics × R1 device encoder + multitask heads,M0-R1,2,M0_no_aux,R1_device_multi,multi,True,False,2012,internal_heldout_repoRT_ood,0097,0097,5,2012,0,frozen_backbone_fresh_head_kshot,kshot_fresh_head_frozen_model,,mol_key,96,96,5,0,ORIGINAL_WORKSPACE/RepoRT_PolyOmics_9exp_weight_only_notebooks/outputs/E2/seed_2012/best_model.pt,best_model.pt,80,33.3792540231989,strict,ORIGINAL_WORKSPACE/RepoRT_PolyOmics_9exp_weight_only_notebooks/outputs/evaluation_E1_E9_internal_heldout_OOD_kshot/_support_splits/seed_2012/0097/K5_repeat2012.csv,300,0.001,0.0001
120.51297350933677,61.24297857284546,199.20028785092936,27.700402269889373,76,0.7979527632939827,0.8811887396158473,76,E2,M0 no PolyOmics × R1 device encoder + multitask heads,M0-R1,2,M0_no_aux,R1_device_multi,multi,True,False,2012,internal_heldout_repoRT_ood,0097,0097,20,2012,0,frozen_backbone_fresh_head_kshot,kshot_fresh_head_frozen_model,,mol_key,96,96,20,0,ORIGINAL_WORKSPACE/RepoRT_PolyOmics_9exp_weight_only_notebooks/outputs/E2/seed_2012/best_model.pt,best_model.pt,80,33.3792540231989,strict,ORIGINAL_WORKSPACE/RepoRT_PolyOmics_9exp_weight_only_notebooks/outputs/evaluation_E1_E9_internal_heldout_OOD_kshot/_support_splits/seed_2012/0097/K20_repeat2012.csv,300,0.001,0.0001
298.1608811246938,342.3305368423462,349.64540626883246,131.4940854523123,580,-6.684377602543274,0.9667596432401027,580,E2,M0 no PolyOmics × R1 device encoder + multitask heads,M0-R1,2,M0_no_aux,R1_device_multi,multi,True,False,2012,internal_heldout_repoRT_ood,0238,0238,0,-1,0,zero_shot_seen_head_mean_ensemble,zero_shot,seen_head_mean_ensemble,mol_key,580,580,0,0,ORIGINAL_WORKSPACE/RepoRT_PolyOmics_9exp_weight_only_notebooks/outputs/E2/seed_2012/best_model.pt,best_model.pt,80,33.3792540231989,strict,,,,
46.40872117747431,42.40140438079834,55.95302915215837,54.01409130673779,575,0.8031125683055491,0.9308966969267202,575,E2,M0 no PolyOmics × R1 device encoder + multitask heads,M0-R1,2,M0_no_aux,R1_device_multi,multi,True,False,2012,internal_heldout_repoRT_ood,0238,0238,5,2012,0,frozen_backbone_fresh_head_kshot,kshot_fresh_head_frozen_model,,mol_key,580,580,5,0,ORIGINAL_WORKSPACE/RepoRT_PolyOmics_9exp_weight_only_notebooks/outputs/E2/seed_2012/best_model.pt,best_model.pt,80,33.3792540231989,strict,ORIGINAL_WORKSPACE/RepoRT_PolyOmics_9exp_weight_only_notebooks/outputs/evaluation_E1_E9_internal_heldout_OOD_kshot/_support_splits/seed_2012/0238/K5_repeat2012.csv,300,0.001,0.0001
27.669094792434148,18.197708129882812,40.080453088018636,18.279525992638856,560,0.8996685383563585,0.9310804270748877,560,E2,M0 no PolyOmics × R1 device encoder + multitask heads,M0-R1,2,M0_no_aux,R1_device_multi,multi,True,False,2012,internal_heldout_repoRT_ood,0238,0238,20,2012,0,frozen_backbone_fresh_head_kshot,kshot_fresh_head_frozen_model,,mol_key,580,580,20,0,ORIGINAL_WORKSPACE/RepoRT_PolyOmics_9exp_weight_only_notebooks/outputs/E2/seed_2012/best_model.pt,best_model.pt,80,33.3792540231989,strict,ORIGINAL_WORKSPACE/RepoRT_PolyOmics_9exp_weight_only_notebooks/outputs/evaluation_E1_E9_internal_heldout_OOD_kshot/_support_splits/seed_2012/0238/K20_repeat2012.csv,300,0.001,0.0001
22.965827077627182,12.870361804962158,37.567872280784904,14.013927428885237,480,0.9126667336407029,0.9519138169636396,480,E2,M0 no PolyOmics × R1 device encoder + multitask heads,M0-R1,2,M0_no_aux,R1_device_multi,multi,True,False,2012,internal_heldout_repoRT_ood,0238,0238,100,2012,0,frozen_backbone_fresh_head_kshot,kshot_fresh_head_frozen_model,,mol_key,580,580,100,0,ORIGINAL_WORKSPACE/RepoRT_PolyOmics_9exp_weight_only_notebooks/outputs/E2/seed_2012/best_model.pt,best_model.pt,80,33.3792540231989,strict,ORIGINAL_WORKSPACE/RepoRT_PolyOmics_9exp_weight_only_notebooks/outputs/evaluation_E1_E9_internal_heldout_OOD_kshot/_support_splits/seed_2012/0238/K100_repeat2012.csv,300,0.001,0.0001
18.787663409584447,9.265952110290527,32.758127215596915,10.986264302715142,380,0.933616831683753,0.9610495442748263,380,E2,M0 no PolyOmics × R1 device encoder + multitask heads,M0-R1,2,M0_no_aux,R1_device_multi,multi,True,False,2012,internal_heldout_repoRT_ood,0238,0238,200,2012,0,frozen_backbone_fresh_head_kshot,kshot_fresh_head_frozen_model,,mol_key,580,580,200,0,ORIGINAL_WORKSPACE/RepoRT_PolyOmics_9exp_weight_only_notebooks/outputs/E2/seed_2012/best_model.pt,best_model.pt,80,33.3792540231989,strict,ORIGINAL_WORKSPACE/RepoRT_PolyOmics_9exp_weight_only_notebooks/outputs/evaluation_E1_E9_internal_heldout_OOD_kshot/_support_splits/seed_2012/0238/K200_repeat2012.csv,300,0.001,0.0001
151.47787019610405,102.89345026016235,207.77875981611157,56.747087496645335,96,0.7734450187550912,0.9470832188800633,96,E2,M0 no PolyOmics × R1 device encoder + multitask heads,M0-R1,2,M0_no_aux,R1_device_multi,multi,True,False,2016,internal_heldout_repoRT_ood,0097,0097,0,-1,0,zero_shot_seen_head_mean_ensemble,zero_shot,seen_head_mean_ensemble,mol_key,96,96,0,0,ORIGINAL_WORKSPACE/RepoRT_PolyOmics_9exp_weight_only_notebooks/outputs/E2/seed_2016/best_model.pt,best_model.pt,81,32.89401778577769,strict,,,,
106.83060651297097,45.8349609375,179.19694541148635,74.55685777174587,91,0.8324143300885964,0.9424857920011752,91,E2,M0 no PolyOmics × R1 device encoder + multitask heads,M0-R1,2,M0_no_aux,R1_device_multi,multi,True,False,2016,internal_heldout_repoRT_ood,0097,0097,5,2016,0,frozen_backbone_fresh_head_kshot,kshot_fresh_head_frozen_model,,mol_key,96,96,5,0,ORIGINAL_WORKSPACE/RepoRT_PolyOmics_9exp_weight_only_notebooks/outputs/E2/seed_2016/best_model.pt,best_model.pt,81,32.89401778577769,strict,ORIGINAL_WORKSPACE/RepoRT_PolyOmics_9exp_weight_only_notebooks/outputs/evaluation_E1_E9_internal_heldout_OOD_kshot/_support_splits/seed_2016/0097/K5_repeat2016.csv,300,0.001,0.0001
59.092773387306615,18.00893783569336,107.17372400454192,39.71961958976324,76,0.9432644939034981,0.9205515322343143,76,E2,M0 no PolyOmics × R1 device encoder + multitask heads,M0-R1,2,M0_no_aux,R1_device_multi,multi,True,False,2016,internal_heldout_repoRT_ood,0097,0097,20,2016,0,frozen_backbone_fresh_head_kshot,kshot_fresh_head_frozen_model,,mol_key,96,96,20,0,ORIGINAL_WORKSPACE/RepoRT_PolyOmics_9exp_weight_only_notebooks/outputs/E2/seed_2016/best_model.pt,best_model.pt,81,32.89401778577769,strict,ORIGINAL_WORKSPACE/RepoRT_PolyOmics_9exp_weight_only_notebooks/outputs/evaluation_E1_E9_internal_heldout_OOD_kshot/_support_splits/seed_2016/0097/K20_repeat2016.csv,300,0.001,0.0001
296.8996786002455,328.00384998321533,350.74350329170994,130.58183047756123,580,-6.732720588504322,0.9562035164179473,580,E2,M0 no PolyOmics × R1 device encoder + multitask heads,M0-R1,2,M0_no_aux,R1_device_multi,multi,True,False,2016,internal_heldout_repoRT_ood,0238,0238,0,-1,0,zero_shot_seen_head_mean_ensemble,zero_shot,seen_head_mean_ensemble,mol_key,580,580,0,0,ORIGINAL_WORKSPACE/RepoRT_PolyOmics_9exp_weight_only_notebooks/outputs/E2/seed_2016/best_model.pt,best_model.pt,81,32.89401778577769,strict,,,,
51.21364002227783,30.71242332458496,74.26504872405557,20.39231369785317,575,0.6521032237833153,0.9564801587589538,575,E2,M0 no PolyOmics × R1 device encoder + multitask heads,M0-R1,2,M0_no_aux,R1_device_multi,multi,True,False,2016,internal_heldout_repoRT_ood,0238,0238,5,2016,0,frozen_backbone_fresh_head_kshot,kshot_fresh_head_frozen_model,,mol_key,580,580,5,0,ORIGINAL_WORKSPACE/RepoRT_PolyOmics_9exp_weight_only_notebooks/outputs/E2/seed_2016/best_model.pt,best_model.pt,81,32.89401778577769,strict,ORIGINAL_WORKSPACE/RepoRT_PolyOmics_9exp_weight_only_notebooks/outputs/evaluation_E1_E9_internal_heldout_OOD_kshot/_support_splits/seed_2016/0238/K5_repeat2016.csv,300,0.001,0.0001
35.409454899174825,22.649402618408203,52.37655884403825,16.998349189029184,560,0.8263808267026747,0.9281455386482252,560,E2,M0 no PolyOmics × R1 device encoder + multitask heads,M0-R1,2,M0_no_aux,R1_device_multi,multi,True,False,2016,internal_heldout_repoRT_ood,0238,0238,20,2016,0,frozen_backbone_fresh_head_kshot,kshot_fresh_head_frozen_model,,mol_key,580,580,20,0,ORIGINAL_WORKSPACE/RepoRT_PolyOmics_9exp_weight_only_notebooks/outputs/E2/seed_2016/best_model.pt,best_model.pt,81,32.89401778577769,strict,ORIGINAL_WORKSPACE/RepoRT_PolyOmics_9exp_weight_only_notebooks/outputs/evaluation_E1_E9_internal_heldout_OOD_kshot/_support_splits/seed_2016/0238/K20_repeat2016.csv,300,0.001,0.0001
19.01510399580002,9.895648956298828,33.121549616682934,11.068460889646518,480,0.9304865227305904,0.9565894756818728,480,E2,M0 no PolyOmics × R1 device encoder + multitask heads,M0-R1,2,M0_no_aux,R1_device_multi,multi,True,False,2016,internal_heldout_repoRT_ood,0238,0238,100,2016,0,frozen_backbone_fresh_head_kshot,kshot_fresh_head_frozen_model,,mol_key,580,580,100,0,ORIGINAL_WORKSPACE/RepoRT_PolyOmics_9exp_weight_only_notebooks/outputs/E2/seed_2016/best_model.pt,best_model.pt,81,32.89401778577769,strict,ORIGINAL_WORKSPACE/RepoRT_PolyOmics_9exp_weight_only_notebooks/outputs/evaluation_E1_E9_internal_heldout_OOD_kshot/_support_splits/seed_2016/0238/K100_repeat2016.csv,300,0.001,0.0001
21.056680026807282,11.962716579437256,37.79596123324095,16.253811406226507,380,0.9101014813384842,0.955309364743863,380,E2,M0 no PolyOmics × R1 device encoder + multitask heads,M0-R1,2,M0_no_aux,R1_device_multi,multi,True,False,2016,internal_heldout_repoRT_ood,0238,0238,200,2016,0,frozen_backbone_fresh_head_kshot,kshot_fresh_head_frozen_model,,mol_key,580,580,200,0,ORIGINAL_WORKSPACE/RepoRT_PolyOmics_9exp_weight_only_notebooks/outputs/E2/seed_2016/best_model.pt,best_model.pt,81,32.89401778577769,strict,ORIGINAL_WORKSPACE/RepoRT_PolyOmics_9exp_weight_only_notebooks/outputs/evaluation_E1_E9_internal_heldout_OOD_kshot/_support_splits/seed_2016/0238/K200_repeat2016.csv,300,0.001,0.0001
156.17413878440857,83.91549825668335,212.95844265888792,62.74954554161408,96,0.7620087134936032,0.9115535920835159,96,E2,M0 no PolyOmics × R1 device encoder + multitask heads,M0-R1,2,M0_no_aux,R1_device_multi,multi,True,False,2020,internal_heldout_repoRT_ood,0097,0097,0,-1,0,zero_shot_seen_head_mean_ensemble,zero_shot,seen_head_mean_ensemble,mol_key,96,96,0,0,ORIGINAL_WORKSPACE/RepoRT_PolyOmics_9exp_weight_only_notebooks/outputs/E2/seed_2020/best_model.pt,best_model.pt,68,38.14464120483905,strict,,,,
67.44000073317643,18.4116268157959,125.66616922549079,31.330253254147998,91,0.9179141699387311,0.9189299498846831,91,E2,M0 no PolyOmics × R1 device encoder + multitask heads,M0-R1,2,M0_no_aux,R1_device_multi,multi,True,False,2020,internal_heldout_repoRT_ood,0097,0097,5,2020,0,frozen_backbone_fresh_head_kshot,kshot_fresh_head_frozen_model,,mol_key,96,96,5,0,ORIGINAL_WORKSPACE/RepoRT_PolyOmics_9exp_weight_only_notebooks/outputs/E2/seed_2020/best_model.pt,best_model.pt,68,38.14464120483905,strict,ORIGINAL_WORKSPACE/RepoRT_PolyOmics_9exp_weight_only_notebooks/outputs/evaluation_E1_E9_internal_heldout_OOD_kshot/_support_splits/seed_2020/0097/K5_repeat2020.csv,300,0.001,0.0001
46.553052852028294,12.374267578125,97.42176896884673,24.4169955462651,76,0.9460969583132806,0.8833523325397235,76,E2,M0 no PolyOmics × R1 device encoder + multitask heads,M0-R1,2,M0_no_aux,R1_device_multi,multi,True,False,2020,internal_heldout_repoRT_ood,0097,0097,20,2020,0,frozen_backbone_fresh_head_kshot,kshot_fresh_head_frozen_model,,mol_key,96,96,20,0,ORIGINAL_WORKSPACE/RepoRT_PolyOmics_9exp_weight_only_notebooks/outputs/E2/seed_2020/best_model.pt,best_model.pt,68,38.14464120483905,strict,ORIGINAL_WORKSPACE/RepoRT_PolyOmics_9exp_weight_only_notebooks/outputs/evaluation_E1_E9_internal_heldout_OOD_kshot/_support_splits/seed_2020/0097/K20_repeat2020.csv,300,0.001,0.0001
272.62766191055033,305.2503776550293,319.83775882007313,125.33003884817222,580,-5.43002292212894,0.9557499668575057,580,E2,M0 no PolyOmics × R1 device encoder + multitask heads,M0-R1,2,M0_no_aux,R1_device_multi,multi,True,False,2020,internal_heldout_repoRT_ood,0238,0238,0,-1,0,zero_shot_seen_head_mean_ensemble,zero_shot,seen_head_mean_ensemble,mol_key,580,580,0,0,ORIGINAL_WORKSPACE/RepoRT_PolyOmics_9exp_weight_only_notebooks/outputs/E2/seed_2020/best_model.pt,best_model.pt,68,38.14464120483905,strict,,,,
28.292065952135168,20.299043655395508,41.09841492638075,19.522725317771535,575,0.8942271608103216,0.9525673323355182,575,E2,M0 no PolyOmics × R1 device encoder + multitask heads,M0-R1,2,M0_no_aux,R1_device_multi,multi,True,False,2020,internal_heldout_repoRT_ood,0238,0238,5,2020,0,frozen_backbone_fresh_head_kshot,kshot_fresh_head_frozen_model,,mol_key,580,580,5,0,ORIGINAL_WORKSPACE/RepoRT_PolyOmics_9exp_weight_only_notebooks/outputs/E2/seed_2020/best_model.pt,best_model.pt,68,38.14464120483905,strict,ORIGINAL_WORKSPACE/RepoRT_PolyOmics_9exp_weight_only_notebooks/outputs/evaluation_E1_E9_internal_heldout_OOD_kshot/_support_splits/seed_2020/0238/K5_repeat2020.csv,300,0.001,0.0001
41.39723656858717,28.574252128601074,58.510442700094075,32.93498882293059,560,0.7843268936556287,0.8792516331401732,560,E2,M0 no PolyOmics × R1 device encoder + multitask heads,M0-R1,2,M0_no_aux,R1_device_multi,multi,True,False,2020,internal_heldout_repoRT_ood,0238,0238,20,2020,0,frozen_backbone_fresh_head_kshot,kshot_fresh_head_frozen_model,,mol_key,580,580,20,0,ORIGINAL_WORKSPACE/RepoRT_PolyOmics_9exp_weight_only_notebooks/outputs/E2/seed_2020/best_model.pt,best_model.pt,68,38.14464120483905,strict,ORIGINAL_WORKSPACE/RepoRT_PolyOmics_9exp_weight_only_notebooks/outputs/evaluation_E1_E9_internal_heldout_OOD_kshot/_support_splits/seed_2020/0238/K20_repeat2020.csv,300,0.001,0.0001
25.96845841407776,15.448637008666992,39.79851741897777,14.630716212768535,480,0.899396640431173,0.9403891390655483,480,E2,M0 no PolyOmics × R1 device encoder + multitask heads,M0-R1,2,M0_no_aux,R1_device_multi,multi,True,False,2020,internal_heldout_repoRT_ood,0238,0238,100,2020,0,frozen_backbone_fresh_head_kshot,kshot_fresh_head_frozen_model,,mol_key,580,580,100,0,ORIGINAL_WORKSPACE/RepoRT_PolyOmics_9exp_weight_only_notebooks/outputs/E2/seed_2020/best_model.pt,best_model.pt,68,38.14464120483905,strict,ORIGINAL_WORKSPACE/RepoRT_PolyOmics_9exp_weight_only_notebooks/outputs/evaluation_E1_E9_internal_heldout_OOD_kshot/_support_splits/seed_2020/0238/K100_repeat2020.csv,300,0.001,0.0001
22.45880439406947,13.793878555297852,35.55805185715857,15.753612844918832,380,0.9200959005031499,0.9548130074701964,380,E2,M0 no PolyOmics × R1 device encoder + multitask heads,M0-R1,2,M0_no_aux,R1_device_multi,multi,True,False,2020,internal_heldout_repoRT_ood,0238,0238,200,2020,0,frozen_backbone_fresh_head_kshot,kshot_fresh_head_frozen_model,,mol_key,580,580,200,0,ORIGINAL_WORKSPACE/RepoRT_PolyOmics_9exp_weight_only_notebooks/outputs/E2/seed_2020/best_model.pt,best_model.pt,68,38.14464120483905,strict,ORIGINAL_WORKSPACE/RepoRT_PolyOmics_9exp_weight_only_notebooks/outputs/evaluation_E1_E9_internal_heldout_OOD_kshot/_support_splits/seed_2020/0238/K200_repeat2020.csv,300,0.001,0.0001
158.69779735803604,75.54485321044922,217.79567691399902,51.0312073827687,96,0.7510742508586121,0.9276546519334038,96,E2,M0 no PolyOmics × R1 device encoder + multitask heads,M0-R1,2,M0_no_aux,R1_device_multi,multi,True,False,2022,internal_heldout_repoRT_ood,0097,0097,0,-1,0,zero_shot_seen_head_mean_ensemble,zero_shot,seen_head_mean_ensemble,mol_key,96,96,0,0,ORIGINAL_WORKSPACE/RepoRT_PolyOmics_9exp_weight_only_notebooks/outputs/E2/seed_2022/best_model.pt,best_model.pt,46,39.93209546506801,strict,,,,
248.13886721055587,116.34272575378418,355.7253428856184,36.63828042315869,91,0.3436608303270319,0.9638124041254608,91,E2,M0 no PolyOmics × R1 device encoder + multitask heads,M0-R1,2,M0_no_aux,R1_device_multi,multi,True,False,2022,internal_heldout_repoRT_ood,0097,0097,5,2022,0,frozen_backbone_fresh_head_kshot,kshot_fresh_head_frozen_model,,mol_key,96,96,5,0,ORIGINAL_WORKSPACE/RepoRT_PolyOmics_9exp_weight_only_notebooks/outputs/E2/seed_2022/best_model.pt,best_model.pt,46,39.93209546506801,strict,ORIGINAL_WORKSPACE/RepoRT_PolyOmics_9exp_weight_only_notebooks/outputs/evaluation_E1_E9_internal_heldout_OOD_kshot/_support_splits/seed_2022/0097/K5_repeat2022.csv,300,0.001,0.0001
56.85235468964828,22.90121555328369,92.2411087999737,34.800043887688545,76,0.954498437414741,0.9150865720458403,76,E2,M0 no PolyOmics × R1 device encoder + multitask heads,M0-R1,2,M0_no_aux,R1_device_multi,multi,True,False,2022,internal_heldout_repoRT_ood,0097,0097,20,2022,0,frozen_backbone_fresh_head_kshot,kshot_fresh_head_frozen_model,,mol_key,96,96,20,0,ORIGINAL_WORKSPACE/RepoRT_PolyOmics_9exp_weight_only_notebooks/outputs/E2/seed_2022/best_model.pt,best_model.pt,46,39.93209546506801,strict,ORIGINAL_WORKSPACE/RepoRT_PolyOmics_9exp_weight_only_notebooks/outputs/evaluation_E1_E9_internal_heldout_OOD_kshot/_support_splits/seed_2022/0097/K20_repeat2022.csv,300,0.001,0.0001
259.65613608524717,275.4727506637573,311.69278167601095,110.71357012420799,580,-5.106699333441563,0.9636780119183344,580,E2,M0 no PolyOmics × R1 device encoder + multitask heads,M0-R1,2,M0_no_aux,R1_device_multi,multi,True,False,2022,internal_heldout_repoRT_ood,0238,0238,0,-1,0,zero_shot_seen_head_mean_ensemble,zero_shot,seen_head_mean_ensemble,mol_key,580,580,0,0,ORIGINAL_WORKSPACE/RepoRT_PolyOmics_9exp_weight_only_notebooks/outputs/E2/seed_2022/best_model.pt,best_model.pt,46,39.93209546506801,strict,,,,
62.09977363088856,51.00663185119629,78.32194423244427,85.82938926486085,575,0.6140736319951332,0.8300322527469985,575,E2,M0 no PolyOmics × R1 device encoder + multitask heads,M0-R1,2,M0_no_aux,R1_device_multi,multi,True,False,2022,internal_heldout_repoRT_ood,0238,0238,5,2022,0,frozen_backbone_fresh_head_kshot,kshot_fresh_head_frozen_model,,mol_key,580,580,5,0,ORIGINAL_WORKSPACE/RepoRT_PolyOmics_9exp_weight_only_notebooks/outputs/E2/seed_2022/best_model.pt,best_model.pt,46,39.93209546506801,strict,ORIGINAL_WORKSPACE/RepoRT_PolyOmics_9exp_weight_only_notebooks/outputs/evaluation_E1_E9_internal_heldout_OOD_kshot/_support_splits/seed_2022/0238/K5_repeat2022.csv,300,0.001,0.0001
22.3200421163014,13.462958335876465,35.50263217278962,11.379554741918877,560,0.9207861564785387,0.9539225563920123,560,E2,M0 no PolyOmics × R1 device encoder + multitask heads,M0-R1,2,M0_no_aux,R1_device_multi,multi,True,False,2022,internal_heldout_repoRT_ood,0238,0238,20,2022,0,frozen_backbone_fresh_head_kshot,kshot_fresh_head_frozen_model,,mol_key,580,580,20,0,ORIGINAL_WORKSPACE/RepoRT_PolyOmics_9exp_weight_only_notebooks/outputs/E2/seed_2022/best_model.pt,best_model.pt,46,39.93209546506801,strict,ORIGINAL_WORKSPACE/RepoRT_PolyOmics_9exp_weight_only_notebooks/outputs/evaluation_E1_E9_internal_heldout_OOD_kshot/_support_splits/seed_2022/0238/K20_repeat2022.csv,300,0.001,0.0001
21.459719240665436,12.524771690368652,35.136955376167876,13.315446552348787,480,0.9214944766320439,0.9529167286312233,480,E2,M0 no PolyOmics × R1 device encoder + multitask heads,M0-R1,2,M0_no_aux,R1_device_multi,multi,True,False,2022,internal_heldout_repoRT_ood,0238,0238,100,2022,0,frozen_backbone_fresh_head_kshot,kshot_fresh_head_frozen_model,,mol_key,580,580,100,0,ORIGINAL_WORKSPACE/RepoRT_PolyOmics_9exp_weight_only_notebooks/outputs/E2/seed_2022/best_model.pt,best_model.pt,46,39.93209546506801,strict,ORIGINAL_WORKSPACE/RepoRT_PolyOmics_9exp_weight_only_notebooks/outputs/evaluation_E1_E9_internal_heldout_OOD_kshot/_support_splits/seed_2022/0238/K100_repeat2022.csv,300,0.001,0.0001
21.99594023353175,13.500401973724365,33.590571006673926,15.418055925256061,380,0.9320918906620179,0.9609863144526857,380,E2,M0 no PolyOmics × R1 device encoder + multitask heads,M0-R1,2,M0_no_aux,R1_device_multi,multi,True,False,2022,internal_heldout_repoRT_ood,0238,0238,200,2022,0,frozen_backbone_fresh_head_kshot,kshot_fresh_head_frozen_model,,mol_key,580,580,200,0,ORIGINAL_WORKSPACE/RepoRT_PolyOmics_9exp_weight_only_notebooks/outputs/E2/seed_2022/best_model.pt,best_model.pt,46,39.93209546506801,strict,ORIGINAL_WORKSPACE/RepoRT_PolyOmics_9exp_weight_only_notebooks/outputs/evaluation_E1_E9_internal_heldout_OOD_kshot/_support_splits/seed_2022/0238/K200_repeat2022.csv,300,0.001,0.0001
150.99753752350807,91.12157821655273,212.95825913642994,55.80184432732514,96,0.7620091345065905,0.9286596948932451,96,E2,M0 no PolyOmics × R1 device encoder + multitask heads,M0-R1,2,M0_no_aux,R1_device_multi,multi,True,False,2027,internal_heldout_repoRT_ood,0097,0097,0,-1,0,zero_shot_seen_head_mean_ensemble,zero_shot,seen_head_mean_ensemble,mol_key,96,96,0,0,ORIGINAL_WORKSPACE/RepoRT_PolyOmics_9exp_weight_only_notebooks/outputs/E2/seed_2027/best_model.pt,best_model.pt,97,35.22626202173396,strict,,,,
87.61854533310775,31.238179206848145,152.63030101512587,33.527973762676474,91,0.8784013689672607,0.9452831898395023,91,E2,M0 no PolyOmics × R1 device encoder + multitask heads,M0-R1,2,M0_no_aux,R1_device_multi,multi,True,False,2027,internal_heldout_repoRT_ood,0097,0097,5,2027,0,frozen_backbone_fresh_head_kshot,kshot_fresh_head_frozen_model,,mol_key,96,96,5,0,ORIGINAL_WORKSPACE/RepoRT_PolyOmics_9exp_weight_only_notebooks/outputs/E2/seed_2027/best_model.pt,best_model.pt,97,35.22626202173396,strict,ORIGINAL_WORKSPACE/RepoRT_PolyOmics_9exp_weight_only_notebooks/outputs/evaluation_E1_E9_internal_heldout_OOD_kshot/_support_splits/seed_2027/0097/K5_repeat2027.csv,300,0.001,0.0001
104.73672264500668,49.744670391082764,165.1737642156638,92.22210951511298,76,0.8611633832578869,0.9458355120445373,76,E2,M0 no PolyOmics × R1 device encoder + multitask heads,M0-R1,2,M0_no_aux,R1_device_multi,multi,True,False,2027,internal_heldout_repoRT_ood,0097,0097,20,2027,0,frozen_backbone_fresh_head_kshot,kshot_fresh_head_frozen_model,,mol_key,96,96,20,0,ORIGINAL_WORKSPACE/RepoRT_PolyOmics_9exp_weight_only_notebooks/outputs/E2/seed_2027/best_model.pt,best_model.pt,97,35.22626202173396,strict,ORIGINAL_WORKSPACE/RepoRT_PolyOmics_9exp_weight_only_notebooks/outputs/evaluation_E1_E9_internal_heldout_OOD_kshot/_support_splits/seed_2027/0097/K20_repeat2027.csv,300,0.001,0.0001
275.29747029008536,276.77330017089844,332.00554763678025,116.10301684449395,580,-5.928571930963631,0.9661471823399111,580,E2,M0 no PolyOmics × R1 device encoder + multitask heads,M0-R1,2,M0_no_aux,R1_device_multi,multi,True,False,2027,internal_heldout_repoRT_ood,0238,0238,0,-1,0,zero_shot_seen_head_mean_ensemble,zero_shot,seen_head_mean_ensemble,mol_key,580,580,0,0,ORIGINAL_WORKSPACE/RepoRT_PolyOmics_9exp_weight_only_notebooks/outputs/E2/seed_2027/best_model.pt,best_model.pt,97,35.22626202173396,strict,,,,
68.95730572576109,27.74256706237793,105.83799366489154,127.31674385966423,575,0.2984968776494492,0.6858806299913691,575,E2,M0 no PolyOmics × R1 device encoder + multitask heads,M0-R1,2,M0_no_aux,R1_device_multi,multi,True,False,2027,internal_heldout_repoRT_ood,0238,0238,5,2027,0,frozen_backbone_fresh_head_kshot,kshot_fresh_head_frozen_model,,mol_key,580,580,5,0,ORIGINAL_WORKSPACE/RepoRT_PolyOmics_9exp_weight_only_notebooks/outputs/E2/seed_2027/best_model.pt,best_model.pt,97,35.22626202173396,strict,ORIGINAL_WORKSPACE/RepoRT_PolyOmics_9exp_weight_only_notebooks/outputs/evaluation_E1_E9_internal_heldout_OOD_kshot/_support_splits/seed_2027/0238/K5_repeat2027.csv,300,0.001,0.0001
32.9295768397195,19.840271472930908,53.78063018554273,15.107478554264386,560,0.8173658534478787,0.8643263341232136,560,E2,M0 no PolyOmics × R1 device encoder + multitask heads,M0-R1,2,M0_no_aux,R1_device_multi,multi,True,False,2027,internal_heldout_repoRT_ood,0238,0238,20,2027,0,frozen_backbone_fresh_head_kshot,kshot_fresh_head_frozen_model,,mol_key,580,580,20,0,ORIGINAL_WORKSPACE/RepoRT_PolyOmics_9exp_weight_only_notebooks/outputs/E2/seed_2027/best_model.pt,best_model.pt,97,35.22626202173396,strict,ORIGINAL_WORKSPACE/RepoRT_PolyOmics_9exp_weight_only_notebooks/outputs/evaluation_E1_E9_internal_heldout_OOD_kshot/_support_splits/seed_2027/0238/K20_repeat2027.csv,300,0.001,0.0001
21.177025943994522,12.787971496582031,32.34590706121535,14.352205992668676,480,0.9317745383031367,0.9608543320833655,480,E2,M0 no PolyOmics × R1 device encoder + multitask heads,M0-R1,2,M0_no_aux,R1_device_multi,multi,True,False,2027,internal_heldout_repoRT_ood,0238,0238,100,2027,0,frozen_backbone_fresh_head_kshot,kshot_fresh_head_frozen_model,,mol_key,580,580,100,0,ORIGINAL_WORKSPACE/RepoRT_PolyOmics_9exp_weight_only_notebooks/outputs/E2/seed_2027/best_model.pt,best_model.pt,97,35.22626202173396,strict,ORIGINAL_WORKSPACE/RepoRT_PolyOmics_9exp_weight_only_notebooks/outputs/evaluation_E1_E9_internal_heldout_OOD_kshot/_support_splits/seed_2027/0238/K100_repeat2027.csv,300,0.001,0.0001
16.96108268436633,8.5483717918396,29.060365914369353,10.50620423663232,380,0.9456198292136109,0.9664890730088311,380,E2,M0 no PolyOmics × R1 device encoder + multitask heads,M0-R1,2,M0_no_aux,R1_device_multi,multi,True,False,2027,internal_heldout_repoRT_ood,0238,0238,200,2027,0,frozen_backbone_fresh_head_kshot,kshot_fresh_head_frozen_model,,mol_key,580,580,200,0,ORIGINAL_WORKSPACE/RepoRT_PolyOmics_9exp_weight_only_notebooks/outputs/E2/seed_2027/best_model.pt,best_model.pt,97,35.22626202173396,strict,ORIGINAL_WORKSPACE/RepoRT_PolyOmics_9exp_weight_only_notebooks/outputs/evaluation_E1_E9_internal_heldout_OOD_kshot/_support_splits/seed_2027/0238/K200_repeat2027.csv,300,0.001,0.0001
148.7402281165123,74.01768207550049,208.27586978304865,55.400927731471036,96,0.7723596584846659,0.9544580611394385,96,E2,M0 no PolyOmics × R1 device encoder + multitask heads,M0-R1,2,M0_no_aux,R1_device_multi,multi,True,False,2032,internal_heldout_repoRT_ood,0097,0097,0,-1,0,zero_shot_seen_head_mean_ensemble,zero_shot,seen_head_mean_ensemble,mol_key,96,96,0,0,ORIGINAL_WORKSPACE/RepoRT_PolyOmics_9exp_weight_only_notebooks/outputs/E2/seed_2032/best_model.pt,best_model.pt,99,32.886972942213326,strict,,,,
65.40381934616592,20.60628890991211,122.18111259693903,51.149717690321964,91,0.9208324897889371,0.9218712652171527,91,E2,M0 no PolyOmics × R1 device encoder + multitask heads,M0-R1,2,M0_no_aux,R1_device_multi,multi,True,False,2032,internal_heldout_repoRT_ood,0097,0097,5,2032,0,frozen_backbone_fresh_head_kshot,kshot_fresh_head_frozen_model,,mol_key,96,96,5,0,ORIGINAL_WORKSPACE/RepoRT_PolyOmics_9exp_weight_only_notebooks/outputs/E2/seed_2032/best_model.pt,best_model.pt,99,32.886972942213326,strict,ORIGINAL_WORKSPACE/RepoRT_PolyOmics_9exp_weight_only_notebooks/outputs/evaluation_E1_E9_internal_heldout_OOD_kshot/_support_splits/seed_2032/0097/K5_repeat2032.csv,300,0.001,0.0001
84.03031167231109,30.704705715179443,144.032298384308,57.62644906323279,76,0.8828091311518891,0.8592800770763038,76,E2,M0 no PolyOmics × R1 device encoder + multitask heads,M0-R1,2,M0_no_aux,R1_device_multi,multi,True,False,2032,internal_heldout_repoRT_ood,0097,0097,20,2032,0,frozen_backbone_fresh_head_kshot,kshot_fresh_head_frozen_model,,mol_key,96,96,20,0,ORIGINAL_WORKSPACE/RepoRT_PolyOmics_9exp_weight_only_notebooks/outputs/E2/seed_2032/best_model.pt,best_model.pt,99,32.886972942213326,strict,ORIGINAL_WORKSPACE/RepoRT_PolyOmics_9exp_weight_only_notebooks/outputs/evaluation_E1_E9_internal_heldout_OOD_kshot/_support_splits/seed_2032/0097/K20_repeat2032.csv,300,0.001,0.0001
286.2925182704268,314.96779203414917,340.2614990969859,123.28395815179003,580,-6.277440668626321,0.9717477641958867,580,E2,M0 no PolyOmics × R1 device encoder + multitask heads,M0-R1,2,M0_no_aux,R1_device_multi,multi,True,False,2032,internal_heldout_repoRT_ood,0238,0238,0,-1,0,zero_shot_seen_head_mean_ensemble,zero_shot,seen_head_mean_ensemble,mol_key,580,580,0,0,ORIGINAL_WORKSPACE/RepoRT_PolyOmics_9exp_weight_only_notebooks/outputs/E2/seed_2032/best_model.pt,best_model.pt,99,32.886972942213326,strict,,,,
34.2554047294285,32.25491523742676,42.57752512691518,32.739701545495606,575,0.8863233340061922,0.9359996933936912,575,E2,M0 no PolyOmics × R1 device encoder + multitask heads,M0-R1,2,M0_no_aux,R1_device_multi,multi,True,False,2032,internal_heldout_repoRT_ood,0238,0238,5,2032,0,frozen_backbone_fresh_head_kshot,kshot_fresh_head_frozen_model,,mol_key,580,580,5,0,ORIGINAL_WORKSPACE/RepoRT_PolyOmics_9exp_weight_only_notebooks/outputs/E2/seed_2032/best_model.pt,best_model.pt,99,32.886972942213326,strict,ORIGINAL_WORKSPACE/RepoRT_PolyOmics_9exp_weight_only_notebooks/outputs/evaluation_E1_E9_internal_heldout_OOD_kshot/_support_splits/seed_2032/0238/K5_repeat2032.csv,300,0.001,0.0001
26.370352251189097,18.472001552581787,38.62214061350055,20.208113451461,560,0.9066241351510188,0.945372251874681,560,E2,M0 no PolyOmics × R1 device encoder + multitask heads,M0-R1,2,M0_no_aux,R1_device_multi,multi,True,False,2032,internal_heldout_repoRT_ood,0238,0238,20,2032,0,frozen_backbone_fresh_head_kshot,kshot_fresh_head_frozen_model,,mol_key,580,580,20,0,ORIGINAL_WORKSPACE/RepoRT_PolyOmics_9exp_weight_only_notebooks/outputs/E2/seed_2032/best_model.pt,best_model.pt,99,32.886972942213326,strict,ORIGINAL_WORKSPACE/RepoRT_PolyOmics_9exp_weight_only_notebooks/outputs/evaluation_E1_E9_internal_heldout_OOD_kshot/_support_splits/seed_2032/0238/K20_repeat2032.csv,300,0.001,0.0001
17.726502269506454,9.927306175231934,29.515241274905158,9.595083061639519,480,0.9430219794617509,0.9687706014782549,480,E2,M0 no PolyOmics × R1 device encoder + multitask heads,M0-R1,2,M0_no_aux,R1_device_multi,multi,True,False,2032,internal_heldout_repoRT_ood,0238,0238,100,2032,0,frozen_backbone_fresh_head_kshot,kshot_fresh_head_frozen_model,,mol_key,580,580,100,0,ORIGINAL_WORKSPACE/RepoRT_PolyOmics_9exp_weight_only_notebooks/outputs/E2/seed_2032/best_model.pt,best_model.pt,99,32.886972942213326,strict,ORIGINAL_WORKSPACE/RepoRT_PolyOmics_9exp_weight_only_notebooks/outputs/evaluation_E1_E9_internal_heldout_OOD_kshot/_support_splits/seed_2032/0238/K100_repeat2032.csv,300,0.001,0.0001
17.484854898954694,10.153498649597168,28.194426226113887,10.314337918198833,380,0.9508852223865072,0.9648814236812411,380,E2,M0 no PolyOmics × R1 device encoder + multitask heads,M0-R1,2,M0_no_aux,R1_device_multi,multi,True,False,2032,internal_heldout_repoRT_ood,0238,0238,200,2032,0,frozen_backbone_fresh_head_kshot,kshot_fresh_head_frozen_model,,mol_key,580,580,200,0,ORIGINAL_WORKSPACE/RepoRT_PolyOmics_9exp_weight_only_notebooks/outputs/E2/seed_2032/best_model.pt,best_model.pt,99,32.886972942213326,strict,ORIGINAL_WORKSPACE/RepoRT_PolyOmics_9exp_weight_only_notebooks/outputs/evaluation_E1_E9_internal_heldout_OOD_kshot/_support_splits/seed_2032/0238/K200_repeat2032.csv,300,0.001,0.0001
140.92117756605148,56.63130283355713,198.9577260994209,49.666648529145725,96,0.792273006530592,0.9456435627483989,96,E2,M0 no PolyOmics × R1 device encoder + multitask heads,M0-R1,2,M0_no_aux,R1_device_multi,multi,True,False,2034,internal_heldout_repoRT_ood,0097,0097,0,-1,0,zero_shot_seen_head_mean_ensemble,zero_shot,seen_head_mean_ensemble,mol_key,96,96,0,0,ORIGINAL_WORKSPACE/RepoRT_PolyOmics_9exp_weight_only_notebooks/outputs/E2/seed_2034/best_model.pt,best_model.pt,67,34.354572396979485,strict,,,,
50.24607888944856,32.57314682006836,72.4475574461711,38.98355951597104,91,0.9713717491516795,0.9419840684855936,91,E2,M0 no PolyOmics × R1 device encoder + multitask heads,M0-R1,2,M0_no_aux,R1_device_multi,multi,True,False,2034,internal_heldout_repoRT_ood,0097,0097,5,2034,0,frozen_backbone_fresh_head_kshot,kshot_fresh_head_frozen_model,,mol_key,96,96,5,0,ORIGINAL_WORKSPACE/RepoRT_PolyOmics_9exp_weight_only_notebooks/outputs/E2/seed_2034/best_model.pt,best_model.pt,67,34.354572396979485,strict,ORIGINAL_WORKSPACE/RepoRT_PolyOmics_9exp_weight_only_notebooks/outputs/evaluation_E1_E9_internal_heldout_OOD_kshot/_support_splits/seed_2034/0097/K5_repeat2034.csv,300,0.001,0.0001
40.45606519046583,12.480554580688477,80.75065084808853,39.55522427312668,76,0.965110294280765,0.9492141744789983,76,E2,M0 no PolyOmics × R1 device encoder + multitask heads,M0-R1,2,M0_no_aux,R1_device_multi,multi,True,False,2034,internal_heldout_repoRT_ood,0097,0097,20,2034,0,frozen_backbone_fresh_head_kshot,kshot_fresh_head_frozen_model,,mol_key,96,96,20,0,ORIGINAL_WORKSPACE/RepoRT_PolyOmics_9exp_weight_only_notebooks/outputs/E2/seed_2034/best_model.pt,best_model.pt,67,34.354572396979485,strict,ORIGINAL_WORKSPACE/RepoRT_PolyOmics_9exp_weight_only_notebooks/outputs/evaluation_E1_E9_internal_heldout_OOD_kshot/_support_splits/seed_2034/0097/K20_repeat2034.csv,300,0.001,0.0001
254.94953552607834,277.7262282371521,305.4965105080526,109.27423964562722,580,-4.866317360049225,0.9658555767536973,580,E2,M0 no PolyOmics × R1 device encoder + multitask heads,M0-R1,2,M0_no_aux,R1_device_multi,multi,True,False,2034,internal_heldout_repoRT_ood,0238,0238,0,-1,0,zero_shot_seen_head_mean_ensemble,zero_shot,seen_head_mean_ensemble,mol_key,580,580,0,0,ORIGINAL_WORKSPACE/RepoRT_PolyOmics_9exp_weight_only_notebooks/outputs/E2/seed_2034/best_model.pt,best_model.pt,67,34.354572396979485,strict,,,,
32.48870790730352,24.833006858825684,42.602093780099885,19.832660729696837,575,0.8855123648292804,0.9443661595676274,575,E2,M0 no PolyOmics × R1 device encoder + multitask heads,M0-R1,2,M0_no_aux,R1_device_multi,multi,True,False,2034,internal_heldout_repoRT_ood,0238,0238,5,2034,0,frozen_backbone_fresh_head_kshot,kshot_fresh_head_frozen_model,,mol_key,580,580,5,0,ORIGINAL_WORKSPACE/RepoRT_PolyOmics_9exp_weight_only_notebooks/outputs/E2/seed_2034/best_model.pt,best_model.pt,67,34.354572396979485,strict,ORIGINAL_WORKSPACE/RepoRT_PolyOmics_9exp_weight_only_notebooks/outputs/evaluation_E1_E9_internal_heldout_OOD_kshot/_support_splits/seed_2034/0238/K5_repeat2034.csv,300,0.001,0.0001
24.616200481142318,13.895158767700195,39.16766082742242,13.20045665015607,560,0.9038926666911413,0.9492624243787162,560,E2,M0 no PolyOmics × R1 device encoder + multitask heads,M0-R1,2,M0_no_aux,R1_device_multi,multi,True,False,2034,internal_heldout_repoRT_ood,0238,0238,20,2034,0,frozen_backbone_fresh_head_kshot,kshot_fresh_head_frozen_model,,mol_key,580,580,20,0,ORIGINAL_WORKSPACE/RepoRT_PolyOmics_9exp_weight_only_notebooks/outputs/E2/seed_2034/best_model.pt,best_model.pt,67,34.354572396979485,strict,ORIGINAL_WORKSPACE/RepoRT_PolyOmics_9exp_weight_only_notebooks/outputs/evaluation_E1_E9_internal_heldout_OOD_kshot/_support_splits/seed_2034/0238/K20_repeat2034.csv,300,0.001,0.0001
24.326000422239304,16.771552562713623,35.745264547656184,20.15507165734656,480,0.9203820585918882,0.9483228887591572,480,E2,M0 no PolyOmics × R1 device encoder + multitask heads,M0-R1,2,M0_no_aux,R1_device_multi,multi,True,False,2034,internal_heldout_repoRT_ood,0238,0238,100,2034,0,frozen_backbone_fresh_head_kshot,kshot_fresh_head_frozen_model,,mol_key,580,580,100,0,ORIGINAL_WORKSPACE/RepoRT_PolyOmics_9exp_weight_only_notebooks/outputs/E2/seed_2034/best_model.pt,best_model.pt,67,34.354572396979485,strict,ORIGINAL_WORKSPACE/RepoRT_PolyOmics_9exp_weight_only_notebooks/outputs/evaluation_E1_E9_internal_heldout_OOD_kshot/_support_splits/seed_2034/0238/K100_repeat2034.csv,300,0.001,0.0001
19.751845573124132,11.225173473358154,31.611470962312307,12.152361358079684,380,0.9369110636202186,0.9618413172057078,380,E2,M0 no PolyOmics × R1 device encoder + multitask heads,M0-R1,2,M0_no_aux,R1_device_multi,multi,True,False,2034,internal_heldout_repoRT_ood,0238,0238,200,2034,0,frozen_backbone_fresh_head_kshot,kshot_fresh_head_frozen_model,,mol_key,580,580,200,0,ORIGINAL_WORKSPACE/RepoRT_PolyOmics_9exp_weight_only_notebooks/outputs/E2/seed_2034/best_model.pt,best_model.pt,67,34.354572396979485,strict,ORIGINAL_WORKSPACE/RepoRT_PolyOmics_9exp_weight_only_notebooks/outputs/evaluation_E1_E9_internal_heldout_OOD_kshot/_support_splits/seed_2034/0238/K200_repeat2034.csv,300,0.001,0.0001
166.60808339715004,66.57387971878052,237.46539834554494,47.731308096281914,96,0.7040815919543096,0.9531813849472077,96,E3,M0 no PolyOmics × R2 no-device + multitask heads,M0-R2,3,M0_no_aux,R2_nodevice_multi,multi,False,False,2004,internal_heldout_repoRT_ood,0097,0097,0,-1,0,zero_shot_seen_head_mean_ensemble,zero_shot,seen_head_mean_ensemble,mol_key,96,96,0,0,ORIGINAL_WORKSPACE/RepoRT_PolyOmics_9exp_weight_only_notebooks/outputs/E3/seed_2004/best_model.pt,best_model.pt,36,39.47570957863844,strict,,,,
106.12494636367965,29.37154769897461,215.2346731232759,28.612462065741568,91,0.7613051638824904,0.9002123104323737,91,E3,M0 no PolyOmics × R2 no-device + multitask heads,M0-R2,3,M0_no_aux,R2_nodevice_multi,multi,False,False,2004,internal_heldout_repoRT_ood,0097,0097,5,2004,0,frozen_backbone_fresh_head_kshot,kshot_fresh_head_frozen_model,,mol_key,96,96,5,0,ORIGINAL_WORKSPACE/RepoRT_PolyOmics_9exp_weight_only_notebooks/outputs/E3/seed_2004/best_model.pt,best_model.pt,36,39.47570957863844,strict,ORIGINAL_WORKSPACE/RepoRT_PolyOmics_9exp_weight_only_notebooks/outputs/evaluation_E1_E9_internal_heldout_OOD_kshot/_support_splits/seed_2004/0097/K5_repeat2004.csv,300,0.001,0.0001
83.34512905070656,35.054118633270264,145.28492624122202,27.42184938710992,76,0.8923216098141028,0.8957651412901732,76,E3,M0 no PolyOmics × R2 no-device + multitask heads,M0-R2,3,M0_no_aux,R2_nodevice_multi,multi,False,False,2004,internal_heldout_repoRT_ood,0097,0097,20,2004,0,frozen_backbone_fresh_head_kshot,kshot_fresh_head_frozen_model,,mol_key,96,96,20,0,ORIGINAL_WORKSPACE/RepoRT_PolyOmics_9exp_weight_only_notebooks/outputs/E3/seed_2004/best_model.pt,best_model.pt,36,39.47570957863844,strict,ORIGINAL_WORKSPACE/RepoRT_PolyOmics_9exp_weight_only_notebooks/outputs/evaluation_E1_E9_internal_heldout_OOD_kshot/_support_splits/seed_2004/0097/K20_repeat2004.csv,300,0.001,0.0001
305.7438612230893,392.7719020843506,357.13123941521314,132.912618654854,580,-7.016941717085139,0.9580625821219316,580,E3,M0 no PolyOmics × R2 no-device + multitask heads,M0-R2,3,M0_no_aux,R2_nodevice_multi,multi,False,False,2004,internal_heldout_repoRT_ood,0238,0238,0,-1,0,zero_shot_seen_head_mean_ensemble,zero_shot,seen_head_mean_ensemble,mol_key,580,580,0,0,ORIGINAL_WORKSPACE/RepoRT_PolyOmics_9exp_weight_only_notebooks/outputs/E3/seed_2004/best_model.pt,best_model.pt,36,39.47570957863844,strict,,,,
40.37631014119024,30.120534896850586,55.41399551982055,20.019888362887723,575,0.8047381991605568,0.8337700924139694,575,E3,M0 no PolyOmics × R2 no-device + multitask heads,M0-R2,3,M0_no_aux,R2_nodevice_multi,multi,False,False,2004,internal_heldout_repoRT_ood,0238,0238,5,2004,0,frozen_backbone_fresh_head_kshot,kshot_fresh_head_frozen_model,,mol_key,580,580,5,0,ORIGINAL_WORKSPACE/RepoRT_PolyOmics_9exp_weight_only_notebooks/outputs/E3/seed_2004/best_model.pt,best_model.pt,36,39.47570957863844,strict,ORIGINAL_WORKSPACE/RepoRT_PolyOmics_9exp_weight_only_notebooks/outputs/evaluation_E1_E9_internal_heldout_OOD_kshot/_support_splits/seed_2004/0238/K5_repeat2004.csv,300,0.001,0.0001
36.8968454514231,26.503143310546875,53.8353225265142,19.9404864521945,560,0.8178583139564343,0.9208060033663759,560,E3,M0 no PolyOmics × R2 no-device + multitask heads,M0-R2,3,M0_no_aux,R2_nodevice_multi,multi,False,False,2004,internal_heldout_repoRT_ood,0238,0238,20,2004,0,frozen_backbone_fresh_head_kshot,kshot_fresh_head_frozen_model,,mol_key,580,580,20,0,ORIGINAL_WORKSPACE/RepoRT_PolyOmics_9exp_weight_only_notebooks/outputs/E3/seed_2004/best_model.pt,best_model.pt,36,39.47570957863844,strict,ORIGINAL_WORKSPACE/RepoRT_PolyOmics_9exp_weight_only_notebooks/outputs/evaluation_E1_E9_internal_heldout_OOD_kshot/_support_splits/seed_2004/0238/K20_repeat2004.csv,300,0.001,0.0001
22.6668860912323,12.843554019927979,36.05709067423827,12.781256145469575,480,0.9180562693182034,0.955596462114635,480,E3,M0 no PolyOmics × R2 no-device + multitask heads,M0-R2,3,M0_no_aux,R2_nodevice_multi,multi,False,False,2004,internal_heldout_repoRT_ood,0238,0238,100,2004,0,frozen_backbone_fresh_head_kshot,kshot_fresh_head_frozen_model,,mol_key,580,580,100,0,ORIGINAL_WORKSPACE/RepoRT_PolyOmics_9exp_weight_only_notebooks/outputs/E3/seed_2004/best_model.pt,best_model.pt,36,39.47570957863844,strict,ORIGINAL_WORKSPACE/RepoRT_PolyOmics_9exp_weight_only_notebooks/outputs/evaluation_E1_E9_internal_heldout_OOD_kshot/_support_splits/seed_2004/0238/K100_repeat2004.csv,300,0.001,0.0001
20.789511755893106,12.246065139770508,32.686606231076134,14.188623880417362,380,0.9354651117413733,0.9595914703590044,380,E3,M0 no PolyOmics × R2 no-device + multitask heads,M0-R2,3,M0_no_aux,R2_nodevice_multi,multi,False,False,2004,internal_heldout_repoRT_ood,0238,0238,200,2004,0,frozen_backbone_fresh_head_kshot,kshot_fresh_head_frozen_model,,mol_key,580,580,200,0,ORIGINAL_WORKSPACE/RepoRT_PolyOmics_9exp_weight_only_notebooks/outputs/E3/seed_2004/best_model.pt,best_model.pt,36,39.47570957863844,strict,ORIGINAL_WORKSPACE/RepoRT_PolyOmics_9exp_weight_only_notebooks/outputs/evaluation_E1_E9_internal_heldout_OOD_kshot/_support_splits/seed_2004/0238/K200_repeat2004.csv,300,0.001,0.0001
160.67916110157967,63.12311410903931,218.7625967724627,56.69388757328346,96,0.7488590966480244,0.936455568662824,96,E3,M0 no PolyOmics × R2 no-device + multitask heads,M0-R2,3,M0_no_aux,R2_nodevice_multi,multi,False,False,2006,internal_heldout_repoRT_ood,0097,0097,0,-1,0,zero_shot_seen_head_mean_ensemble,zero_shot,seen_head_mean_ensemble,mol_key,96,96,0,0,ORIGINAL_WORKSPACE/RepoRT_PolyOmics_9exp_weight_only_notebooks/outputs/E3/seed_2006/best_model.pt,best_model.pt,66,35.87810588172786,strict,,,,
92.44149213308816,68.04831504821777,121.07752155516104,103.74429661480424,91,0.9216827874442455,0.9357149310471845,91,E3,M0 no PolyOmics × R2 no-device + multitask heads,M0-R2,3,M0_no_aux,R2_nodevice_multi,multi,False,False,2006,internal_heldout_repoRT_ood,0097,0097,5,2006,0,frozen_backbone_fresh_head_kshot,kshot_fresh_head_frozen_model,,mol_key,96,96,5,0,ORIGINAL_WORKSPACE/RepoRT_PolyOmics_9exp_weight_only_notebooks/outputs/E3/seed_2006/best_model.pt,best_model.pt,66,35.87810588172786,strict,ORIGINAL_WORKSPACE/RepoRT_PolyOmics_9exp_weight_only_notebooks/outputs/evaluation_E1_E9_internal_heldout_OOD_kshot/_support_splits/seed_2006/0097/K5_repeat2006.csv,300,0.001,0.0001
65.55817535049037,30.009841918945312,112.23310798981609,46.46564178720023,76,0.9352242497838109,0.9349415353307536,76,E3,M0 no PolyOmics × R2 no-device + multitask heads,M0-R2,3,M0_no_aux,R2_nodevice_multi,multi,False,False,2006,internal_heldout_repoRT_ood,0097,0097,20,2006,0,frozen_backbone_fresh_head_kshot,kshot_fresh_head_frozen_model,,mol_key,96,96,20,0,ORIGINAL_WORKSPACE/RepoRT_PolyOmics_9exp_weight_only_notebooks/outputs/E3/seed_2006/best_model.pt,best_model.pt,66,35.87810588172786,strict,ORIGINAL_WORKSPACE/RepoRT_PolyOmics_9exp_weight_only_notebooks/outputs/evaluation_E1_E9_internal_heldout_OOD_kshot/_support_splits/seed_2006/0097/K20_repeat2006.csv,300,0.001,0.0001
339.1062668027549,417.12916374206543,395.3625324532948,148.37022987986163,580,-8.825260206473564,0.9628150386195903,580,E3,M0 no PolyOmics × R2 no-device + multitask heads,M0-R2,3,M0_no_aux,R2_nodevice_multi,multi,False,False,2006,internal_heldout_repoRT_ood,0238,0238,0,-1,0,zero_shot_seen_head_mean_ensemble,zero_shot,seen_head_mean_ensemble,mol_key,580,580,0,0,ORIGINAL_WORKSPACE/RepoRT_PolyOmics_9exp_weight_only_notebooks/outputs/E3/seed_2006/best_model.pt,best_model.pt,66,35.87810588172786,strict,,,,
81.06064515321151,38.45127582550049,123.73925361121177,146.11359080928855,575,0.0434997652319844,0.4698496075817529,575,E3,M0 no PolyOmics × R2 no-device + multitask heads,M0-R2,3,M0_no_aux,R2_nodevice_multi,multi,False,False,2006,internal_heldout_repoRT_ood,0238,0238,5,2006,0,frozen_backbone_fresh_head_kshot,kshot_fresh_head_frozen_model,,mol_key,580,580,5,0,ORIGINAL_WORKSPACE/RepoRT_PolyOmics_9exp_weight_only_notebooks/outputs/E3/seed_2006/best_model.pt,best_model.pt,66,35.87810588172786,strict,ORIGINAL_WORKSPACE/RepoRT_PolyOmics_9exp_weight_only_notebooks/outputs/evaluation_E1_E9_internal_heldout_OOD_kshot/_support_splits/seed_2006/0238/K5_repeat2006.csv,300,0.001,0.0001
33.38524785212108,23.669943809509277,47.384985812245745,21.752491827860972,560,0.8594386978774161,0.9004472577182361,560,E3,M0 no PolyOmics × R2 no-device + multitask heads,M0-R2,3,M0_no_aux,R2_nodevice_multi,multi,False,False,2006,internal_heldout_repoRT_ood,0238,0238,20,2006,0,frozen_backbone_fresh_head_kshot,kshot_fresh_head_frozen_model,,mol_key,580,580,20,0,ORIGINAL_WORKSPACE/RepoRT_PolyOmics_9exp_weight_only_notebooks/outputs/E3/seed_2006/best_model.pt,best_model.pt,66,35.87810588172786,strict,ORIGINAL_WORKSPACE/RepoRT_PolyOmics_9exp_weight_only_notebooks/outputs/evaluation_E1_E9_internal_heldout_OOD_kshot/_support_splits/seed_2006/0238/K20_repeat2006.csv,300,0.001,0.0001
21.25491499900818,12.74470567703247,33.36999204113114,12.899896273687075,480,0.9292435906300766,0.9551751717148623,480,E3,M0 no PolyOmics × R2 no-device + multitask heads,M0-R2,3,M0_no_aux,R2_nodevice_multi,multi,False,False,2006,internal_heldout_repoRT_ood,0238,0238,100,2006,0,frozen_backbone_fresh_head_kshot,kshot_fresh_head_frozen_model,,mol_key,580,580,100,0,ORIGINAL_WORKSPACE/RepoRT_PolyOmics_9exp_weight_only_notebooks/outputs/E3/seed_2006/best_model.pt,best_model.pt,66,35.87810588172786,strict,ORIGINAL_WORKSPACE/RepoRT_PolyOmics_9exp_weight_only_notebooks/outputs/evaluation_E1_E9_internal_heldout_OOD_kshot/_support_splits/seed_2006/0238/K100_repeat2006.csv,300,0.001,0.0001
20.594553257289686,13.123712539672852,31.95019620063496,12.527740976199977,380,0.9322067954901598,0.9565032452215005,380,E3,M0 no PolyOmics × R2 no-device + multitask heads,M0-R2,3,M0_no_aux,R2_nodevice_multi,multi,False,False,2006,internal_heldout_repoRT_ood,0238,0238,200,2006,0,frozen_backbone_fresh_head_kshot,kshot_fresh_head_frozen_model,,mol_key,580,580,200,0,ORIGINAL_WORKSPACE/RepoRT_PolyOmics_9exp_weight_only_notebooks/outputs/E3/seed_2006/best_model.pt,best_model.pt,66,35.87810588172786,strict,ORIGINAL_WORKSPACE/RepoRT_PolyOmics_9exp_weight_only_notebooks/outputs/evaluation_E1_E9_internal_heldout_OOD_kshot/_support_splits/seed_2006/0238/K200_repeat2006.csv,300,0.001,0.0001
156.59859523177147,65.80700397491455,215.99397343580844,52.57349863542643,96,0.7551756660968983,0.9333385773211543,96,E3,M0 no PolyOmics × R2 no-device + multitask heads,M0-R2,3,M0_no_aux,R2_nodevice_multi,multi,False,False,2011,internal_heldout_repoRT_ood,0097,0097,0,-1,0,zero_shot_seen_head_mean_ensemble,zero_shot,seen_head_mean_ensemble,mol_key,96,96,0,0,ORIGINAL_WORKSPACE/RepoRT_PolyOmics_9exp_weight_only_notebooks/outputs/E3/seed_2011/best_model.pt,best_model.pt,67,40.34393819123969,strict,,,,
82.18578218103765,48.18981170654297,143.33454285350373,42.486328665979926,91,0.8933738603298431,0.94208277561607,91,E3,M0 no PolyOmics × R2 no-device + multitask heads,M0-R2,3,M0_no_aux,R2_nodevice_multi,multi,False,False,2011,internal_heldout_repoRT_ood,0097,0097,5,2011,0,frozen_backbone_fresh_head_kshot,kshot_fresh_head_frozen_model,,mol_key,96,96,5,0,ORIGINAL_WORKSPACE/RepoRT_PolyOmics_9exp_weight_only_notebooks/outputs/E3/seed_2011/best_model.pt,best_model.pt,67,40.34393819123969,strict,ORIGINAL_WORKSPACE/RepoRT_PolyOmics_9exp_weight_only_notebooks/outputs/evaluation_E1_E9_internal_heldout_OOD_kshot/_support_splits/seed_2011/0097/K5_repeat2011.csv,300,0.001,0.0001
125.94309474292554,59.086103439331055,195.7187792877163,160.89437043132037,76,0.796551261494838,0.890857890537958,76,E3,M0 no PolyOmics × R2 no-device + multitask heads,M0-R2,3,M0_no_aux,R2_nodevice_multi,multi,False,False,2011,internal_heldout_repoRT_ood,0097,0097,20,2011,0,frozen_backbone_fresh_head_kshot,kshot_fresh_head_frozen_model,,mol_key,96,96,20,0,ORIGINAL_WORKSPACE/RepoRT_PolyOmics_9exp_weight_only_notebooks/outputs/E3/seed_2011/best_model.pt,best_model.pt,67,40.34393819123969,strict,ORIGINAL_WORKSPACE/RepoRT_PolyOmics_9exp_weight_only_notebooks/outputs/evaluation_E1_E9_internal_heldout_OOD_kshot/_support_splits/seed_2011/0097/K20_repeat2011.csv,300,0.001,0.0001
343.9442149524031,422.71052598953247,398.2756884994819,151.6532342449736,580,-8.970584974573159,0.9628702964866639,580,E3,M0 no PolyOmics × R2 no-device + multitask heads,M0-R2,3,M0_no_aux,R2_nodevice_multi,multi,False,False,2011,internal_heldout_repoRT_ood,0238,0238,0,-1,0,zero_shot_seen_head_mean_ensemble,zero_shot,seen_head_mean_ensemble,mol_key,580,580,0,0,ORIGINAL_WORKSPACE/RepoRT_PolyOmics_9exp_weight_only_notebooks/outputs/E3/seed_2011/best_model.pt,best_model.pt,67,40.34393819123969,strict,,,,
32.19305196015731,24.083890914916992,43.89615930429824,22.278771054369727,575,0.8791230653718535,0.9564058444049678,575,E3,M0 no PolyOmics × R2 no-device + multitask heads,M0-R2,3,M0_no_aux,R2_nodevice_multi,multi,False,False,2011,internal_heldout_repoRT_ood,0238,0238,5,2011,0,frozen_backbone_fresh_head_kshot,kshot_fresh_head_frozen_model,,mol_key,580,580,5,0,ORIGINAL_WORKSPACE/RepoRT_PolyOmics_9exp_weight_only_notebooks/outputs/E3/seed_2011/best_model.pt,best_model.pt,67,40.34393819123969,strict,ORIGINAL_WORKSPACE/RepoRT_PolyOmics_9exp_weight_only_notebooks/outputs/evaluation_E1_E9_internal_heldout_OOD_kshot/_support_splits/seed_2011/0238/K5_repeat2011.csv,300,0.001,0.0001
24.840067710195267,17.669663429260254,36.2330530047108,15.672778973622684,560,0.9176439370677668,0.9499506533296713,560,E3,M0 no PolyOmics × R2 no-device + multitask heads,M0-R2,3,M0_no_aux,R2_nodevice_multi,multi,False,False,2011,internal_heldout_repoRT_ood,0238,0238,20,2011,0,frozen_backbone_fresh_head_kshot,kshot_fresh_head_frozen_model,,mol_key,580,580,20,0,ORIGINAL_WORKSPACE/RepoRT_PolyOmics_9exp_weight_only_notebooks/outputs/E3/seed_2011/best_model.pt,best_model.pt,67,40.34393819123969,strict,ORIGINAL_WORKSPACE/RepoRT_PolyOmics_9exp_weight_only_notebooks/outputs/evaluation_E1_E9_internal_heldout_OOD_kshot/_support_splits/seed_2011/0238/K20_repeat2011.csv,300,0.001,0.0001
19.53112769126892,12.292699813842773,29.696322374688148,10.627536227158226,480,0.9446668382449503,0.9667276341319715,480,E3,M0 no PolyOmics × R2 no-device + multitask heads,M0-R2,3,M0_no_aux,R2_nodevice_multi,multi,False,False,2011,internal_heldout_repoRT_ood,0238,0238,100,2011,0,frozen_backbone_fresh_head_kshot,kshot_fresh_head_frozen_model,,mol_key,580,580,100,0,ORIGINAL_WORKSPACE/RepoRT_PolyOmics_9exp_weight_only_notebooks/outputs/E3/seed_2011/best_model.pt,best_model.pt,67,40.34393819123969,strict,ORIGINAL_WORKSPACE/RepoRT_PolyOmics_9exp_weight_only_notebooks/outputs/evaluation_E1_E9_internal_heldout_OOD_kshot/_support_splits/seed_2011/0238/K100_repeat2011.csv,300,0.001,0.0001
17.62045387217873,11.019673347473145,27.119637880709806,10.611685353550678,380,0.9532080202614402,0.9683764746506923,380,E3,M0 no PolyOmics × R2 no-device + multitask heads,M0-R2,3,M0_no_aux,R2_nodevice_multi,multi,False,False,2011,internal_heldout_repoRT_ood,0238,0238,200,2011,0,frozen_backbone_fresh_head_kshot,kshot_fresh_head_frozen_model,,mol_key,580,580,200,0,ORIGINAL_WORKSPACE/RepoRT_PolyOmics_9exp_weight_only_notebooks/outputs/E3/seed_2011/best_model.pt,best_model.pt,67,40.34393819123969,strict,ORIGINAL_WORKSPACE/RepoRT_PolyOmics_9exp_weight_only_notebooks/outputs/evaluation_E1_E9_internal_heldout_OOD_kshot/_support_splits/seed_2011/0238/K200_repeat2011.csv,300,0.001,0.0001
158.8482964038849,76.41340255737305,219.84035296912563,59.23353472548598,96,0.7463784602804671,0.9077982626457309,96,E3,M0 no PolyOmics × R2 no-device + multitask heads,M0-R2,3,M0_no_aux,R2_nodevice_multi,multi,False,False,2012,internal_heldout_repoRT_ood,0097,0097,0,-1,0,zero_shot_seen_head_mean_ensemble,zero_shot,seen_head_mean_ensemble,mol_key,96,96,0,0,ORIGINAL_WORKSPACE/RepoRT_PolyOmics_9exp_weight_only_notebooks/outputs/E3/seed_2012/best_model.pt,best_model.pt,37,38.795730728641225,strict,,,,
68.91810155176854,29.88856315612793,120.70309458260985,46.84776968469861,91,0.9237677466059083,0.9034966022286679,91,E3,M0 no PolyOmics × R2 no-device + multitask heads,M0-R2,3,M0_no_aux,R2_nodevice_multi,multi,False,False,2012,internal_heldout_repoRT_ood,0097,0097,5,2012,0,frozen_backbone_fresh_head_kshot,kshot_fresh_head_frozen_model,,mol_key,96,96,5,0,ORIGINAL_WORKSPACE/RepoRT_PolyOmics_9exp_weight_only_notebooks/outputs/E3/seed_2012/best_model.pt,best_model.pt,37,38.795730728641225,strict,ORIGINAL_WORKSPACE/RepoRT_PolyOmics_9exp_weight_only_notebooks/outputs/evaluation_E1_E9_internal_heldout_OOD_kshot/_support_splits/seed_2012/0097/K5_repeat2012.csv,300,0.001,0.0001
98.7789491603249,47.0244026184082,154.1452320431584,35.88185473194077,76,0.8790145390161329,0.9295341459840656,76,E3,M0 no PolyOmics × R2 no-device + multitask heads,M0-R2,3,M0_no_aux,R2_nodevice_multi,multi,False,False,2012,internal_heldout_repoRT_ood,0097,0097,20,2012,0,frozen_backbone_fresh_head_kshot,kshot_fresh_head_frozen_model,,mol_key,96,96,20,0,ORIGINAL_WORKSPACE/RepoRT_PolyOmics_9exp_weight_only_notebooks/outputs/E3/seed_2012/best_model.pt,best_model.pt,37,38.795730728641225,strict,ORIGINAL_WORKSPACE/RepoRT_PolyOmics_9exp_weight_only_notebooks/outputs/evaluation_E1_E9_internal_heldout_OOD_kshot/_support_splits/seed_2012/0097/K20_repeat2012.csv,300,0.001,0.0001
322.3793325341981,398.0510473251343,369.6072768059297,146.68679903635987,580,-7.586853826943253,0.9463644055553094,580,E3,M0 no PolyOmics × R2 no-device + multitask heads,M0-R2,3,M0_no_aux,R2_nodevice_multi,multi,False,False,2012,internal_heldout_repoRT_ood,0238,0238,0,-1,0,zero_shot_seen_head_mean_ensemble,zero_shot,seen_head_mean_ensemble,mol_key,580,580,0,0,ORIGINAL_WORKSPACE/RepoRT_PolyOmics_9exp_weight_only_notebooks/outputs/E3/seed_2012/best_model.pt,best_model.pt,37,38.795730728641225,strict,,,,
77.82622581979503,40.89609146118164,110.56799317288562,130.7718213439094,575,0.2311712026059154,0.670700399019586,575,E3,M0 no PolyOmics × R2 no-device + multitask heads,M0-R2,3,M0_no_aux,R2_nodevice_multi,multi,False,False,2012,internal_heldout_repoRT_ood,0238,0238,5,2012,0,frozen_backbone_fresh_head_kshot,kshot_fresh_head_frozen_model,,mol_key,580,580,5,0,ORIGINAL_WORKSPACE/RepoRT_PolyOmics_9exp_weight_only_notebooks/outputs/E3/seed_2012/best_model.pt,best_model.pt,37,38.795730728641225,strict,ORIGINAL_WORKSPACE/RepoRT_PolyOmics_9exp_weight_only_notebooks/outputs/evaluation_E1_E9_internal_heldout_OOD_kshot/_support_splits/seed_2012/0238/K5_repeat2012.csv,300,0.001,0.0001
35.040887985910686,25.80514669418335,47.23318230738124,21.75926654483851,560,0.8606630473129,0.9181889233268811,560,E3,M0 no PolyOmics × R2 no-device + multitask heads,M0-R2,3,M0_no_aux,R2_nodevice_multi,multi,False,False,2012,internal_heldout_repoRT_ood,0238,0238,20,2012,0,frozen_backbone_fresh_head_kshot,kshot_fresh_head_frozen_model,,mol_key,580,580,20,0,ORIGINAL_WORKSPACE/RepoRT_PolyOmics_9exp_weight_only_notebooks/outputs/E3/seed_2012/best_model.pt,best_model.pt,37,38.795730728641225,strict,ORIGINAL_WORKSPACE/RepoRT_PolyOmics_9exp_weight_only_notebooks/outputs/evaluation_E1_E9_internal_heldout_OOD_kshot/_support_splits/seed_2012/0238/K20_repeat2012.csv,300,0.001,0.0001
29.519382119178772,19.34903383255005,41.773243979852126,21.471760276757447,480,0.8920201024515546,0.9405508123730588,480,E3,M0 no PolyOmics × R2 no-device + multitask heads,M0-R2,3,M0_no_aux,R2_nodevice_multi,multi,False,False,2012,internal_heldout_repoRT_ood,0238,0238,100,2012,0,frozen_backbone_fresh_head_kshot,kshot_fresh_head_frozen_model,,mol_key,580,580,100,0,ORIGINAL_WORKSPACE/RepoRT_PolyOmics_9exp_weight_only_notebooks/outputs/E3/seed_2012/best_model.pt,best_model.pt,37,38.795730728641225,strict,ORIGINAL_WORKSPACE/RepoRT_PolyOmics_9exp_weight_only_notebooks/outputs/evaluation_E1_E9_internal_heldout_OOD_kshot/_support_splits/seed_2012/0238/K100_repeat2012.csv,300,0.001,0.0001
21.560849980304116,12.291147708892822,35.126623087495474,11.915305536532799,380,0.9236704595669237,0.9536500974253834,380,E3,M0 no PolyOmics × R2 no-device + multitask heads,M0-R2,3,M0_no_aux,R2_nodevice_multi,multi,False,False,2012,internal_heldout_repoRT_ood,0238,0238,200,2012,0,frozen_backbone_fresh_head_kshot,kshot_fresh_head_frozen_model,,mol_key,580,580,200,0,ORIGINAL_WORKSPACE/RepoRT_PolyOmics_9exp_weight_only_notebooks/outputs/E3/seed_2012/best_model.pt,best_model.pt,37,38.795730728641225,strict,ORIGINAL_WORKSPACE/RepoRT_PolyOmics_9exp_weight_only_notebooks/outputs/evaluation_E1_E9_internal_heldout_OOD_kshot/_support_splits/seed_2012/0238/K200_repeat2012.csv,300,0.001,0.0001
171.62285670638084,84.84323501586914,232.06099317288673,66.74481074762288,96,0.7173977539759583,0.9233424743692205,96,E3,M0 no PolyOmics × R2 no-device + multitask heads,M0-R2,3,M0_no_aux,R2_nodevice_multi,multi,False,False,2016,internal_heldout_repoRT_ood,0097,0097,0,-1,0,zero_shot_seen_head_mean_ensemble,zero_shot,seen_head_mean_ensemble,mol_key,96,96,0,0,ORIGINAL_WORKSPACE/RepoRT_PolyOmics_9exp_weight_only_notebooks/outputs/E3/seed_2016/best_model.pt,best_model.pt,93,38.04642127791992,strict,,,,
120.83792068146087,61.911935806274414,205.81299195082997,105.93002885750202,91,0.7789343593109683,0.9067656394863682,91,E3,M0 no PolyOmics × R2 no-device + multitask heads,M0-R2,3,M0_no_aux,R2_nodevice_multi,multi,False,False,2016,internal_heldout_repoRT_ood,0097,0097,5,2016,0,frozen_backbone_fresh_head_kshot,kshot_fresh_head_frozen_model,,mol_key,96,96,5,0,ORIGINAL_WORKSPACE/RepoRT_PolyOmics_9exp_weight_only_notebooks/outputs/E3/seed_2016/best_model.pt,best_model.pt,93,38.04642127791992,strict,ORIGINAL_WORKSPACE/RepoRT_PolyOmics_9exp_weight_only_notebooks/outputs/evaluation_E1_E9_internal_heldout_OOD_kshot/_support_splits/seed_2016/0097/K5_repeat2016.csv,300,0.001,0.0001
91.79694828234221,30.469822883605957,155.69040241033326,47.43703162757506,76,0.8802702784652945,0.9583494112774704,76,E3,M0 no PolyOmics × R2 no-device + multitask heads,M0-R2,3,M0_no_aux,R2_nodevice_multi,multi,False,False,2016,internal_heldout_repoRT_ood,0097,0097,20,2016,0,frozen_backbone_fresh_head_kshot,kshot_fresh_head_frozen_model,,mol_key,96,96,20,0,ORIGINAL_WORKSPACE/RepoRT_PolyOmics_9exp_weight_only_notebooks/outputs/E3/seed_2016/best_model.pt,best_model.pt,93,38.04642127791992,strict,ORIGINAL_WORKSPACE/RepoRT_PolyOmics_9exp_weight_only_notebooks/outputs/evaluation_E1_E9_internal_heldout_OOD_kshot/_support_splits/seed_2016/0097/K20_repeat2016.csv,300,0.001,0.0001
321.0832654607707,380.2601909637451,376.2393000625385,142.88354606000468,580,-7.897773832205003,0.9451630539917809,580,E3,M0 no PolyOmics × R2 no-device + multitask heads,M0-R2,3,M0_no_aux,R2_nodevice_multi,multi,False,False,2016,internal_heldout_repoRT_ood,0238,0238,0,-1,0,zero_shot_seen_head_mean_ensemble,zero_shot,seen_head_mean_ensemble,mol_key,580,580,0,0,ORIGINAL_WORKSPACE/RepoRT_PolyOmics_9exp_weight_only_notebooks/outputs/E3/seed_2016/best_model.pt,best_model.pt,93,38.04642127791992,strict,,,,
61.68258319523024,35.883779525756836,88.40573590727479,26.412233417997292,575,0.5070051857069074,0.9322922910909484,575,E3,M0 no PolyOmics × R2 no-device + multitask heads,M0-R2,3,M0_no_aux,R2_nodevice_multi,multi,False,False,2016,internal_heldout_repoRT_ood,0238,0238,5,2016,0,frozen_backbone_fresh_head_kshot,kshot_fresh_head_frozen_model,,mol_key,580,580,5,0,ORIGINAL_WORKSPACE/RepoRT_PolyOmics_9exp_weight_only_notebooks/outputs/E3/seed_2016/best_model.pt,best_model.pt,93,38.04642127791992,strict,ORIGINAL_WORKSPACE/RepoRT_PolyOmics_9exp_weight_only_notebooks/outputs/evaluation_E1_E9_internal_heldout_OOD_kshot/_support_splits/seed_2016/0238/K5_repeat2016.csv,300,0.001,0.0001
41.87868243455887,30.02101421356201,59.81441822638551,20.849521793443547,560,0.7735691866935663,0.8757715256233767,560,E3,M0 no PolyOmics × R2 no-device + multitask heads,M0-R2,3,M0_no_aux,R2_nodevice_multi,multi,False,False,2016,internal_heldout_repoRT_ood,0238,0238,20,2016,0,frozen_backbone_fresh_head_kshot,kshot_fresh_head_frozen_model,,mol_key,580,580,20,0,ORIGINAL_WORKSPACE/RepoRT_PolyOmics_9exp_weight_only_notebooks/outputs/E3/seed_2016/best_model.pt,best_model.pt,93,38.04642127791992,strict,ORIGINAL_WORKSPACE/RepoRT_PolyOmics_9exp_weight_only_notebooks/outputs/evaluation_E1_E9_internal_heldout_OOD_kshot/_support_splits/seed_2016/0238/K20_repeat2016.csv,300,0.001,0.0001
22.513485342264175,13.440413475036621,36.16873027001201,13.819335720434092,480,0.9171076896026165,0.9471706656224715,480,E3,M0 no PolyOmics × R2 no-device + multitask heads,M0-R2,3,M0_no_aux,R2_nodevice_multi,multi,False,False,2016,internal_heldout_repoRT_ood,0238,0238,100,2016,0,frozen_backbone_fresh_head_kshot,kshot_fresh_head_frozen_model,,mol_key,580,580,100,0,ORIGINAL_WORKSPACE/RepoRT_PolyOmics_9exp_weight_only_notebooks/outputs/E3/seed_2016/best_model.pt,best_model.pt,93,38.04642127791992,strict,ORIGINAL_WORKSPACE/RepoRT_PolyOmics_9exp_weight_only_notebooks/outputs/evaluation_E1_E9_internal_heldout_OOD_kshot/_support_splits/seed_2016/0238/K100_repeat2016.csv,300,0.001,0.0001
20.868642305072985,12.046294212341309,36.02040282806307,14.65267235045708,380,0.9183494947392269,0.9555441397545396,380,E3,M0 no PolyOmics × R2 no-device + multitask heads,M0-R2,3,M0_no_aux,R2_nodevice_multi,multi,False,False,2016,internal_heldout_repoRT_ood,0238,0238,200,2016,0,frozen_backbone_fresh_head_kshot,kshot_fresh_head_frozen_model,,mol_key,580,580,200,0,ORIGINAL_WORKSPACE/RepoRT_PolyOmics_9exp_weight_only_notebooks/outputs/E3/seed_2016/best_model.pt,best_model.pt,93,38.04642127791992,strict,ORIGINAL_WORKSPACE/RepoRT_PolyOmics_9exp_weight_only_notebooks/outputs/evaluation_E1_E9_internal_heldout_OOD_kshot/_support_splits/seed_2016/0238/K200_repeat2016.csv,300,0.001,0.0001
170.93447983264923,64.04805421829224,237.16447943702522,57.43591388926933,96,0.7048310834074222,0.929875253608188,96,E3,M0 no PolyOmics × R2 no-device + multitask heads,M0-R2,3,M0_no_aux,R2_nodevice_multi,multi,False,False,2020,internal_heldout_repoRT_ood,0097,0097,0,-1,0,zero_shot_seen_head_mean_ensemble,zero_shot,seen_head_mean_ensemble,mol_key,96,96,0,0,ORIGINAL_WORKSPACE/RepoRT_PolyOmics_9exp_weight_only_notebooks/outputs/E3/seed_2020/best_model.pt,best_model.pt,62,41.145717997697126,strict,,,,
68.32832147786905,28.314857482910156,127.98705490412283,23.04216580701015,91,0.9148541406942701,0.9323294506372389,91,E3,M0 no PolyOmics × R2 no-device + multitask heads,M0-R2,3,M0_no_aux,R2_nodevice_multi,multi,False,False,2020,internal_heldout_repoRT_ood,0097,0097,5,2020,0,frozen_backbone_fresh_head_kshot,kshot_fresh_head_frozen_model,,mol_key,96,96,5,0,ORIGINAL_WORKSPACE/RepoRT_PolyOmics_9exp_weight_only_notebooks/outputs/E3/seed_2020/best_model.pt,best_model.pt,62,41.145717997697126,strict,ORIGINAL_WORKSPACE/RepoRT_PolyOmics_9exp_weight_only_notebooks/outputs/evaluation_E1_E9_internal_heldout_OOD_kshot/_support_splits/seed_2020/0097/K5_repeat2020.csv,300,0.001,0.0001
68.82503289925425,23.88524293899536,126.92321837330977,23.10798403875247,76,0.9085079408407619,0.8825992731701146,76,E3,M0 no PolyOmics × R2 no-device + multitask heads,M0-R2,3,M0_no_aux,R2_nodevice_multi,multi,False,False,2020,internal_heldout_repoRT_ood,0097,0097,20,2020,0,frozen_backbone_fresh_head_kshot,kshot_fresh_head_frozen_model,,mol_key,96,96,20,0,ORIGINAL_WORKSPACE/RepoRT_PolyOmics_9exp_weight_only_notebooks/outputs/E3/seed_2020/best_model.pt,best_model.pt,62,41.145717997697126,strict,ORIGINAL_WORKSPACE/RepoRT_PolyOmics_9exp_weight_only_notebooks/outputs/evaluation_E1_E9_internal_heldout_OOD_kshot/_support_splits/seed_2020/0097/K20_repeat2020.csv,300,0.001,0.0001
310.3464762506814,350.16985416412354,360.1059355778664,140.1786761615575,580,-7.151051060005248,0.9449318333067075,580,E3,M0 no PolyOmics × R2 no-device + multitask heads,M0-R2,3,M0_no_aux,R2_nodevice_multi,multi,False,False,2020,internal_heldout_repoRT_ood,0238,0238,0,-1,0,zero_shot_seen_head_mean_ensemble,zero_shot,seen_head_mean_ensemble,mol_key,580,580,0,0,ORIGINAL_WORKSPACE/RepoRT_PolyOmics_9exp_weight_only_notebooks/outputs/E3/seed_2020/best_model.pt,best_model.pt,62,41.145717997697126,strict,,,,
62.631649116847825,38.423824310302734,88.42385087395174,29.457526893994277,575,0.5103758097885078,0.9535061909678907,575,E3,M0 no PolyOmics × R2 no-device + multitask heads,M0-R2,3,M0_no_aux,R2_nodevice_multi,multi,False,False,2020,internal_heldout_repoRT_ood,0238,0238,5,2020,0,frozen_backbone_fresh_head_kshot,kshot_fresh_head_frozen_model,,mol_key,580,580,5,0,ORIGINAL_WORKSPACE/RepoRT_PolyOmics_9exp_weight_only_notebooks/outputs/E3/seed_2020/best_model.pt,best_model.pt,62,41.145717997697126,strict,ORIGINAL_WORKSPACE/RepoRT_PolyOmics_9exp_weight_only_notebooks/outputs/evaluation_E1_E9_internal_heldout_OOD_kshot/_support_splits/seed_2020/0238/K5_repeat2020.csv,300,0.001,0.0001
45.132352454321726,28.528432846069336,70.18107610619666,33.5616481034305,560,0.6897089338922313,0.8576218189721627,560,E3,M0 no PolyOmics × R2 no-device + multitask heads,M0-R2,3,M0_no_aux,R2_nodevice_multi,multi,False,False,2020,internal_heldout_repoRT_ood,0238,0238,20,2020,0,frozen_backbone_fresh_head_kshot,kshot_fresh_head_frozen_model,,mol_key,580,580,20,0,ORIGINAL_WORKSPACE/RepoRT_PolyOmics_9exp_weight_only_notebooks/outputs/E3/seed_2020/best_model.pt,best_model.pt,62,41.145717997697126,strict,ORIGINAL_WORKSPACE/RepoRT_PolyOmics_9exp_weight_only_notebooks/outputs/evaluation_E1_E9_internal_heldout_OOD_kshot/_support_splits/seed_2020/0238/K20_repeat2020.csv,300,0.001,0.0001
29.259375005960464,17.21881628036499,43.87600512246723,15.760666186730138,480,0.8777263566384441,0.9240353517838328,480,E3,M0 no PolyOmics × R2 no-device + multitask heads,M0-R2,3,M0_no_aux,R2_nodevice_multi,multi,False,False,2020,internal_heldout_repoRT_ood,0238,0238,100,2020,0,frozen_backbone_fresh_head_kshot,kshot_fresh_head_frozen_model,,mol_key,580,580,100,0,ORIGINAL_WORKSPACE/RepoRT_PolyOmics_9exp_weight_only_notebooks/outputs/E3/seed_2020/best_model.pt,best_model.pt,62,41.145717997697126,strict,ORIGINAL_WORKSPACE/RepoRT_PolyOmics_9exp_weight_only_notebooks/outputs/evaluation_E1_E9_internal_heldout_OOD_kshot/_support_splits/seed_2020/0238/K100_repeat2020.csv,300,0.001,0.0001
22.075480059573525,12.116045951843262,36.69124986657797,13.72462390987255,380,0.9149218269222404,0.9494149675309589,380,E3,M0 no PolyOmics × R2 no-device + multitask heads,M0-R2,3,M0_no_aux,R2_nodevice_multi,multi,False,False,2020,internal_heldout_repoRT_ood,0238,0238,200,2020,0,frozen_backbone_fresh_head_kshot,kshot_fresh_head_frozen_model,,mol_key,580,580,200,0,ORIGINAL_WORKSPACE/RepoRT_PolyOmics_9exp_weight_only_notebooks/outputs/E3/seed_2020/best_model.pt,best_model.pt,62,41.145717997697126,strict,ORIGINAL_WORKSPACE/RepoRT_PolyOmics_9exp_weight_only_notebooks/outputs/evaluation_E1_E9_internal_heldout_OOD_kshot/_support_splits/seed_2020/0238/K200_repeat2020.csv,300,0.001,0.0001
169.95915547013283,84.7681474685669,230.85949260098576,61.22019696932739,96,0.720316538350095,0.9374266574686163,96,E3,M0 no PolyOmics × R2 no-device + multitask heads,M0-R2,3,M0_no_aux,R2_nodevice_multi,multi,False,False,2022,internal_heldout_repoRT_ood,0097,0097,0,-1,0,zero_shot_seen_head_mean_ensemble,zero_shot,seen_head_mean_ensemble,mol_key,96,96,0,0,ORIGINAL_WORKSPACE/RepoRT_PolyOmics_9exp_weight_only_notebooks/outputs/E3/seed_2022/best_model.pt,best_model.pt,30,41.80252719336361,strict,,,,
244.7343665426904,127.83193588256836,347.5853872858956,37.90118126392702,91,0.3733547814480075,0.9601214383588889,91,E3,M0 no PolyOmics × R2 no-device + multitask heads,M0-R2,3,M0_no_aux,R2_nodevice_multi,multi,False,False,2022,internal_heldout_repoRT_ood,0097,0097,5,2022,0,frozen_backbone_fresh_head_kshot,kshot_fresh_head_frozen_model,,mol_key,96,96,5,0,ORIGINAL_WORKSPACE/RepoRT_PolyOmics_9exp_weight_only_notebooks/outputs/E3/seed_2022/best_model.pt,best_model.pt,30,41.80252719336361,strict,ORIGINAL_WORKSPACE/RepoRT_PolyOmics_9exp_weight_only_notebooks/outputs/evaluation_E1_E9_internal_heldout_OOD_kshot/_support_splits/seed_2022/0097/K5_repeat2022.csv,300,0.001,0.0001
124.58290965933548,46.532979011535645,201.5578263037244,87.07429796394418,76,0.7827415815884899,0.8787535201266894,76,E3,M0 no PolyOmics × R2 no-device + multitask heads,M0-R2,3,M0_no_aux,R2_nodevice_multi,multi,False,False,2022,internal_heldout_repoRT_ood,0097,0097,20,2022,0,frozen_backbone_fresh_head_kshot,kshot_fresh_head_frozen_model,,mol_key,96,96,20,0,ORIGINAL_WORKSPACE/RepoRT_PolyOmics_9exp_weight_only_notebooks/outputs/E3/seed_2022/best_model.pt,best_model.pt,30,41.80252719336361,strict,ORIGINAL_WORKSPACE/RepoRT_PolyOmics_9exp_weight_only_notebooks/outputs/evaluation_E1_E9_internal_heldout_OOD_kshot/_support_splits/seed_2022/0097/K20_repeat2022.csv,300,0.001,0.0001
322.1331921692552,355.16289710998535,377.7471815312882,142.41338269876022,580,-7.9692372822495745,0.956298830814816,580,E3,M0 no PolyOmics × R2 no-device + multitask heads,M0-R2,3,M0_no_aux,R2_nodevice_multi,multi,False,False,2022,internal_heldout_repoRT_ood,0238,0238,0,-1,0,zero_shot_seen_head_mean_ensemble,zero_shot,seen_head_mean_ensemble,mol_key,580,580,0,0,ORIGINAL_WORKSPACE/RepoRT_PolyOmics_9exp_weight_only_notebooks/outputs/E3/seed_2022/best_model.pt,best_model.pt,30,41.80252719336361,strict,,,,
75.25517941350522,53.15959453582764,100.55808134527766,115.57594078708901,575,0.363832483522868,0.7386904613662237,575,E3,M0 no PolyOmics × R2 no-device + multitask heads,M0-R2,3,M0_no_aux,R2_nodevice_multi,multi,False,False,2022,internal_heldout_repoRT_ood,0238,0238,5,2022,0,frozen_backbone_fresh_head_kshot,kshot_fresh_head_frozen_model,,mol_key,580,580,5,0,ORIGINAL_WORKSPACE/RepoRT_PolyOmics_9exp_weight_only_notebooks/outputs/E3/seed_2022/best_model.pt,best_model.pt,30,41.80252719336361,strict,ORIGINAL_WORKSPACE/RepoRT_PolyOmics_9exp_weight_only_notebooks/outputs/evaluation_E1_E9_internal_heldout_OOD_kshot/_support_splits/seed_2022/0238/K5_repeat2022.csv,300,0.001,0.0001
32.08013440029962,22.33114242553711,46.512251801130674,16.611297722898932,560,0.864038886927454,0.916312610041002,560,E3,M0 no PolyOmics × R2 no-device + multitask heads,M0-R2,3,M0_no_aux,R2_nodevice_multi,multi,False,False,2022,internal_heldout_repoRT_ood,0238,0238,20,2022,0,frozen_backbone_fresh_head_kshot,kshot_fresh_head_frozen_model,,mol_key,580,580,20,0,ORIGINAL_WORKSPACE/RepoRT_PolyOmics_9exp_weight_only_notebooks/outputs/E3/seed_2022/best_model.pt,best_model.pt,30,41.80252719336361,strict,ORIGINAL_WORKSPACE/RepoRT_PolyOmics_9exp_weight_only_notebooks/outputs/evaluation_E1_E9_internal_heldout_OOD_kshot/_support_splits/seed_2022/0238/K20_repeat2022.csv,300,0.001,0.0001
24.35639840364456,14.109113216400146,37.03443769735665,14.304665083775905,480,0.9127865495126308,0.9446396357312963,480,E3,M0 no PolyOmics × R2 no-device + multitask heads,M0-R2,3,M0_no_aux,R2_nodevice_multi,multi,False,False,2022,internal_heldout_repoRT_ood,0238,0238,100,2022,0,frozen_backbone_fresh_head_kshot,kshot_fresh_head_frozen_model,,mol_key,580,580,100,0,ORIGINAL_WORKSPACE/RepoRT_PolyOmics_9exp_weight_only_notebooks/outputs/E3/seed_2022/best_model.pt,best_model.pt,30,41.80252719336361,strict,ORIGINAL_WORKSPACE/RepoRT_PolyOmics_9exp_weight_only_notebooks/outputs/evaluation_E1_E9_internal_heldout_OOD_kshot/_support_splits/seed_2022/0238/K100_repeat2022.csv,300,0.001,0.0001
21.213755984055368,13.762307167053223,31.094844513587436,14.693389786720209,380,0.9418079515508095,0.9576943008540535,380,E3,M0 no PolyOmics × R2 no-device + multitask heads,M0-R2,3,M0_no_aux,R2_nodevice_multi,multi,False,False,2022,internal_heldout_repoRT_ood,0238,0238,200,2022,0,frozen_backbone_fresh_head_kshot,kshot_fresh_head_frozen_model,,mol_key,580,580,200,0,ORIGINAL_WORKSPACE/RepoRT_PolyOmics_9exp_weight_only_notebooks/outputs/E3/seed_2022/best_model.pt,best_model.pt,30,41.80252719336361,strict,ORIGINAL_WORKSPACE/RepoRT_PolyOmics_9exp_weight_only_notebooks/outputs/evaluation_E1_E9_internal_heldout_OOD_kshot/_support_splits/seed_2022/0238/K200_repeat2022.csv,300,0.001,0.0001
170.67940443754196,106.43077611923218,239.5548961786135,57.07731715921609,96,0.6988510065858158,0.9313013280782331,96,E3,M0 no PolyOmics × R2 no-device + multitask heads,M0-R2,3,M0_no_aux,R2_nodevice_multi,multi,False,False,2027,internal_heldout_repoRT_ood,0097,0097,0,-1,0,zero_shot_seen_head_mean_ensemble,zero_shot,seen_head_mean_ensemble,mol_key,96,96,0,0,ORIGINAL_WORKSPACE/RepoRT_PolyOmics_9exp_weight_only_notebooks/outputs/E3/seed_2027/best_model.pt,best_model.pt,82,36.37690450598004,strict,,,,
109.82532836578704,67.05196380615234,180.3396417909892,45.45087185333666,91,0.8302422659473467,0.8944563692021463,91,E3,M0 no PolyOmics × R2 no-device + multitask heads,M0-R2,3,M0_no_aux,R2_nodevice_multi,multi,False,False,2027,internal_heldout_repoRT_ood,0097,0097,5,2027,0,frozen_backbone_fresh_head_kshot,kshot_fresh_head_frozen_model,,mol_key,96,96,5,0,ORIGINAL_WORKSPACE/RepoRT_PolyOmics_9exp_weight_only_notebooks/outputs/E3/seed_2027/best_model.pt,best_model.pt,82,36.37690450598004,strict,ORIGINAL_WORKSPACE/RepoRT_PolyOmics_9exp_weight_only_notebooks/outputs/evaluation_E1_E9_internal_heldout_OOD_kshot/_support_splits/seed_2027/0097/K5_repeat2027.csv,300,0.001,0.0001
94.10622257935374,36.24455451965332,151.17799377633546,63.704353966376395,76,0.8836948234431043,0.9302483508173257,76,E3,M0 no PolyOmics × R2 no-device + multitask heads,M0-R2,3,M0_no_aux,R2_nodevice_multi,multi,False,False,2027,internal_heldout_repoRT_ood,0097,0097,20,2027,0,frozen_backbone_fresh_head_kshot,kshot_fresh_head_frozen_model,,mol_key,96,96,20,0,ORIGINAL_WORKSPACE/RepoRT_PolyOmics_9exp_weight_only_notebooks/outputs/E3/seed_2027/best_model.pt,best_model.pt,82,36.37690450598004,strict,ORIGINAL_WORKSPACE/RepoRT_PolyOmics_9exp_weight_only_notebooks/outputs/evaluation_E1_E9_internal_heldout_OOD_kshot/_support_splits/seed_2027/0097/K20_repeat2027.csv,300,0.001,0.0001
322.71869531171075,378.1983947753906,376.6061307270597,139.74864509206995,580,-7.915132865759253,0.9621920196280234,580,E3,M0 no PolyOmics × R2 no-device + multitask heads,M0-R2,3,M0_no_aux,R2_nodevice_multi,multi,False,False,2027,internal_heldout_repoRT_ood,0238,0238,0,-1,0,zero_shot_seen_head_mean_ensemble,zero_shot,seen_head_mean_ensemble,mol_key,580,580,0,0,ORIGINAL_WORKSPACE/RepoRT_PolyOmics_9exp_weight_only_notebooks/outputs/E3/seed_2027/best_model.pt,best_model.pt,82,36.37690450598004,strict,,,,
61.66603043597677,25.11855125427246,94.30565458377602,111.67594802573078,575,0.44304272741900663,0.770288405844129,575,E3,M0 no PolyOmics × R2 no-device + multitask heads,M0-R2,3,M0_no_aux,R2_nodevice_multi,multi,False,False,2027,internal_heldout_repoRT_ood,0238,0238,5,2027,0,frozen_backbone_fresh_head_kshot,kshot_fresh_head_frozen_model,,mol_key,580,580,5,0,ORIGINAL_WORKSPACE/RepoRT_PolyOmics_9exp_weight_only_notebooks/outputs/E3/seed_2027/best_model.pt,best_model.pt,82,36.37690450598004,strict,ORIGINAL_WORKSPACE/RepoRT_PolyOmics_9exp_weight_only_notebooks/outputs/evaluation_E1_E9_internal_heldout_OOD_kshot/_support_splits/seed_2027/0238/K5_repeat2027.csv,300,0.001,0.0001
38.94146032844271,18.669440746307373,67.93921236900816,16.5304112417086,560,0.7085451939085922,0.7901860957293497,560,E3,M0 no PolyOmics × R2 no-device + multitask heads,M0-R2,3,M0_no_aux,R2_nodevice_multi,multi,False,False,2027,internal_heldout_repoRT_ood,0238,0238,20,2027,0,frozen_backbone_fresh_head_kshot,kshot_fresh_head_frozen_model,,mol_key,580,580,20,0,ORIGINAL_WORKSPACE/RepoRT_PolyOmics_9exp_weight_only_notebooks/outputs/E3/seed_2027/best_model.pt,best_model.pt,82,36.37690450598004,strict,ORIGINAL_WORKSPACE/RepoRT_PolyOmics_9exp_weight_only_notebooks/outputs/evaluation_E1_E9_internal_heldout_OOD_kshot/_support_splits/seed_2027/0238/K20_repeat2027.csv,300,0.001,0.0001
21.207342952489853,11.348133087158203,34.58643216547536,13.477014688448666,480,0.9219955566245694,0.9542580438840126,480,E3,M0 no PolyOmics × R2 no-device + multitask heads,M0-R2,3,M0_no_aux,R2_nodevice_multi,multi,False,False,2027,internal_heldout_repoRT_ood,0238,0238,100,2027,0,frozen_backbone_fresh_head_kshot,kshot_fresh_head_frozen_model,,mol_key,580,580,100,0,ORIGINAL_WORKSPACE/RepoRT_PolyOmics_9exp_weight_only_notebooks/outputs/E3/seed_2027/best_model.pt,best_model.pt,82,36.37690450598004,strict,ORIGINAL_WORKSPACE/RepoRT_PolyOmics_9exp_weight_only_notebooks/outputs/evaluation_E1_E9_internal_heldout_OOD_kshot/_support_splits/seed_2027/0238/K100_repeat2027.csv,300,0.001,0.0001
17.213479644373844,9.172682762145996,30.115760388871543,10.24217761276813,380,0.941598221001138,0.9641822126878347,380,E3,M0 no PolyOmics × R2 no-device + multitask heads,M0-R2,3,M0_no_aux,R2_nodevice_multi,multi,False,False,2027,internal_heldout_repoRT_ood,0238,0238,200,2027,0,frozen_backbone_fresh_head_kshot,kshot_fresh_head_frozen_model,,mol_key,580,580,200,0,ORIGINAL_WORKSPACE/RepoRT_PolyOmics_9exp_weight_only_notebooks/outputs/E3/seed_2027/best_model.pt,best_model.pt,82,36.37690450598004,strict,ORIGINAL_WORKSPACE/RepoRT_PolyOmics_9exp_weight_only_notebooks/outputs/evaluation_E1_E9_internal_heldout_OOD_kshot/_support_splits/seed_2027/0238/K200_repeat2027.csv,300,0.001,0.0001
164.44492772221565,78.70865821838379,228.6302136089461,53.170189218731124,96,0.7256919460596836,0.9594832759386442,96,E3,M0 no PolyOmics × R2 no-device + multitask heads,M0-R2,3,M0_no_aux,R2_nodevice_multi,multi,False,False,2032,internal_heldout_repoRT_ood,0097,0097,0,-1,0,zero_shot_seen_head_mean_ensemble,zero_shot,seen_head_mean_ensemble,mol_key,96,96,0,0,ORIGINAL_WORKSPACE/RepoRT_PolyOmics_9exp_weight_only_notebooks/outputs/E3/seed_2032/best_model.pt,best_model.pt,66,34.64479171037411,strict,,,,
106.76637686215915,71.04407787322998,150.1730033642672,90.97078635599384,91,0.8804023713746959,0.9546411850417736,91,E3,M0 no PolyOmics × R2 no-device + multitask heads,M0-R2,3,M0_no_aux,R2_nodevice_multi,multi,False,False,2032,internal_heldout_repoRT_ood,0097,0097,5,2032,0,frozen_backbone_fresh_head_kshot,kshot_fresh_head_frozen_model,,mol_key,96,96,5,0,ORIGINAL_WORKSPACE/RepoRT_PolyOmics_9exp_weight_only_notebooks/outputs/E3/seed_2032/best_model.pt,best_model.pt,66,34.64479171037411,strict,ORIGINAL_WORKSPACE/RepoRT_PolyOmics_9exp_weight_only_notebooks/outputs/evaluation_E1_E9_internal_heldout_OOD_kshot/_support_splits/seed_2032/0097/K5_repeat2032.csv,300,0.001,0.0001
67.52188513153477,28.897705078125,111.5210114097589,68.93873346871692,76,0.9297433575423898,0.9100120254073696,76,E3,M0 no PolyOmics × R2 no-device + multitask heads,M0-R2,3,M0_no_aux,R2_nodevice_multi,multi,False,False,2032,internal_heldout_repoRT_ood,0097,0097,20,2032,0,frozen_backbone_fresh_head_kshot,kshot_fresh_head_frozen_model,,mol_key,96,96,20,0,ORIGINAL_WORKSPACE/RepoRT_PolyOmics_9exp_weight_only_notebooks/outputs/E3/seed_2032/best_model.pt,best_model.pt,66,34.64479171037411,strict,ORIGINAL_WORKSPACE/RepoRT_PolyOmics_9exp_weight_only_notebooks/outputs/evaluation_E1_E9_internal_heldout_OOD_kshot/_support_splits/seed_2032/0097/K20_repeat2032.csv,300,0.001,0.0001
325.2785000472233,394.5819282531738,378.49569103024345,141.9776235639013,580,-8.004817814986282,0.9639003196121602,580,E3,M0 no PolyOmics × R2 no-device + multitask heads,M0-R2,3,M0_no_aux,R2_nodevice_multi,multi,False,False,2032,internal_heldout_repoRT_ood,0238,0238,0,-1,0,zero_shot_seen_head_mean_ensemble,zero_shot,seen_head_mean_ensemble,mol_key,580,580,0,0,ORIGINAL_WORKSPACE/RepoRT_PolyOmics_9exp_weight_only_notebooks/outputs/E3/seed_2032/best_model.pt,best_model.pt,66,34.64479171037411,strict,,,,
36.095265894350796,18.77812385559082,53.63616863534374,56.33683362480312,575,0.8196043773617895,0.9223377697161649,575,E3,M0 no PolyOmics × R2 no-device + multitask heads,M0-R2,3,M0_no_aux,R2_nodevice_multi,multi,False,False,2032,internal_heldout_repoRT_ood,0238,0238,5,2032,0,frozen_backbone_fresh_head_kshot,kshot_fresh_head_frozen_model,,mol_key,580,580,5,0,ORIGINAL_WORKSPACE/RepoRT_PolyOmics_9exp_weight_only_notebooks/outputs/E3/seed_2032/best_model.pt,best_model.pt,66,34.64479171037411,strict,ORIGINAL_WORKSPACE/RepoRT_PolyOmics_9exp_weight_only_notebooks/outputs/evaluation_E1_E9_internal_heldout_OOD_kshot/_support_splits/seed_2032/0238/K5_repeat2032.csv,300,0.001,0.0001
37.88483972208841,24.53199863433838,53.725399952638966,37.72645700335162,560,0.8193153451704513,0.9231300853306756,560,E3,M0 no PolyOmics × R2 no-device + multitask heads,M0-R2,3,M0_no_aux,R2_nodevice_multi,multi,False,False,2032,internal_heldout_repoRT_ood,0238,0238,20,2032,0,frozen_backbone_fresh_head_kshot,kshot_fresh_head_frozen_model,,mol_key,580,580,20,0,ORIGINAL_WORKSPACE/RepoRT_PolyOmics_9exp_weight_only_notebooks/outputs/E3/seed_2032/best_model.pt,best_model.pt,66,34.64479171037411,strict,ORIGINAL_WORKSPACE/RepoRT_PolyOmics_9exp_weight_only_notebooks/outputs/evaluation_E1_E9_internal_heldout_OOD_kshot/_support_splits/seed_2032/0238/K20_repeat2032.csv,300,0.001,0.0001
19.234970331192017,11.351873874664307,30.222831315494876,10.7258780543053,480,0.940257282089555,0.960294854180347,480,E3,M0 no PolyOmics × R2 no-device + multitask heads,M0-R2,3,M0_no_aux,R2_nodevice_multi,multi,False,False,2032,internal_heldout_repoRT_ood,0238,0238,100,2032,0,frozen_backbone_fresh_head_kshot,kshot_fresh_head_frozen_model,,mol_key,580,580,100,0,ORIGINAL_WORKSPACE/RepoRT_PolyOmics_9exp_weight_only_notebooks/outputs/E3/seed_2032/best_model.pt,best_model.pt,66,34.64479171037411,strict,ORIGINAL_WORKSPACE/RepoRT_PolyOmics_9exp_weight_only_notebooks/outputs/evaluation_E1_E9_internal_heldout_OOD_kshot/_support_splits/seed_2032/0238/K100_repeat2032.csv,300,0.001,0.0001
19.94434841055619,11.224050521850586,31.298916571080838,11.813756585982098,380,0.9394736800610255,0.9612462810224666,380,E3,M0 no PolyOmics × R2 no-device + multitask heads,M0-R2,3,M0_no_aux,R2_nodevice_multi,multi,False,False,2032,internal_heldout_repoRT_ood,0238,0238,200,2032,0,frozen_backbone_fresh_head_kshot,kshot_fresh_head_frozen_model,,mol_key,580,580,200,0,ORIGINAL_WORKSPACE/RepoRT_PolyOmics_9exp_weight_only_notebooks/outputs/E3/seed_2032/best_model.pt,best_model.pt,66,34.64479171037411,strict,ORIGINAL_WORKSPACE/RepoRT_PolyOmics_9exp_weight_only_notebooks/outputs/evaluation_E1_E9_internal_heldout_OOD_kshot/_support_splits/seed_2032/0238/K200_repeat2032.csv,300,0.001,0.0001
169.7866688668728,70.58789491653442,238.64044346819912,52.59967400783751,96,0.7011457661752201,0.9601691498504278,96,E3,M0 no PolyOmics × R2 no-device + multitask heads,M0-R2,3,M0_no_aux,R2_nodevice_multi,multi,False,False,2034,internal_heldout_repoRT_ood,0097,0097,0,-1,0,zero_shot_seen_head_mean_ensemble,zero_shot,seen_head_mean_ensemble,mol_key,96,96,0,0,ORIGINAL_WORKSPACE/RepoRT_PolyOmics_9exp_weight_only_notebooks/outputs/E3/seed_2034/best_model.pt,best_model.pt,17,41.61864445418569,strict,,,,
94.07371091318655,88.54843139648438,122.95143720831382,117.48130742742073,91,0.9175454667738514,0.9560098521287351,91,E3,M0 no PolyOmics × R2 no-device + multitask heads,M0-R2,3,M0_no_aux,R2_nodevice_multi,multi,False,False,2034,internal_heldout_repoRT_ood,0097,0097,5,2034,0,frozen_backbone_fresh_head_kshot,kshot_fresh_head_frozen_model,,mol_key,96,96,5,0,ORIGINAL_WORKSPACE/RepoRT_PolyOmics_9exp_weight_only_notebooks/outputs/E3/seed_2034/best_model.pt,best_model.pt,17,41.61864445418569,strict,ORIGINAL_WORKSPACE/RepoRT_PolyOmics_9exp_weight_only_notebooks/outputs/evaluation_E1_E9_internal_heldout_OOD_kshot/_support_splits/seed_2034/0097/K5_repeat2034.csv,300,0.001,0.0001
52.05852514819095,19.519879817962646,97.38531049346821,38.33466901233937,76,0.9492551293241596,0.9428752184162876,76,E3,M0 no PolyOmics × R2 no-device + multitask heads,M0-R2,3,M0_no_aux,R2_nodevice_multi,multi,False,False,2034,internal_heldout_repoRT_ood,0097,0097,20,2034,0,frozen_backbone_fresh_head_kshot,kshot_fresh_head_frozen_model,,mol_key,96,96,20,0,ORIGINAL_WORKSPACE/RepoRT_PolyOmics_9exp_weight_only_notebooks/outputs/E3/seed_2034/best_model.pt,best_model.pt,17,41.61864445418569,strict,ORIGINAL_WORKSPACE/RepoRT_PolyOmics_9exp_weight_only_notebooks/outputs/evaluation_E1_E9_internal_heldout_OOD_kshot/_support_splits/seed_2034/0097/K20_repeat2034.csv,300,0.001,0.0001
296.60880046877367,343.0575942993164,354.8796166613385,126.9813203743259,580,-6.916170815445033,0.9474755229337317,580,E3,M0 no PolyOmics × R2 no-device + multitask heads,M0-R2,3,M0_no_aux,R2_nodevice_multi,multi,False,False,2034,internal_heldout_repoRT_ood,0238,0238,0,-1,0,zero_shot_seen_head_mean_ensemble,zero_shot,seen_head_mean_ensemble,mol_key,580,580,0,0,ORIGINAL_WORKSPACE/RepoRT_PolyOmics_9exp_weight_only_notebooks/outputs/E3/seed_2034/best_model.pt,best_model.pt,17,41.61864445418569,strict,,,,
50.54123449740202,42.32899188995361,65.24167507821852,36.90923937308786,575,0.7314983847317786,0.9156347338150342,575,E3,M0 no PolyOmics × R2 no-device + multitask heads,M0-R2,3,M0_no_aux,R2_nodevice_multi,multi,False,False,2034,internal_heldout_repoRT_ood,0238,0238,5,2034,0,frozen_backbone_fresh_head_kshot,kshot_fresh_head_frozen_model,,mol_key,580,580,5,0,ORIGINAL_WORKSPACE/RepoRT_PolyOmics_9exp_weight_only_notebooks/outputs/E3/seed_2034/best_model.pt,best_model.pt,17,41.61864445418569,strict,ORIGINAL_WORKSPACE/RepoRT_PolyOmics_9exp_weight_only_notebooks/outputs/evaluation_E1_E9_internal_heldout_OOD_kshot/_support_splits/seed_2034/0238/K5_repeat2034.csv,300,0.001,0.0001
29.5589297073228,18.312406539916992,44.50387324544665,16.773767343052267,560,0.8759214023796822,0.9271306222279376,560,E3,M0 no PolyOmics × R2 no-device + multitask heads,M0-R2,3,M0_no_aux,R2_nodevice_multi,multi,False,False,2034,internal_heldout_repoRT_ood,0238,0238,20,2034,0,frozen_backbone_fresh_head_kshot,kshot_fresh_head_frozen_model,,mol_key,580,580,20,0,ORIGINAL_WORKSPACE/RepoRT_PolyOmics_9exp_weight_only_notebooks/outputs/E3/seed_2034/best_model.pt,best_model.pt,17,41.61864445418569,strict,ORIGINAL_WORKSPACE/RepoRT_PolyOmics_9exp_weight_only_notebooks/outputs/evaluation_E1_E9_internal_heldout_OOD_kshot/_support_splits/seed_2034/0238/K20_repeat2034.csv,300,0.001,0.0001
27.62964728474617,19.490811824798584,39.31229457484788,17.828345516954666,480,0.9036990214991143,0.9409018456661036,480,E3,M0 no PolyOmics × R2 no-device + multitask heads,M0-R2,3,M0_no_aux,R2_nodevice_multi,multi,False,False,2034,internal_heldout_repoRT_ood,0238,0238,100,2034,0,frozen_backbone_fresh_head_kshot,kshot_fresh_head_frozen_model,,mol_key,580,580,100,0,ORIGINAL_WORKSPACE/RepoRT_PolyOmics_9exp_weight_only_notebooks/outputs/E3/seed_2034/best_model.pt,best_model.pt,17,41.61864445418569,strict,ORIGINAL_WORKSPACE/RepoRT_PolyOmics_9exp_weight_only_notebooks/outputs/evaluation_E1_E9_internal_heldout_OOD_kshot/_support_splits/seed_2034/0238/K100_repeat2034.csv,300,0.001,0.0001
24.21500169603448,17.046289443969727,35.604014919722225,13.358685717393834,380,0.9199683549141937,0.9494565477100158,380,E3,M0 no PolyOmics × R2 no-device + multitask heads,M0-R2,3,M0_no_aux,R2_nodevice_multi,multi,False,False,2034,internal_heldout_repoRT_ood,0238,0238,200,2034,0,frozen_backbone_fresh_head_kshot,kshot_fresh_head_frozen_model,,mol_key,580,580,200,0,ORIGINAL_WORKSPACE/RepoRT_PolyOmics_9exp_weight_only_notebooks/outputs/E3/seed_2034/best_model.pt,best_model.pt,17,41.61864445418569,strict,ORIGINAL_WORKSPACE/RepoRT_PolyOmics_9exp_weight_only_notebooks/outputs/evaluation_E1_E9_internal_heldout_OOD_kshot/_support_splits/seed_2034/0238/K200_repeat2034.csv,300,0.001,0.0001
75.91537892818451,46.22346639633179,107.59183266554264,50.76228971600955,96,0.9392522888500681,0.9306561991513079,96,E4,M1 RadonPy pretrain × R0 device encoder + single head,M1-R0,4,M1_pretrain,R0_device_single,single,True,False,2004,internal_heldout_repoRT_ood,0097,0097,0,-1,0,zero_shot_native_single,zero_shot,native_shared_single_head,mol_key,96,96,0,0,ORIGINAL_WORKSPACE/RepoRT_PolyOmics_9exp_weight_only_notebooks/outputs/E4/seed_2004/best_model.pt,best_model.pt,56,38.15897660960432,strict,,,,
121.44430773598808,43.045105934143066,207.9293445870293,43.93428097335334,91,0.7772333762426598,0.8529749621911297,91,E4,M1 RadonPy pretrain × R0 device encoder + single head,M1-R0,4,M1_pretrain,R0_device_single,single,True,False,2004,internal_heldout_repoRT_ood,0097,0097,5,2004,0,frozen_backbone_fresh_head_kshot,kshot_fresh_head_frozen_model,,mol_key,96,96,5,0,ORIGINAL_WORKSPACE/RepoRT_PolyOmics_9exp_weight_only_notebooks/outputs/E4/seed_2004/best_model.pt,best_model.pt,56,38.15897660960432,strict,ORIGINAL_WORKSPACE/RepoRT_PolyOmics_9exp_weight_only_notebooks/outputs/evaluation_E1_E9_internal_heldout_OOD_kshot/_support_splits/seed_2004/0097/K5_repeat2004.csv,300,0.001,0.0001
62.81428870401884,25.583131313323975,105.4681685813467,33.91274608018428,76,0.943254653919215,0.8828853949695367,76,E4,M1 RadonPy pretrain × R0 device encoder + single head,M1-R0,4,M1_pretrain,R0_device_single,single,True,False,2004,internal_heldout_repoRT_ood,0097,0097,20,2004,0,frozen_backbone_fresh_head_kshot,kshot_fresh_head_frozen_model,,mol_key,96,96,20,0,ORIGINAL_WORKSPACE/RepoRT_PolyOmics_9exp_weight_only_notebooks/outputs/E4/seed_2004/best_model.pt,best_model.pt,56,38.15897660960432,strict,ORIGINAL_WORKSPACE/RepoRT_PolyOmics_9exp_weight_only_notebooks/outputs/evaluation_E1_E9_internal_heldout_OOD_kshot/_support_splits/seed_2004/0097/K20_repeat2004.csv,300,0.001,0.0001
16.617724262434862,10.089311599731445,28.668379209060603,9.003765960691037,580,0.9483394143547392,0.9706609438518576,580,E4,M1 RadonPy pretrain × R0 device encoder + single head,M1-R0,4,M1_pretrain,R0_device_single,single,True,False,2004,internal_heldout_repoRT_ood,0238,0238,0,-1,0,zero_shot_native_single,zero_shot,native_shared_single_head,mol_key,580,580,0,0,ORIGINAL_WORKSPACE/RepoRT_PolyOmics_9exp_weight_only_notebooks/outputs/E4/seed_2004/best_model.pt,best_model.pt,56,38.15897660960432,strict,,,,
39.68494464210842,28.557686805725098,58.6755600238232,19.013541666824977,575,0.7810762661717426,0.887681425778349,575,E4,M1 RadonPy pretrain × R0 device encoder + single head,M1-R0,4,M1_pretrain,R0_device_single,single,True,False,2004,internal_heldout_repoRT_ood,0238,0238,5,2004,0,frozen_backbone_fresh_head_kshot,kshot_fresh_head_frozen_model,,mol_key,580,580,5,0,ORIGINAL_WORKSPACE/RepoRT_PolyOmics_9exp_weight_only_notebooks/outputs/E4/seed_2004/best_model.pt,best_model.pt,56,38.15897660960432,strict,ORIGINAL_WORKSPACE/RepoRT_PolyOmics_9exp_weight_only_notebooks/outputs/evaluation_E1_E9_internal_heldout_OOD_kshot/_support_splits/seed_2004/0238/K5_repeat2004.csv,300,0.001,0.0001
23.516177364758082,15.552012920379639,36.26878985389823,14.707766162720437,560,0.9173313502578495,0.9520154669352012,560,E4,M1 RadonPy pretrain × R0 device encoder + single head,M1-R0,4,M1_pretrain,R0_device_single,single,True,False,2004,internal_heldout_repoRT_ood,0238,0238,20,2004,0,frozen_backbone_fresh_head_kshot,kshot_fresh_head_frozen_model,,mol_key,580,580,20,0,ORIGINAL_WORKSPACE/RepoRT_PolyOmics_9exp_weight_only_notebooks/outputs/E4/seed_2004/best_model.pt,best_model.pt,56,38.15897660960432,strict,ORIGINAL_WORKSPACE/RepoRT_PolyOmics_9exp_weight_only_notebooks/outputs/evaluation_E1_E9_internal_heldout_OOD_kshot/_support_splits/seed_2004/0238/K20_repeat2004.csv,300,0.001,0.0001
20.650305300951004,13.264410495758057,34.464532593431485,12.509528673085793,480,0.925134943918421,0.9568714975282198,480,E4,M1 RadonPy pretrain × R0 device encoder + single head,M1-R0,4,M1_pretrain,R0_device_single,single,True,False,2004,internal_heldout_repoRT_ood,0238,0238,100,2004,0,frozen_backbone_fresh_head_kshot,kshot_fresh_head_frozen_model,,mol_key,580,580,100,0,ORIGINAL_WORKSPACE/RepoRT_PolyOmics_9exp_weight_only_notebooks/outputs/E4/seed_2004/best_model.pt,best_model.pt,56,38.15897660960432,strict,ORIGINAL_WORKSPACE/RepoRT_PolyOmics_9exp_weight_only_notebooks/outputs/evaluation_E1_E9_internal_heldout_OOD_kshot/_support_splits/seed_2004/0238/K100_repeat2004.csv,300,0.001,0.0001
18.268860415408486,11.480598449707031,30.20330220659966,12.526610325190981,380,0.9448984575423641,0.9654171882824009,380,E4,M1 RadonPy pretrain × R0 device encoder + single head,M1-R0,4,M1_pretrain,R0_device_single,single,True,False,2004,internal_heldout_repoRT_ood,0238,0238,200,2004,0,frozen_backbone_fresh_head_kshot,kshot_fresh_head_frozen_model,,mol_key,580,580,200,0,ORIGINAL_WORKSPACE/RepoRT_PolyOmics_9exp_weight_only_notebooks/outputs/E4/seed_2004/best_model.pt,best_model.pt,56,38.15897660960432,strict,ORIGINAL_WORKSPACE/RepoRT_PolyOmics_9exp_weight_only_notebooks/outputs/evaluation_E1_E9_internal_heldout_OOD_kshot/_support_splits/seed_2004/0238/K200_repeat2004.csv,300,0.001,0.0001
40.69951772689819,23.116378784179688,66.8030059947048,15.319358851502873,96,0.9765812709070523,0.975849178190112,96,E4,M1 RadonPy pretrain × R0 device encoder + single head,M1-R0,4,M1_pretrain,R0_device_single,single,True,False,2006,internal_heldout_repoRT_ood,0097,0097,0,-1,0,zero_shot_native_single,zero_shot,native_shared_single_head,mol_key,96,96,0,0,ORIGINAL_WORKSPACE/RepoRT_PolyOmics_9exp_weight_only_notebooks/outputs/E4/seed_2006/best_model.pt,best_model.pt,84,33.704319281077524,strict,,,,
48.42920088506007,24.427757263183594,82.5941361921375,21.703254454890764,91,0.9635557843400213,0.9527722967781854,91,E4,M1 RadonPy pretrain × R0 device encoder + single head,M1-R0,4,M1_pretrain,R0_device_single,single,True,False,2006,internal_heldout_repoRT_ood,0097,0097,5,2006,0,frozen_backbone_fresh_head_kshot,kshot_fresh_head_frozen_model,,mol_key,96,96,5,0,ORIGINAL_WORKSPACE/RepoRT_PolyOmics_9exp_weight_only_notebooks/outputs/E4/seed_2006/best_model.pt,best_model.pt,84,33.704319281077524,strict,ORIGINAL_WORKSPACE/RepoRT_PolyOmics_9exp_weight_only_notebooks/outputs/evaluation_E1_E9_internal_heldout_OOD_kshot/_support_splits/seed_2006/0097/K5_repeat2006.csv,300,0.001,0.0001
40.11258338627062,23.164737224578857,70.65643345073858,22.445556652805653,76,0.9743271611074561,0.9618652248468631,76,E4,M1 RadonPy pretrain × R0 device encoder + single head,M1-R0,4,M1_pretrain,R0_device_single,single,True,False,2006,internal_heldout_repoRT_ood,0097,0097,20,2006,0,frozen_backbone_fresh_head_kshot,kshot_fresh_head_frozen_model,,mol_key,96,96,20,0,ORIGINAL_WORKSPACE/RepoRT_PolyOmics_9exp_weight_only_notebooks/outputs/E4/seed_2006/best_model.pt,best_model.pt,84,33.704319281077524,strict,ORIGINAL_WORKSPACE/RepoRT_PolyOmics_9exp_weight_only_notebooks/outputs/evaluation_E1_E9_internal_heldout_OOD_kshot/_support_splits/seed_2006/0097/K20_repeat2006.csv,300,0.001,0.0001
18.46439211944054,11.216726303100586,30.24935699444008,10.499589408782741,580,0.9424844422407725,0.9678991068792,580,E4,M1 RadonPy pretrain × R0 device encoder + single head,M1-R0,4,M1_pretrain,R0_device_single,single,True,False,2006,internal_heldout_repoRT_ood,0238,0238,0,-1,0,zero_shot_native_single,zero_shot,native_shared_single_head,mol_key,580,580,0,0,ORIGINAL_WORKSPACE/RepoRT_PolyOmics_9exp_weight_only_notebooks/outputs/E4/seed_2006/best_model.pt,best_model.pt,84,33.704319281077524,strict,,,,
59.65911381762961,34.62873458862305,82.78376670443787,93.13779988307542,575,0.5718849817400391,0.8587398696267907,575,E4,M1 RadonPy pretrain × R0 device encoder + single head,M1-R0,4,M1_pretrain,R0_device_single,single,True,False,2006,internal_heldout_repoRT_ood,0238,0238,5,2006,0,frozen_backbone_fresh_head_kshot,kshot_fresh_head_frozen_model,,mol_key,580,580,5,0,ORIGINAL_WORKSPACE/RepoRT_PolyOmics_9exp_weight_only_notebooks/outputs/E4/seed_2006/best_model.pt,best_model.pt,84,33.704319281077524,strict,ORIGINAL_WORKSPACE/RepoRT_PolyOmics_9exp_weight_only_notebooks/outputs/evaluation_E1_E9_internal_heldout_OOD_kshot/_support_splits/seed_2006/0238/K5_repeat2006.csv,300,0.001,0.0001
22.62794300488063,15.318782329559326,33.48914926248009,13.03130560437839,560,0.9297910477280648,0.9408372059090511,560,E4,M1 RadonPy pretrain × R0 device encoder + single head,M1-R0,4,M1_pretrain,R0_device_single,single,True,False,2006,internal_heldout_repoRT_ood,0238,0238,20,2006,0,frozen_backbone_fresh_head_kshot,kshot_fresh_head_frozen_model,,mol_key,580,580,20,0,ORIGINAL_WORKSPACE/RepoRT_PolyOmics_9exp_weight_only_notebooks/outputs/E4/seed_2006/best_model.pt,best_model.pt,84,33.704319281077524,strict,ORIGINAL_WORKSPACE/RepoRT_PolyOmics_9exp_weight_only_notebooks/outputs/evaluation_E1_E9_internal_heldout_OOD_kshot/_support_splits/seed_2006/0238/K20_repeat2006.csv,300,0.001,0.0001
21.609851390123367,11.832990646362305,34.573971811293994,11.344012868760272,480,0.9240457417415608,0.9532448288749281,480,E4,M1 RadonPy pretrain × R0 device encoder + single head,M1-R0,4,M1_pretrain,R0_device_single,single,True,False,2006,internal_heldout_repoRT_ood,0238,0238,100,2006,0,frozen_backbone_fresh_head_kshot,kshot_fresh_head_frozen_model,,mol_key,580,580,100,0,ORIGINAL_WORKSPACE/RepoRT_PolyOmics_9exp_weight_only_notebooks/outputs/E4/seed_2006/best_model.pt,best_model.pt,84,33.704319281077524,strict,ORIGINAL_WORKSPACE/RepoRT_PolyOmics_9exp_weight_only_notebooks/outputs/evaluation_E1_E9_internal_heldout_OOD_kshot/_support_splits/seed_2006/0238/K100_repeat2006.csv,300,0.001,0.0001
20.38538304128145,12.565748691558838,31.844395000763686,11.353515848484296,380,0.9326550385312571,0.9593156109957218,380,E4,M1 RadonPy pretrain × R0 device encoder + single head,M1-R0,4,M1_pretrain,R0_device_single,single,True,False,2006,internal_heldout_repoRT_ood,0238,0238,200,2006,0,frozen_backbone_fresh_head_kshot,kshot_fresh_head_frozen_model,,mol_key,580,580,200,0,ORIGINAL_WORKSPACE/RepoRT_PolyOmics_9exp_weight_only_notebooks/outputs/E4/seed_2006/best_model.pt,best_model.pt,84,33.704319281077524,strict,ORIGINAL_WORKSPACE/RepoRT_PolyOmics_9exp_weight_only_notebooks/outputs/evaluation_E1_E9_internal_heldout_OOD_kshot/_support_splits/seed_2006/0238/K200_repeat2006.csv,300,0.001,0.0001
57.255187183618546,18.78319501876831,108.67927394023063,15.567960105325474,96,0.9380181163300298,0.9594561126154053,96,E4,M1 RadonPy pretrain × R0 device encoder + single head,M1-R0,4,M1_pretrain,R0_device_single,single,True,False,2011,internal_heldout_repoRT_ood,0097,0097,0,-1,0,zero_shot_native_single,zero_shot,native_shared_single_head,mol_key,96,96,0,0,ORIGINAL_WORKSPACE/RepoRT_PolyOmics_9exp_weight_only_notebooks/outputs/E4/seed_2011/best_model.pt,best_model.pt,119,38.19493212672474,strict,,,,
75.79044640719236,35.177907943725586,139.64195852743114,21.62437118024686,91,0.898796899603221,0.9075528423781427,91,E4,M1 RadonPy pretrain × R0 device encoder + single head,M1-R0,4,M1_pretrain,R0_device_single,single,True,False,2011,internal_heldout_repoRT_ood,0097,0097,5,2011,0,frozen_backbone_fresh_head_kshot,kshot_fresh_head_frozen_model,,mol_key,96,96,5,0,ORIGINAL_WORKSPACE/RepoRT_PolyOmics_9exp_weight_only_notebooks/outputs/E4/seed_2011/best_model.pt,best_model.pt,119,38.19493212672474,strict,ORIGINAL_WORKSPACE/RepoRT_PolyOmics_9exp_weight_only_notebooks/outputs/evaluation_E1_E9_internal_heldout_OOD_kshot/_support_splits/seed_2011/0097/K5_repeat2011.csv,300,0.001,0.0001
81.44135807689868,56.365807056427,117.73635726796232,65.0704248138663,76,0.9263773926346174,0.9584271850414056,76,E4,M1 RadonPy pretrain × R0 device encoder + single head,M1-R0,4,M1_pretrain,R0_device_single,single,True,False,2011,internal_heldout_repoRT_ood,0097,0097,20,2011,0,frozen_backbone_fresh_head_kshot,kshot_fresh_head_frozen_model,,mol_key,96,96,20,0,ORIGINAL_WORKSPACE/RepoRT_PolyOmics_9exp_weight_only_notebooks/outputs/E4/seed_2011/best_model.pt,best_model.pt,119,38.19493212672474,strict,ORIGINAL_WORKSPACE/RepoRT_PolyOmics_9exp_weight_only_notebooks/outputs/evaluation_E1_E9_internal_heldout_OOD_kshot/_support_splits/seed_2011/0097/K20_repeat2011.csv,300,0.001,0.0001
15.253028992948861,7.782425880432129,26.35470822832608,8.348120235038254,580,0.956341433679007,0.975507776603534,580,E4,M1 RadonPy pretrain × R0 device encoder + single head,M1-R0,4,M1_pretrain,R0_device_single,single,True,False,2011,internal_heldout_repoRT_ood,0238,0238,0,-1,0,zero_shot_native_single,zero_shot,native_shared_single_head,mol_key,580,580,0,0,ORIGINAL_WORKSPACE/RepoRT_PolyOmics_9exp_weight_only_notebooks/outputs/E4/seed_2011/best_model.pt,best_model.pt,119,38.19493212672474,strict,,,,
30.113640926195227,22.334976196289062,41.21160821857462,19.345150772449188,575,0.8934558727000367,0.9503645216472972,575,E4,M1 RadonPy pretrain × R0 device encoder + single head,M1-R0,4,M1_pretrain,R0_device_single,single,True,False,2011,internal_heldout_repoRT_ood,0238,0238,5,2011,0,frozen_backbone_fresh_head_kshot,kshot_fresh_head_frozen_model,,mol_key,580,580,5,0,ORIGINAL_WORKSPACE/RepoRT_PolyOmics_9exp_weight_only_notebooks/outputs/E4/seed_2011/best_model.pt,best_model.pt,119,38.19493212672474,strict,ORIGINAL_WORKSPACE/RepoRT_PolyOmics_9exp_weight_only_notebooks/outputs/evaluation_E1_E9_internal_heldout_OOD_kshot/_support_splits/seed_2011/0238/K5_repeat2011.csv,300,0.001,0.0001
22.57558602946145,13.540105819702148,34.146607266530566,12.768317109508715,560,0.9268556411642159,0.9524962031071599,560,E4,M1 RadonPy pretrain × R0 device encoder + single head,M1-R0,4,M1_pretrain,R0_device_single,single,True,False,2011,internal_heldout_repoRT_ood,0238,0238,20,2011,0,frozen_backbone_fresh_head_kshot,kshot_fresh_head_frozen_model,,mol_key,580,580,20,0,ORIGINAL_WORKSPACE/RepoRT_PolyOmics_9exp_weight_only_notebooks/outputs/E4/seed_2011/best_model.pt,best_model.pt,119,38.19493212672474,strict,ORIGINAL_WORKSPACE/RepoRT_PolyOmics_9exp_weight_only_notebooks/outputs/evaluation_E1_E9_internal_heldout_OOD_kshot/_support_splits/seed_2011/0238/K20_repeat2011.csv,300,0.001,0.0001
17.54333531856537,10.522198677062988,26.58212628502692,9.857108853227944,480,0.9556636862097982,0.9712989377136501,480,E4,M1 RadonPy pretrain × R0 device encoder + single head,M1-R0,4,M1_pretrain,R0_device_single,single,True,False,2011,internal_heldout_repoRT_ood,0238,0238,100,2011,0,frozen_backbone_fresh_head_kshot,kshot_fresh_head_frozen_model,,mol_key,580,580,100,0,ORIGINAL_WORKSPACE/RepoRT_PolyOmics_9exp_weight_only_notebooks/outputs/E4/seed_2011/best_model.pt,best_model.pt,119,38.19493212672474,strict,ORIGINAL_WORKSPACE/RepoRT_PolyOmics_9exp_weight_only_notebooks/outputs/evaluation_E1_E9_internal_heldout_OOD_kshot/_support_splits/seed_2011/0238/K100_repeat2011.csv,300,0.001,0.0001
17.919288396835327,10.13547420501709,27.446355543907792,10.802495029860303,380,0.9520737975785187,0.9667638218313412,380,E4,M1 RadonPy pretrain × R0 device encoder + single head,M1-R0,4,M1_pretrain,R0_device_single,single,True,False,2011,internal_heldout_repoRT_ood,0238,0238,200,2011,0,frozen_backbone_fresh_head_kshot,kshot_fresh_head_frozen_model,,mol_key,580,580,200,0,ORIGINAL_WORKSPACE/RepoRT_PolyOmics_9exp_weight_only_notebooks/outputs/E4/seed_2011/best_model.pt,best_model.pt,119,38.19493212672474,strict,ORIGINAL_WORKSPACE/RepoRT_PolyOmics_9exp_weight_only_notebooks/outputs/evaluation_E1_E9_internal_heldout_OOD_kshot/_support_splits/seed_2011/0238/K200_repeat2011.csv,300,0.001,0.0001
63.385083228349686,27.56052017211914,109.35043639805279,22.97663911424943,96,0.9372501993288218,0.9516941929998752,96,E4,M1 RadonPy pretrain × R0 device encoder + single head,M1-R0,4,M1_pretrain,R0_device_single,single,True,False,2012,internal_heldout_repoRT_ood,0097,0097,0,-1,0,zero_shot_native_single,zero_shot,native_shared_single_head,mol_key,96,96,0,0,ORIGINAL_WORKSPACE/RepoRT_PolyOmics_9exp_weight_only_notebooks/outputs/E4/seed_2012/best_model.pt,best_model.pt,45,36.1621031393155,strict,,,,
59.258337178073084,24.938807487487793,114.48941541615676,26.98652234420178,91,0.9314144502774486,0.9635851032286327,91,E4,M1 RadonPy pretrain × R0 device encoder + single head,M1-R0,4,M1_pretrain,R0_device_single,single,True,False,2012,internal_heldout_repoRT_ood,0097,0097,5,2012,0,frozen_backbone_fresh_head_kshot,kshot_fresh_head_frozen_model,,mol_key,96,96,5,0,ORIGINAL_WORKSPACE/RepoRT_PolyOmics_9exp_weight_only_notebooks/outputs/E4/seed_2012/best_model.pt,best_model.pt,45,36.1621031393155,strict,ORIGINAL_WORKSPACE/RepoRT_PolyOmics_9exp_weight_only_notebooks/outputs/evaluation_E1_E9_internal_heldout_OOD_kshot/_support_splits/seed_2012/0097/K5_repeat2012.csv,300,0.001,0.0001
148.22100689536646,72.22417116165161,235.26430503809775,37.37132032256786,76,0.7181713946730715,0.8061261349915088,76,E4,M1 RadonPy pretrain × R0 device encoder + single head,M1-R0,4,M1_pretrain,R0_device_single,single,True,False,2012,internal_heldout_repoRT_ood,0097,0097,20,2012,0,frozen_backbone_fresh_head_kshot,kshot_fresh_head_frozen_model,,mol_key,96,96,20,0,ORIGINAL_WORKSPACE/RepoRT_PolyOmics_9exp_weight_only_notebooks/outputs/E4/seed_2012/best_model.pt,best_model.pt,45,36.1621031393155,strict,ORIGINAL_WORKSPACE/RepoRT_PolyOmics_9exp_weight_only_notebooks/outputs/evaluation_E1_E9_internal_heldout_OOD_kshot/_support_splits/seed_2012/0097/K20_repeat2012.csv,300,0.001,0.0001
20.333741623779822,13.738017082214355,31.260821950892417,10.856885584137324,580,0.9385737744949708,0.9667331601666255,580,E4,M1 RadonPy pretrain × R0 device encoder + single head,M1-R0,4,M1_pretrain,R0_device_single,single,True,False,2012,internal_heldout_repoRT_ood,0238,0238,0,-1,0,zero_shot_native_single,zero_shot,native_shared_single_head,mol_key,580,580,0,0,ORIGINAL_WORKSPACE/RepoRT_PolyOmics_9exp_weight_only_notebooks/outputs/E4/seed_2012/best_model.pt,best_model.pt,45,36.1621031393155,strict,,,,
63.74598222815472,46.647162437438965,82.59647599333937,92.75220436269511,575,0.57096391156021,0.9141890558988136,575,E4,M1 RadonPy pretrain × R0 device encoder + single head,M1-R0,4,M1_pretrain,R0_device_single,single,True,False,2012,internal_heldout_repoRT_ood,0238,0238,5,2012,0,frozen_backbone_fresh_head_kshot,kshot_fresh_head_frozen_model,,mol_key,580,580,5,0,ORIGINAL_WORKSPACE/RepoRT_PolyOmics_9exp_weight_only_notebooks/outputs/E4/seed_2012/best_model.pt,best_model.pt,45,36.1621031393155,strict,ORIGINAL_WORKSPACE/RepoRT_PolyOmics_9exp_weight_only_notebooks/outputs/evaluation_E1_E9_internal_heldout_OOD_kshot/_support_splits/seed_2012/0238/K5_repeat2012.csv,300,0.001,0.0001
29.93279331922531,20.287964344024658,42.9974812311187,20.35440962859444,560,0.884532988494053,0.9272998196147012,560,E4,M1 RadonPy pretrain × R0 device encoder + single head,M1-R0,4,M1_pretrain,R0_device_single,single,True,False,2012,internal_heldout_repoRT_ood,0238,0238,20,2012,0,frozen_backbone_fresh_head_kshot,kshot_fresh_head_frozen_model,,mol_key,580,580,20,0,ORIGINAL_WORKSPACE/RepoRT_PolyOmics_9exp_weight_only_notebooks/outputs/E4/seed_2012/best_model.pt,best_model.pt,45,36.1621031393155,strict,ORIGINAL_WORKSPACE/RepoRT_PolyOmics_9exp_weight_only_notebooks/outputs/evaluation_E1_E9_internal_heldout_OOD_kshot/_support_splits/seed_2012/0238/K20_repeat2012.csv,300,0.001,0.0001
22.535340279340744,13.696424961090088,34.3071866311415,13.321008232234577,480,0.9271689256807824,0.9560435482838329,480,E4,M1 RadonPy pretrain × R0 device encoder + single head,M1-R0,4,M1_pretrain,R0_device_single,single,True,False,2012,internal_heldout_repoRT_ood,0238,0238,100,2012,0,frozen_backbone_fresh_head_kshot,kshot_fresh_head_frozen_model,,mol_key,580,580,100,0,ORIGINAL_WORKSPACE/RepoRT_PolyOmics_9exp_weight_only_notebooks/outputs/E4/seed_2012/best_model.pt,best_model.pt,45,36.1621031393155,strict,ORIGINAL_WORKSPACE/RepoRT_PolyOmics_9exp_weight_only_notebooks/outputs/evaluation_E1_E9_internal_heldout_OOD_kshot/_support_splits/seed_2012/0238/K100_repeat2012.csv,300,0.001,0.0001
18.952502827895316,10.175056457519531,32.13928138845959,10.402964663541042,380,0.9361012782946075,0.9646159516407401,380,E4,M1 RadonPy pretrain × R0 device encoder + single head,M1-R0,4,M1_pretrain,R0_device_single,single,True,False,2012,internal_heldout_repoRT_ood,0238,0238,200,2012,0,frozen_backbone_fresh_head_kshot,kshot_fresh_head_frozen_model,,mol_key,580,580,200,0,ORIGINAL_WORKSPACE/RepoRT_PolyOmics_9exp_weight_only_notebooks/outputs/E4/seed_2012/best_model.pt,best_model.pt,45,36.1621031393155,strict,ORIGINAL_WORKSPACE/RepoRT_PolyOmics_9exp_weight_only_notebooks/outputs/evaluation_E1_E9_internal_heldout_OOD_kshot/_support_splits/seed_2012/0238/K200_repeat2012.csv,300,0.001,0.0001
54.81888338923454,24.152841567993164,93.17405825548326,19.755281180443095,96,0.954442347281468,0.9510490640729501,96,E4,M1 RadonPy pretrain × R0 device encoder + single head,M1-R0,4,M1_pretrain,R0_device_single,single,True,False,2016,internal_heldout_repoRT_ood,0097,0097,0,-1,0,zero_shot_native_single,zero_shot,native_shared_single_head,mol_key,96,96,0,0,ORIGINAL_WORKSPACE/RepoRT_PolyOmics_9exp_weight_only_notebooks/outputs/E4/seed_2016/best_model.pt,best_model.pt,89,35.11781477055288,strict,,,,
136.64941635760633,69.82246398925781,218.80629727051635,59.2848861646591,91,0.7501408209335487,0.8098348595483086,91,E4,M1 RadonPy pretrain × R0 device encoder + single head,M1-R0,4,M1_pretrain,R0_device_single,single,True,False,2016,internal_heldout_repoRT_ood,0097,0097,5,2016,0,frozen_backbone_fresh_head_kshot,kshot_fresh_head_frozen_model,,mol_key,96,96,5,0,ORIGINAL_WORKSPACE/RepoRT_PolyOmics_9exp_weight_only_notebooks/outputs/E4/seed_2016/best_model.pt,best_model.pt,89,35.11781477055288,strict,ORIGINAL_WORKSPACE/RepoRT_PolyOmics_9exp_weight_only_notebooks/outputs/evaluation_E1_E9_internal_heldout_OOD_kshot/_support_splits/seed_2016/0097/K5_repeat2016.csv,300,0.001,0.0001
76.61136445246245,43.62916946411133,119.5323955211232,24.114379136635865,76,0.929425219434771,0.9182242452233269,76,E4,M1 RadonPy pretrain × R0 device encoder + single head,M1-R0,4,M1_pretrain,R0_device_single,single,True,False,2016,internal_heldout_repoRT_ood,0097,0097,20,2016,0,frozen_backbone_fresh_head_kshot,kshot_fresh_head_frozen_model,,mol_key,96,96,20,0,ORIGINAL_WORKSPACE/RepoRT_PolyOmics_9exp_weight_only_notebooks/outputs/E4/seed_2016/best_model.pt,best_model.pt,89,35.11781477055288,strict,ORIGINAL_WORKSPACE/RepoRT_PolyOmics_9exp_weight_only_notebooks/outputs/evaluation_E1_E9_internal_heldout_OOD_kshot/_support_splits/seed_2016/0097/K20_repeat2016.csv,300,0.001,0.0001
15.70772858323722,7.9067158699035645,28.581954341483392,9.598800615016788,580,0.9486504207871916,0.9698005064938011,580,E4,M1 RadonPy pretrain × R0 device encoder + single head,M1-R0,4,M1_pretrain,R0_device_single,single,True,False,2016,internal_heldout_repoRT_ood,0238,0238,0,-1,0,zero_shot_native_single,zero_shot,native_shared_single_head,mol_key,580,580,0,0,ORIGINAL_WORKSPACE/RepoRT_PolyOmics_9exp_weight_only_notebooks/outputs/E4/seed_2016/best_model.pt,best_model.pt,89,35.11781477055288,strict,,,,
29.083485404304835,21.59003734588623,41.11552554110228,15.534389967669501,575,0.8933666249284269,0.9536398981181693,575,E4,M1 RadonPy pretrain × R0 device encoder + single head,M1-R0,4,M1_pretrain,R0_device_single,single,True,False,2016,internal_heldout_repoRT_ood,0238,0238,5,2016,0,frozen_backbone_fresh_head_kshot,kshot_fresh_head_frozen_model,,mol_key,580,580,5,0,ORIGINAL_WORKSPACE/RepoRT_PolyOmics_9exp_weight_only_notebooks/outputs/E4/seed_2016/best_model.pt,best_model.pt,89,35.11781477055288,strict,ORIGINAL_WORKSPACE/RepoRT_PolyOmics_9exp_weight_only_notebooks/outputs/evaluation_E1_E9_internal_heldout_OOD_kshot/_support_splits/seed_2016/0238/K5_repeat2016.csv,300,0.001,0.0001
23.667473443916865,16.14253520965576,33.879244232559316,12.789120737492945,560,0.9273574321355358,0.9492597286185747,560,E4,M1 RadonPy pretrain × R0 device encoder + single head,M1-R0,4,M1_pretrain,R0_device_single,single,True,False,2016,internal_heldout_repoRT_ood,0238,0238,20,2016,0,frozen_backbone_fresh_head_kshot,kshot_fresh_head_frozen_model,,mol_key,580,580,20,0,ORIGINAL_WORKSPACE/RepoRT_PolyOmics_9exp_weight_only_notebooks/outputs/E4/seed_2016/best_model.pt,best_model.pt,89,35.11781477055288,strict,ORIGINAL_WORKSPACE/RepoRT_PolyOmics_9exp_weight_only_notebooks/outputs/evaluation_E1_E9_internal_heldout_OOD_kshot/_support_splits/seed_2016/0238/K20_repeat2016.csv,300,0.001,0.0001
19.108229637145996,10.191221237182617,33.14211801099265,12.269449253223613,480,0.9304001605541917,0.9565906456829618,480,E4,M1 RadonPy pretrain × R0 device encoder + single head,M1-R0,4,M1_pretrain,R0_device_single,single,True,False,2016,internal_heldout_repoRT_ood,0238,0238,100,2016,0,frozen_backbone_fresh_head_kshot,kshot_fresh_head_frozen_model,,mol_key,580,580,100,0,ORIGINAL_WORKSPACE/RepoRT_PolyOmics_9exp_weight_only_notebooks/outputs/E4/seed_2016/best_model.pt,best_model.pt,89,35.11781477055288,strict,ORIGINAL_WORKSPACE/RepoRT_PolyOmics_9exp_weight_only_notebooks/outputs/evaluation_E1_E9_internal_heldout_OOD_kshot/_support_splits/seed_2016/0238/K100_repeat2016.csv,300,0.001,0.0001
19.6633816894732,11.513636112213135,33.375222086795745,13.832001797877611,380,0.9299012821752097,0.9578232181953362,380,E4,M1 RadonPy pretrain × R0 device encoder + single head,M1-R0,4,M1_pretrain,R0_device_single,single,True,False,2016,internal_heldout_repoRT_ood,0238,0238,200,2016,0,frozen_backbone_fresh_head_kshot,kshot_fresh_head_frozen_model,,mol_key,580,580,200,0,ORIGINAL_WORKSPACE/RepoRT_PolyOmics_9exp_weight_only_notebooks/outputs/E4/seed_2016/best_model.pt,best_model.pt,89,35.11781477055288,strict,ORIGINAL_WORKSPACE/RepoRT_PolyOmics_9exp_weight_only_notebooks/outputs/evaluation_E1_E9_internal_heldout_OOD_kshot/_support_splits/seed_2016/0238/K200_repeat2016.csv,300,0.001,0.0001
54.53039571642876,23.2796573638916,91.12331538973366,24.80137677538524,96,0.9564257061965418,0.9471307546957315,96,E4,M1 RadonPy pretrain × R0 device encoder + single head,M1-R0,4,M1_pretrain,R0_device_single,single,True,False,2020,internal_heldout_repoRT_ood,0097,0097,0,-1,0,zero_shot_native_single,zero_shot,native_shared_single_head,mol_key,96,96,0,0,ORIGINAL_WORKSPACE/RepoRT_PolyOmics_9exp_weight_only_notebooks/outputs/E4/seed_2020/best_model.pt,best_model.pt,76,37.82933881170153,strict,,,,
105.14492527469174,57.5745964050293,175.00833635786032,32.47686279700593,91,0.8407978552380593,0.8976549543412139,91,E4,M1 RadonPy pretrain × R0 device encoder + single head,M1-R0,4,M1_pretrain,R0_device_single,single,True,False,2020,internal_heldout_repoRT_ood,0097,0097,5,2020,0,frozen_backbone_fresh_head_kshot,kshot_fresh_head_frozen_model,,mol_key,96,96,5,0,ORIGINAL_WORKSPACE/RepoRT_PolyOmics_9exp_weight_only_notebooks/outputs/E4/seed_2020/best_model.pt,best_model.pt,76,37.82933881170153,strict,ORIGINAL_WORKSPACE/RepoRT_PolyOmics_9exp_weight_only_notebooks/outputs/evaluation_E1_E9_internal_heldout_OOD_kshot/_support_splits/seed_2020/0097/K5_repeat2020.csv,300,0.001,0.0001
49.29585965056168,22.271697521209717,86.44861747477873,26.66837500220001,76,0.9575558974893339,0.9524831826698162,76,E4,M1 RadonPy pretrain × R0 device encoder + single head,M1-R0,4,M1_pretrain,R0_device_single,single,True,False,2020,internal_heldout_repoRT_ood,0097,0097,20,2020,0,frozen_backbone_fresh_head_kshot,kshot_fresh_head_frozen_model,,mol_key,96,96,20,0,ORIGINAL_WORKSPACE/RepoRT_PolyOmics_9exp_weight_only_notebooks/outputs/E4/seed_2020/best_model.pt,best_model.pt,76,37.82933881170153,strict,ORIGINAL_WORKSPACE/RepoRT_PolyOmics_9exp_weight_only_notebooks/outputs/evaluation_E1_E9_internal_heldout_OOD_kshot/_support_splits/seed_2020/0097/K20_repeat2020.csv,300,0.001,0.0001
16.393120938333972,8.706121444702148,28.762506488236006,9.340199333090773,580,0.947999620485707,0.9694719962475539,580,E4,M1 RadonPy pretrain × R0 device encoder + single head,M1-R0,4,M1_pretrain,R0_device_single,single,True,False,2020,internal_heldout_repoRT_ood,0238,0238,0,-1,0,zero_shot_native_single,zero_shot,native_shared_single_head,mol_key,580,580,0,0,ORIGINAL_WORKSPACE/RepoRT_PolyOmics_9exp_weight_only_notebooks/outputs/E4/seed_2020/best_model.pt,best_model.pt,76,37.82933881170153,strict,,,,
33.420191126284394,20.32276153564453,49.80612496140431,17.645912387641122,575,0.8446577737472594,0.9236357158048237,575,E4,M1 RadonPy pretrain × R0 device encoder + single head,M1-R0,4,M1_pretrain,R0_device_single,single,True,False,2020,internal_heldout_repoRT_ood,0238,0238,5,2020,0,frozen_backbone_fresh_head_kshot,kshot_fresh_head_frozen_model,,mol_key,580,580,5,0,ORIGINAL_WORKSPACE/RepoRT_PolyOmics_9exp_weight_only_notebooks/outputs/E4/seed_2020/best_model.pt,best_model.pt,76,37.82933881170153,strict,ORIGINAL_WORKSPACE/RepoRT_PolyOmics_9exp_weight_only_notebooks/outputs/evaluation_E1_E9_internal_heldout_OOD_kshot/_support_splits/seed_2020/0238/K5_repeat2020.csv,300,0.001,0.0001
24.80326443059104,16.943442821502686,36.92646631687146,17.28125660542004,560,0.9140977132758936,0.9459758716100365,560,E4,M1 RadonPy pretrain × R0 device encoder + single head,M1-R0,4,M1_pretrain,R0_device_single,single,True,False,2020,internal_heldout_repoRT_ood,0238,0238,20,2020,0,frozen_backbone_fresh_head_kshot,kshot_fresh_head_frozen_model,,mol_key,580,580,20,0,ORIGINAL_WORKSPACE/RepoRT_PolyOmics_9exp_weight_only_notebooks/outputs/E4/seed_2020/best_model.pt,best_model.pt,76,37.82933881170153,strict,ORIGINAL_WORKSPACE/RepoRT_PolyOmics_9exp_weight_only_notebooks/outputs/evaluation_E1_E9_internal_heldout_OOD_kshot/_support_splits/seed_2020/0238/K20_repeat2020.csv,300,0.001,0.0001
21.42676854133606,12.22437858581543,34.72974918475622,12.843185353081582,480,0.9233906125712175,0.9515426215597051,480,E4,M1 RadonPy pretrain × R0 device encoder + single head,M1-R0,4,M1_pretrain,R0_device_single,single,True,False,2020,internal_heldout_repoRT_ood,0238,0238,100,2020,0,frozen_backbone_fresh_head_kshot,kshot_fresh_head_frozen_model,,mol_key,580,580,100,0,ORIGINAL_WORKSPACE/RepoRT_PolyOmics_9exp_weight_only_notebooks/outputs/E4/seed_2020/best_model.pt,best_model.pt,76,37.82933881170153,strict,ORIGINAL_WORKSPACE/RepoRT_PolyOmics_9exp_weight_only_notebooks/outputs/evaluation_E1_E9_internal_heldout_OOD_kshot/_support_splits/seed_2020/0238/K100_repeat2020.csv,300,0.001,0.0001
20.31999379710147,12.33705997467041,32.125558647197906,13.012293196213589,380,0.9347779386430536,0.9634607340671921,380,E4,M1 RadonPy pretrain × R0 device encoder + single head,M1-R0,4,M1_pretrain,R0_device_single,single,True,False,2020,internal_heldout_repoRT_ood,0238,0238,200,2020,0,frozen_backbone_fresh_head_kshot,kshot_fresh_head_frozen_model,,mol_key,580,580,200,0,ORIGINAL_WORKSPACE/RepoRT_PolyOmics_9exp_weight_only_notebooks/outputs/E4/seed_2020/best_model.pt,best_model.pt,76,37.82933881170153,strict,ORIGINAL_WORKSPACE/RepoRT_PolyOmics_9exp_weight_only_notebooks/outputs/evaluation_E1_E9_internal_heldout_OOD_kshot/_support_splits/seed_2020/0238/K200_repeat2020.csv,300,0.001,0.0001
52.935330122709274,15.25902271270752,95.09384289747003,17.109723031079064,96,0.9525456412384296,0.9332706690130569,96,E4,M1 RadonPy pretrain × R0 device encoder + single head,M1-R0,4,M1_pretrain,R0_device_single,single,True,False,2022,internal_heldout_repoRT_ood,0097,0097,0,-1,0,zero_shot_native_single,zero_shot,native_shared_single_head,mol_key,96,96,0,0,ORIGINAL_WORKSPACE/RepoRT_PolyOmics_9exp_weight_only_notebooks/outputs/E4/seed_2022/best_model.pt,best_model.pt,83,38.58319698052232,strict,,,,
291.344862141452,131.94509983062744,439.39627809248,41.644547387338996,91,-0.0014089251850555318,0.910257527192781,91,E4,M1 RadonPy pretrain × R0 device encoder + single head,M1-R0,4,M1_pretrain,R0_device_single,single,True,False,2022,internal_heldout_repoRT_ood,0097,0097,5,2022,0,frozen_backbone_fresh_head_kshot,kshot_fresh_head_frozen_model,,mol_key,96,96,5,0,ORIGINAL_WORKSPACE/RepoRT_PolyOmics_9exp_weight_only_notebooks/outputs/E4/seed_2022/best_model.pt,best_model.pt,83,38.58319698052232,strict,ORIGINAL_WORKSPACE/RepoRT_PolyOmics_9exp_weight_only_notebooks/outputs/evaluation_E1_E9_internal_heldout_OOD_kshot/_support_splits/seed_2022/0097/K5_repeat2022.csv,300,0.001,0.0001
39.740873637952305,25.03505229949951,68.81321558433353,32.2398846893893,76,0.9746766599662287,0.8921235358423242,76,E4,M1 RadonPy pretrain × R0 device encoder + single head,M1-R0,4,M1_pretrain,R0_device_single,single,True,False,2022,internal_heldout_repoRT_ood,0097,0097,20,2022,0,frozen_backbone_fresh_head_kshot,kshot_fresh_head_frozen_model,,mol_key,96,96,20,0,ORIGINAL_WORKSPACE/RepoRT_PolyOmics_9exp_weight_only_notebooks/outputs/E4/seed_2022/best_model.pt,best_model.pt,83,38.58319698052232,strict,ORIGINAL_WORKSPACE/RepoRT_PolyOmics_9exp_weight_only_notebooks/outputs/evaluation_E1_E9_internal_heldout_OOD_kshot/_support_splits/seed_2022/0097/K20_repeat2022.csv,300,0.001,0.0001
15.10778178839848,8.245940208435059,27.07813800074238,9.001220614187265,580,0.9539117049316392,0.9724602865247632,580,E4,M1 RadonPy pretrain × R0 device encoder + single head,M1-R0,4,M1_pretrain,R0_device_single,single,True,False,2022,internal_heldout_repoRT_ood,0238,0238,0,-1,0,zero_shot_native_single,zero_shot,native_shared_single_head,mol_key,580,580,0,0,ORIGINAL_WORKSPACE/RepoRT_PolyOmics_9exp_weight_only_notebooks/outputs/E4/seed_2022/best_model.pt,best_model.pt,83,38.58319698052232,strict,,,,
42.20342676743217,30.143022537231445,54.24327013658548,59.234271072497414,575,0.8148902644361913,0.95190193081434,575,E4,M1 RadonPy pretrain × R0 device encoder + single head,M1-R0,4,M1_pretrain,R0_device_single,single,True,False,2022,internal_heldout_repoRT_ood,0238,0238,5,2022,0,frozen_backbone_fresh_head_kshot,kshot_fresh_head_frozen_model,,mol_key,580,580,5,0,ORIGINAL_WORKSPACE/RepoRT_PolyOmics_9exp_weight_only_notebooks/outputs/E4/seed_2022/best_model.pt,best_model.pt,83,38.58319698052232,strict,ORIGINAL_WORKSPACE/RepoRT_PolyOmics_9exp_weight_only_notebooks/outputs/evaluation_E1_E9_internal_heldout_OOD_kshot/_support_splits/seed_2022/0238/K5_repeat2022.csv,300,0.001,0.0001
18.343358363424027,11.36120080947876,29.622109711976336,11.382365816407535,560,0.9448542620834366,0.9648972144875273,560,E4,M1 RadonPy pretrain × R0 device encoder + single head,M1-R0,4,M1_pretrain,R0_device_single,single,True,False,2022,internal_heldout_repoRT_ood,0238,0238,20,2022,0,frozen_backbone_fresh_head_kshot,kshot_fresh_head_frozen_model,,mol_key,580,580,20,0,ORIGINAL_WORKSPACE/RepoRT_PolyOmics_9exp_weight_only_notebooks/outputs/E4/seed_2022/best_model.pt,best_model.pt,83,38.58319698052232,strict,ORIGINAL_WORKSPACE/RepoRT_PolyOmics_9exp_weight_only_notebooks/outputs/evaluation_E1_E9_internal_heldout_OOD_kshot/_support_splits/seed_2022/0238/K20_repeat2022.csv,300,0.001,0.0001
19.880400329828262,10.270113945007324,33.19143649369494,12.6709833598877,480,0.9299474326424324,0.9568336885328192,480,E4,M1 RadonPy pretrain × R0 device encoder + single head,M1-R0,4,M1_pretrain,R0_device_single,single,True,False,2022,internal_heldout_repoRT_ood,0238,0238,100,2022,0,frozen_backbone_fresh_head_kshot,kshot_fresh_head_frozen_model,,mol_key,580,580,100,0,ORIGINAL_WORKSPACE/RepoRT_PolyOmics_9exp_weight_only_notebooks/outputs/E4/seed_2022/best_model.pt,best_model.pt,83,38.58319698052232,strict,ORIGINAL_WORKSPACE/RepoRT_PolyOmics_9exp_weight_only_notebooks/outputs/evaluation_E1_E9_internal_heldout_OOD_kshot/_support_splits/seed_2022/0238/K100_repeat2022.csv,300,0.001,0.0001
17.290448427200317,11.82528018951416,26.791697875282598,13.053734545693867,380,0.9567996425306204,0.9712826032100996,380,E4,M1 RadonPy pretrain × R0 device encoder + single head,M1-R0,4,M1_pretrain,R0_device_single,single,True,False,2022,internal_heldout_repoRT_ood,0238,0238,200,2022,0,frozen_backbone_fresh_head_kshot,kshot_fresh_head_frozen_model,,mol_key,580,580,200,0,ORIGINAL_WORKSPACE/RepoRT_PolyOmics_9exp_weight_only_notebooks/outputs/E4/seed_2022/best_model.pt,best_model.pt,83,38.58319698052232,strict,ORIGINAL_WORKSPACE/RepoRT_PolyOmics_9exp_weight_only_notebooks/outputs/evaluation_E1_E9_internal_heldout_OOD_kshot/_support_splits/seed_2022/0238/K200_repeat2022.csv,300,0.001,0.0001
83.88455271720886,47.754528522491455,124.40036081414026,60.90824057812721,96,0.9187890496901824,0.951959035401455,96,E4,M1 RadonPy pretrain × R0 device encoder + single head,M1-R0,4,M1_pretrain,R0_device_single,single,True,False,2027,internal_heldout_repoRT_ood,0097,0097,0,-1,0,zero_shot_native_single,zero_shot,native_shared_single_head,mol_key,96,96,0,0,ORIGINAL_WORKSPACE/RepoRT_PolyOmics_9exp_weight_only_notebooks/outputs/E4/seed_2027/best_model.pt,best_model.pt,47,40.003566701004125,strict,,,,
108.83659923469628,49.79175567626953,184.73937213514031,42.573089737396494,91,0.8218580956162791,0.9353968749233734,91,E4,M1 RadonPy pretrain × R0 device encoder + single head,M1-R0,4,M1_pretrain,R0_device_single,single,True,False,2027,internal_heldout_repoRT_ood,0097,0097,5,2027,0,frozen_backbone_fresh_head_kshot,kshot_fresh_head_frozen_model,,mol_key,96,96,5,0,ORIGINAL_WORKSPACE/RepoRT_PolyOmics_9exp_weight_only_notebooks/outputs/E4/seed_2027/best_model.pt,best_model.pt,47,40.003566701004125,strict,ORIGINAL_WORKSPACE/RepoRT_PolyOmics_9exp_weight_only_notebooks/outputs/evaluation_E1_E9_internal_heldout_OOD_kshot/_support_splits/seed_2027/0097/K5_repeat2027.csv,300,0.001,0.0001
75.60976869181583,29.427173137664795,126.14604212449537,52.95417013148962,76,0.9190216082398504,0.9356539071691682,76,E4,M1 RadonPy pretrain × R0 device encoder + single head,M1-R0,4,M1_pretrain,R0_device_single,single,True,False,2027,internal_heldout_repoRT_ood,0097,0097,20,2027,0,frozen_backbone_fresh_head_kshot,kshot_fresh_head_frozen_model,,mol_key,96,96,20,0,ORIGINAL_WORKSPACE/RepoRT_PolyOmics_9exp_weight_only_notebooks/outputs/E4/seed_2027/best_model.pt,best_model.pt,47,40.003566701004125,strict,ORIGINAL_WORKSPACE/RepoRT_PolyOmics_9exp_weight_only_notebooks/outputs/evaluation_E1_E9_internal_heldout_OOD_kshot/_support_splits/seed_2027/0097/K20_repeat2027.csv,300,0.001,0.0001
16.058149411760528,8.843936920166016,27.912551991817782,9.08434366088157,580,0.9510275153320795,0.9704480764368155,580,E4,M1 RadonPy pretrain × R0 device encoder + single head,M1-R0,4,M1_pretrain,R0_device_single,single,True,False,2027,internal_heldout_repoRT_ood,0238,0238,0,-1,0,zero_shot_native_single,zero_shot,native_shared_single_head,mol_key,580,580,0,0,ORIGINAL_WORKSPACE/RepoRT_PolyOmics_9exp_weight_only_notebooks/outputs/E4/seed_2027/best_model.pt,best_model.pt,47,40.003566701004125,strict,,,,
48.29376336802607,30.103912353515625,65.3284315276132,73.48962826917484,575,0.7327295935715237,0.8921799962204878,575,E4,M1 RadonPy pretrain × R0 device encoder + single head,M1-R0,4,M1_pretrain,R0_device_single,single,True,False,2027,internal_heldout_repoRT_ood,0238,0238,5,2027,0,frozen_backbone_fresh_head_kshot,kshot_fresh_head_frozen_model,,mol_key,580,580,5,0,ORIGINAL_WORKSPACE/RepoRT_PolyOmics_9exp_weight_only_notebooks/outputs/E4/seed_2027/best_model.pt,best_model.pt,47,40.003566701004125,strict,ORIGINAL_WORKSPACE/RepoRT_PolyOmics_9exp_weight_only_notebooks/outputs/evaluation_E1_E9_internal_heldout_OOD_kshot/_support_splits/seed_2027/0238/K5_repeat2027.csv,300,0.001,0.0001
29.13972531897681,16.69912576675415,45.44626332883359,13.200140558789133,560,0.8695852939107982,0.9220113933967153,560,E4,M1 RadonPy pretrain × R0 device encoder + single head,M1-R0,4,M1_pretrain,R0_device_single,single,True,False,2027,internal_heldout_repoRT_ood,0238,0238,20,2027,0,frozen_backbone_fresh_head_kshot,kshot_fresh_head_frozen_model,,mol_key,580,580,20,0,ORIGINAL_WORKSPACE/RepoRT_PolyOmics_9exp_weight_only_notebooks/outputs/E4/seed_2027/best_model.pt,best_model.pt,47,40.003566701004125,strict,ORIGINAL_WORKSPACE/RepoRT_PolyOmics_9exp_weight_only_notebooks/outputs/evaluation_E1_E9_internal_heldout_OOD_kshot/_support_splits/seed_2027/0238/K20_repeat2027.csv,300,0.001,0.0001
18.675094455480576,11.49428129196167,29.68542576736703,12.359818575278577,480,0.942536195081319,0.963919779049352,480,E4,M1 RadonPy pretrain × R0 device encoder + single head,M1-R0,4,M1_pretrain,R0_device_single,single,True,False,2027,internal_heldout_repoRT_ood,0238,0238,100,2027,0,frozen_backbone_fresh_head_kshot,kshot_fresh_head_frozen_model,,mol_key,580,580,100,0,ORIGINAL_WORKSPACE/RepoRT_PolyOmics_9exp_weight_only_notebooks/outputs/E4/seed_2027/best_model.pt,best_model.pt,47,40.003566701004125,strict,ORIGINAL_WORKSPACE/RepoRT_PolyOmics_9exp_weight_only_notebooks/outputs/evaluation_E1_E9_internal_heldout_OOD_kshot/_support_splits/seed_2027/0238/K100_repeat2027.csv,300,0.001,0.0001
16.669841766357422,9.443070888519287,27.914920705140887,9.899526651834341,380,0.9498222472244904,0.9689326709427406,380,E4,M1 RadonPy pretrain × R0 device encoder + single head,M1-R0,4,M1_pretrain,R0_device_single,single,True,False,2027,internal_heldout_repoRT_ood,0238,0238,200,2027,0,frozen_backbone_fresh_head_kshot,kshot_fresh_head_frozen_model,,mol_key,580,580,200,0,ORIGINAL_WORKSPACE/RepoRT_PolyOmics_9exp_weight_only_notebooks/outputs/E4/seed_2027/best_model.pt,best_model.pt,47,40.003566701004125,strict,ORIGINAL_WORKSPACE/RepoRT_PolyOmics_9exp_weight_only_notebooks/outputs/evaluation_E1_E9_internal_heldout_OOD_kshot/_support_splits/seed_2027/0238/K200_repeat2027.csv,300,0.001,0.0001
56.90812021493912,18.27981948852539,101.06413709937696,21.638095465831043,96,0.9463999173426639,0.9408899811815826,96,E4,M1 RadonPy pretrain × R0 device encoder + single head,M1-R0,4,M1_pretrain,R0_device_single,single,True,False,2032,internal_heldout_repoRT_ood,0097,0097,0,-1,0,zero_shot_native_single,zero_shot,native_shared_single_head,mol_key,96,96,0,0,ORIGINAL_WORKSPACE/RepoRT_PolyOmics_9exp_weight_only_notebooks/outputs/E4/seed_2032/best_model.pt,best_model.pt,77,36.56408581467332,strict,,,,
66.67235840807905,39.40132141113281,100.37512654695745,64.43131063075597,91,0.9465692774446605,0.8847160763162444,91,E4,M1 RadonPy pretrain × R0 device encoder + single head,M1-R0,4,M1_pretrain,R0_device_single,single,True,False,2032,internal_heldout_repoRT_ood,0097,0097,5,2032,0,frozen_backbone_fresh_head_kshot,kshot_fresh_head_frozen_model,,mol_key,96,96,5,0,ORIGINAL_WORKSPACE/RepoRT_PolyOmics_9exp_weight_only_notebooks/outputs/E4/seed_2032/best_model.pt,best_model.pt,77,36.56408581467332,strict,ORIGINAL_WORKSPACE/RepoRT_PolyOmics_9exp_weight_only_notebooks/outputs/evaluation_E1_E9_internal_heldout_OOD_kshot/_support_splits/seed_2032/0097/K5_repeat2032.csv,300,0.001,0.0001
65.94692907835308,42.45607852935791,94.43892744596675,60.18779344147536,76,0.949617921019542,0.9550340621448985,76,E4,M1 RadonPy pretrain × R0 device encoder + single head,M1-R0,4,M1_pretrain,R0_device_single,single,True,False,2032,internal_heldout_repoRT_ood,0097,0097,20,2032,0,frozen_backbone_fresh_head_kshot,kshot_fresh_head_frozen_model,,mol_key,96,96,20,0,ORIGINAL_WORKSPACE/RepoRT_PolyOmics_9exp_weight_only_notebooks/outputs/E4/seed_2032/best_model.pt,best_model.pt,77,36.56408581467332,strict,ORIGINAL_WORKSPACE/RepoRT_PolyOmics_9exp_weight_only_notebooks/outputs/evaluation_E1_E9_internal_heldout_OOD_kshot/_support_splits/seed_2032/0097/K20_repeat2032.csv,300,0.001,0.0001
15.065248859339746,8.43782901763916,25.78310020164993,8.50663577954951,580,0.9582147192804874,0.9769779986865647,580,E4,M1 RadonPy pretrain × R0 device encoder + single head,M1-R0,4,M1_pretrain,R0_device_single,single,True,False,2032,internal_heldout_repoRT_ood,0238,0238,0,-1,0,zero_shot_native_single,zero_shot,native_shared_single_head,mol_key,580,580,0,0,ORIGINAL_WORKSPACE/RepoRT_PolyOmics_9exp_weight_only_notebooks/outputs/E4/seed_2032/best_model.pt,best_model.pt,77,36.56408581467332,strict,,,,
28.94929439710534,19.545392990112305,41.799176968375846,20.058586645192616,575,0.8904415294042621,0.9156318279109528,575,E4,M1 RadonPy pretrain × R0 device encoder + single head,M1-R0,4,M1_pretrain,R0_device_single,single,True,False,2032,internal_heldout_repoRT_ood,0238,0238,5,2032,0,frozen_backbone_fresh_head_kshot,kshot_fresh_head_frozen_model,,mol_key,580,580,5,0,ORIGINAL_WORKSPACE/RepoRT_PolyOmics_9exp_weight_only_notebooks/outputs/E4/seed_2032/best_model.pt,best_model.pt,77,36.56408581467332,strict,ORIGINAL_WORKSPACE/RepoRT_PolyOmics_9exp_weight_only_notebooks/outputs/evaluation_E1_E9_internal_heldout_OOD_kshot/_support_splits/seed_2032/0238/K5_repeat2032.csv,300,0.001,0.0001
26.089907475880214,18.12352180480957,36.824426317772655,14.743080310291898,560,0.9151144170601295,0.9474187214599857,560,E4,M1 RadonPy pretrain × R0 device encoder + single head,M1-R0,4,M1_pretrain,R0_device_single,single,True,False,2032,internal_heldout_repoRT_ood,0238,0238,20,2032,0,frozen_backbone_fresh_head_kshot,kshot_fresh_head_frozen_model,,mol_key,580,580,20,0,ORIGINAL_WORKSPACE/RepoRT_PolyOmics_9exp_weight_only_notebooks/outputs/E4/seed_2032/best_model.pt,best_model.pt,77,36.56408581467332,strict,ORIGINAL_WORKSPACE/RepoRT_PolyOmics_9exp_weight_only_notebooks/outputs/evaluation_E1_E9_internal_heldout_OOD_kshot/_support_splits/seed_2032/0238/K20_repeat2032.csv,300,0.001,0.0001
18.247681438922882,11.17908239364624,27.881596755185043,11.207160012272215,480,0.9491547993468424,0.9709759946224213,480,E4,M1 RadonPy pretrain × R0 device encoder + single head,M1-R0,4,M1_pretrain,R0_device_single,single,True,False,2032,internal_heldout_repoRT_ood,0238,0238,100,2032,0,frozen_backbone_fresh_head_kshot,kshot_fresh_head_frozen_model,,mol_key,580,580,100,0,ORIGINAL_WORKSPACE/RepoRT_PolyOmics_9exp_weight_only_notebooks/outputs/E4/seed_2032/best_model.pt,best_model.pt,77,36.56408581467332,strict,ORIGINAL_WORKSPACE/RepoRT_PolyOmics_9exp_weight_only_notebooks/outputs/evaluation_E1_E9_internal_heldout_OOD_kshot/_support_splits/seed_2032/0238/K100_repeat2032.csv,300,0.001,0.0001
20.835046592511627,13.051071166992188,31.60847015161398,13.86006899871372,380,0.9382705207502474,0.9643852049163093,380,E4,M1 RadonPy pretrain × R0 device encoder + single head,M1-R0,4,M1_pretrain,R0_device_single,single,True,False,2032,internal_heldout_repoRT_ood,0238,0238,200,2032,0,frozen_backbone_fresh_head_kshot,kshot_fresh_head_frozen_model,,mol_key,580,580,200,0,ORIGINAL_WORKSPACE/RepoRT_PolyOmics_9exp_weight_only_notebooks/outputs/E4/seed_2032/best_model.pt,best_model.pt,77,36.56408581467332,strict,ORIGINAL_WORKSPACE/RepoRT_PolyOmics_9exp_weight_only_notebooks/outputs/evaluation_E1_E9_internal_heldout_OOD_kshot/_support_splits/seed_2032/0238/K200_repeat2032.csv,300,0.001,0.0001
89.15487423539162,50.621609687805176,125.91529464667686,53.57490550498177,96,0.9167990490432805,0.9390225027089049,96,E4,M1 RadonPy pretrain × R0 device encoder + single head,M1-R0,4,M1_pretrain,R0_device_single,single,True,False,2034,internal_heldout_repoRT_ood,0097,0097,0,-1,0,zero_shot_native_single,zero_shot,native_shared_single_head,mol_key,96,96,0,0,ORIGINAL_WORKSPACE/RepoRT_PolyOmics_9exp_weight_only_notebooks/outputs/E4/seed_2034/best_model.pt,best_model.pt,27,42.03960431424573,strict,,,,
73.86550992399782,62.359256744384766,99.54268465636952,67.49287410836106,91,0.9459536938461515,0.7957698588981661,91,E4,M1 RadonPy pretrain × R0 device encoder + single head,M1-R0,4,M1_pretrain,R0_device_single,single,True,False,2034,internal_heldout_repoRT_ood,0097,0097,5,2034,0,frozen_backbone_fresh_head_kshot,kshot_fresh_head_frozen_model,,mol_key,96,96,5,0,ORIGINAL_WORKSPACE/RepoRT_PolyOmics_9exp_weight_only_notebooks/outputs/E4/seed_2034/best_model.pt,best_model.pt,27,42.03960431424573,strict,ORIGINAL_WORKSPACE/RepoRT_PolyOmics_9exp_weight_only_notebooks/outputs/evaluation_E1_E9_internal_heldout_OOD_kshot/_support_splits/seed_2034/0097/K5_repeat2034.csv,300,0.001,0.0001
51.347365379333496,23.193819522857666,90.1743738178475,38.828193354143345,76,0.9564917601588416,0.9314431918237106,76,E4,M1 RadonPy pretrain × R0 device encoder + single head,M1-R0,4,M1_pretrain,R0_device_single,single,True,False,2034,internal_heldout_repoRT_ood,0097,0097,20,2034,0,frozen_backbone_fresh_head_kshot,kshot_fresh_head_frozen_model,,mol_key,96,96,20,0,ORIGINAL_WORKSPACE/RepoRT_PolyOmics_9exp_weight_only_notebooks/outputs/E4/seed_2034/best_model.pt,best_model.pt,27,42.03960431424573,strict,ORIGINAL_WORKSPACE/RepoRT_PolyOmics_9exp_weight_only_notebooks/outputs/evaluation_E1_E9_internal_heldout_OOD_kshot/_support_splits/seed_2034/0097/K20_repeat2034.csv,300,0.001,0.0001
19.69393091366209,11.485490798950195,31.003566128388933,10.275431190527048,580,0.9395806084483816,0.9638778454749406,580,E4,M1 RadonPy pretrain × R0 device encoder + single head,M1-R0,4,M1_pretrain,R0_device_single,single,True,False,2034,internal_heldout_repoRT_ood,0238,0238,0,-1,0,zero_shot_native_single,zero_shot,native_shared_single_head,mol_key,580,580,0,0,ORIGINAL_WORKSPACE/RepoRT_PolyOmics_9exp_weight_only_notebooks/outputs/E4/seed_2034/best_model.pt,best_model.pt,27,42.03960431424573,strict,,,,
41.853070002016814,37.01565742492676,52.645849646171584,32.57762108056412,575,0.8251663699340976,0.9284580123067445,575,E4,M1 RadonPy pretrain × R0 device encoder + single head,M1-R0,4,M1_pretrain,R0_device_single,single,True,False,2034,internal_heldout_repoRT_ood,0238,0238,5,2034,0,frozen_backbone_fresh_head_kshot,kshot_fresh_head_frozen_model,,mol_key,580,580,5,0,ORIGINAL_WORKSPACE/RepoRT_PolyOmics_9exp_weight_only_notebooks/outputs/E4/seed_2034/best_model.pt,best_model.pt,27,42.03960431424573,strict,ORIGINAL_WORKSPACE/RepoRT_PolyOmics_9exp_weight_only_notebooks/outputs/evaluation_E1_E9_internal_heldout_OOD_kshot/_support_splits/seed_2034/0238/K5_repeat2034.csv,300,0.001,0.0001
31.18726513215474,18.80648374557495,47.423834492646776,15.802305741512887,560,0.8591053219885909,0.9086037915611952,560,E4,M1 RadonPy pretrain × R0 device encoder + single head,M1-R0,4,M1_pretrain,R0_device_single,single,True,False,2034,internal_heldout_repoRT_ood,0238,0238,20,2034,0,frozen_backbone_fresh_head_kshot,kshot_fresh_head_frozen_model,,mol_key,580,580,20,0,ORIGINAL_WORKSPACE/RepoRT_PolyOmics_9exp_weight_only_notebooks/outputs/E4/seed_2034/best_model.pt,best_model.pt,27,42.03960431424573,strict,ORIGINAL_WORKSPACE/RepoRT_PolyOmics_9exp_weight_only_notebooks/outputs/evaluation_E1_E9_internal_heldout_OOD_kshot/_support_splits/seed_2034/0238/K20_repeat2034.csv,300,0.001,0.0001
27.394473046064377,18.021225929260254,38.93952409250543,20.891644665697065,480,0.9055166698579045,0.9405462862312152,480,E4,M1 RadonPy pretrain × R0 device encoder + single head,M1-R0,4,M1_pretrain,R0_device_single,single,True,False,2034,internal_heldout_repoRT_ood,0238,0238,100,2034,0,frozen_backbone_fresh_head_kshot,kshot_fresh_head_frozen_model,,mol_key,580,580,100,0,ORIGINAL_WORKSPACE/RepoRT_PolyOmics_9exp_weight_only_notebooks/outputs/E4/seed_2034/best_model.pt,best_model.pt,27,42.03960431424573,strict,ORIGINAL_WORKSPACE/RepoRT_PolyOmics_9exp_weight_only_notebooks/outputs/evaluation_E1_E9_internal_heldout_OOD_kshot/_support_splits/seed_2034/0238/K100_repeat2034.csv,300,0.001,0.0001
20.20510607016714,13.933353424072266,29.17948073701101,12.260638131330124,380,0.9462449941220802,0.9671199761302388,380,E4,M1 RadonPy pretrain × R0 device encoder + single head,M1-R0,4,M1_pretrain,R0_device_single,single,True,False,2034,internal_heldout_repoRT_ood,0238,0238,200,2034,0,frozen_backbone_fresh_head_kshot,kshot_fresh_head_frozen_model,,mol_key,580,580,200,0,ORIGINAL_WORKSPACE/RepoRT_PolyOmics_9exp_weight_only_notebooks/outputs/E4/seed_2034/best_model.pt,best_model.pt,27,42.03960431424573,strict,ORIGINAL_WORKSPACE/RepoRT_PolyOmics_9exp_weight_only_notebooks/outputs/evaluation_E1_E9_internal_heldout_OOD_kshot/_support_splits/seed_2034/0238/K200_repeat2034.csv,300,0.001,0.0001
159.58517715334892,66.90457105636597,225.01996153616398,49.409973565862295,96,0.7342866338609091,0.9441088349853982,96,E5,M1 RadonPy pretrain × R1 device encoder + multitask heads,M1-R1,5,M1_pretrain,R1_device_multi,multi,True,False,2004,internal_heldout_repoRT_ood,0097,0097,0,-1,0,zero_shot_seen_head_mean_ensemble,zero_shot,seen_head_mean_ensemble,mol_key,96,96,0,0,ORIGINAL_WORKSPACE/RepoRT_PolyOmics_9exp_weight_only_notebooks/outputs/E5/seed_2004/best_model.pt,best_model.pt,33,35.86096494477051,strict,,,,
92.89407845381852,38.975830078125,171.2808374035555,34.12239566246688,91,0.8488402696008145,0.9387276909139686,91,E5,M1 RadonPy pretrain × R1 device encoder + multitask heads,M1-R1,5,M1_pretrain,R1_device_multi,multi,True,False,2004,internal_heldout_repoRT_ood,0097,0097,5,2004,0,frozen_backbone_fresh_head_kshot,kshot_fresh_head_frozen_model,,mol_key,96,96,5,0,ORIGINAL_WORKSPACE/RepoRT_PolyOmics_9exp_weight_only_notebooks/outputs/E5/seed_2004/best_model.pt,best_model.pt,33,35.86096494477051,strict,ORIGINAL_WORKSPACE/RepoRT_PolyOmics_9exp_weight_only_notebooks/outputs/evaluation_E1_E9_internal_heldout_OOD_kshot/_support_splits/seed_2004/0097/K5_repeat2004.csv,300,0.001,0.0001
44.668124537718924,20.402469635009766,77.89047169947378,27.914751754976052,76,0.9690503239617247,0.856947967469424,76,E5,M1 RadonPy pretrain × R1 device encoder + multitask heads,M1-R1,5,M1_pretrain,R1_device_multi,multi,True,False,2004,internal_heldout_repoRT_ood,0097,0097,20,2004,0,frozen_backbone_fresh_head_kshot,kshot_fresh_head_frozen_model,,mol_key,96,96,20,0,ORIGINAL_WORKSPACE/RepoRT_PolyOmics_9exp_weight_only_notebooks/outputs/E5/seed_2004/best_model.pt,best_model.pt,33,35.86096494477051,strict,ORIGINAL_WORKSPACE/RepoRT_PolyOmics_9exp_weight_only_notebooks/outputs/evaluation_E1_E9_internal_heldout_OOD_kshot/_support_splits/seed_2004/0097/K20_repeat2004.csv,300,0.001,0.0001
271.05079322847826,300.3574562072754,320.22068401345996,118.44329674953322,580,-5.44542866314064,0.9584120468954461,580,E5,M1 RadonPy pretrain × R1 device encoder + multitask heads,M1-R1,5,M1_pretrain,R1_device_multi,multi,True,False,2004,internal_heldout_repoRT_ood,0238,0238,0,-1,0,zero_shot_seen_head_mean_ensemble,zero_shot,seen_head_mean_ensemble,mol_key,580,580,0,0,ORIGINAL_WORKSPACE/RepoRT_PolyOmics_9exp_weight_only_notebooks/outputs/E5/seed_2004/best_model.pt,best_model.pt,33,35.86096494477051,strict,,,,
34.06142010896102,24.028186798095703,48.7147486631362,18.390413284031457,575,0.849096507122259,0.8872214972944551,575,E5,M1 RadonPy pretrain × R1 device encoder + multitask heads,M1-R1,5,M1_pretrain,R1_device_multi,multi,True,False,2004,internal_heldout_repoRT_ood,0238,0238,5,2004,0,frozen_backbone_fresh_head_kshot,kshot_fresh_head_frozen_model,,mol_key,580,580,5,0,ORIGINAL_WORKSPACE/RepoRT_PolyOmics_9exp_weight_only_notebooks/outputs/E5/seed_2004/best_model.pt,best_model.pt,33,35.86096494477051,strict,ORIGINAL_WORKSPACE/RepoRT_PolyOmics_9exp_weight_only_notebooks/outputs/evaluation_E1_E9_internal_heldout_OOD_kshot/_support_splits/seed_2004/0238/K5_repeat2004.csv,300,0.001,0.0001
35.58187725714275,21.452722549438477,54.65021332102036,16.68798922968048,560,0.8123025221343836,0.9487686710747756,560,E5,M1 RadonPy pretrain × R1 device encoder + multitask heads,M1-R1,5,M1_pretrain,R1_device_multi,multi,True,False,2004,internal_heldout_repoRT_ood,0238,0238,20,2004,0,frozen_backbone_fresh_head_kshot,kshot_fresh_head_frozen_model,,mol_key,580,580,20,0,ORIGINAL_WORKSPACE/RepoRT_PolyOmics_9exp_weight_only_notebooks/outputs/E5/seed_2004/best_model.pt,best_model.pt,33,35.86096494477051,strict,ORIGINAL_WORKSPACE/RepoRT_PolyOmics_9exp_weight_only_notebooks/outputs/evaluation_E1_E9_internal_heldout_OOD_kshot/_support_splits/seed_2004/0238/K20_repeat2004.csv,300,0.001,0.0001
21.256868690252304,13.326308727264404,33.08676775449483,13.906385432060272,480,0.9310009590510007,0.9596450556409514,480,E5,M1 RadonPy pretrain × R1 device encoder + multitask heads,M1-R1,5,M1_pretrain,R1_device_multi,multi,True,False,2004,internal_heldout_repoRT_ood,0238,0238,100,2004,0,frozen_backbone_fresh_head_kshot,kshot_fresh_head_frozen_model,,mol_key,580,580,100,0,ORIGINAL_WORKSPACE/RepoRT_PolyOmics_9exp_weight_only_notebooks/outputs/E5/seed_2004/best_model.pt,best_model.pt,33,35.86096494477051,strict,ORIGINAL_WORKSPACE/RepoRT_PolyOmics_9exp_weight_only_notebooks/outputs/evaluation_E1_E9_internal_heldout_OOD_kshot/_support_splits/seed_2004/0238/K100_repeat2004.csv,300,0.001,0.0001
18.97100897839195,10.36633014678955,31.609091827144674,11.560849952092825,380,0.9396497690676406,0.9651632300359594,380,E5,M1 RadonPy pretrain × R1 device encoder + multitask heads,M1-R1,5,M1_pretrain,R1_device_multi,multi,True,False,2004,internal_heldout_repoRT_ood,0238,0238,200,2004,0,frozen_backbone_fresh_head_kshot,kshot_fresh_head_frozen_model,,mol_key,580,580,200,0,ORIGINAL_WORKSPACE/RepoRT_PolyOmics_9exp_weight_only_notebooks/outputs/E5/seed_2004/best_model.pt,best_model.pt,33,35.86096494477051,strict,ORIGINAL_WORKSPACE/RepoRT_PolyOmics_9exp_weight_only_notebooks/outputs/evaluation_E1_E9_internal_heldout_OOD_kshot/_support_splits/seed_2004/0238/K200_repeat2004.csv,300,0.001,0.0001
155.50694972276688,71.40304327011108,212.79627357335596,59.560338797182276,96,0.7623710499452743,0.959048662766821,96,E5,M1 RadonPy pretrain × R1 device encoder + multitask heads,M1-R1,5,M1_pretrain,R1_device_multi,multi,True,False,2006,internal_heldout_repoRT_ood,0097,0097,0,-1,0,zero_shot_seen_head_mean_ensemble,zero_shot,seen_head_mean_ensemble,mol_key,96,96,0,0,ORIGINAL_WORKSPACE/RepoRT_PolyOmics_9exp_weight_only_notebooks/outputs/E5/seed_2006/best_model.pt,best_model.pt,52,31.086047997659087,strict,,,,
73.74590611719823,58.03891181945801,99.22083486988569,80.40058777392824,91,0.9474060328317108,0.9491199949994111,91,E5,M1 RadonPy pretrain × R1 device encoder + multitask heads,M1-R1,5,M1_pretrain,R1_device_multi,multi,True,False,2006,internal_heldout_repoRT_ood,0097,0097,5,2006,0,frozen_backbone_fresh_head_kshot,kshot_fresh_head_frozen_model,,mol_key,96,96,5,0,ORIGINAL_WORKSPACE/RepoRT_PolyOmics_9exp_weight_only_notebooks/outputs/E5/seed_2006/best_model.pt,best_model.pt,52,31.086047997659087,strict,ORIGINAL_WORKSPACE/RepoRT_PolyOmics_9exp_weight_only_notebooks/outputs/evaluation_E1_E9_internal_heldout_OOD_kshot/_support_splits/seed_2006/0097/K5_repeat2006.csv,300,0.001,0.0001
51.060510748311096,24.933485984802246,88.13421276682094,29.617104159933394,76,0.9600552661780646,0.9426027477946871,76,E5,M1 RadonPy pretrain × R1 device encoder + multitask heads,M1-R1,5,M1_pretrain,R1_device_multi,multi,True,False,2006,internal_heldout_repoRT_ood,0097,0097,20,2006,0,frozen_backbone_fresh_head_kshot,kshot_fresh_head_frozen_model,,mol_key,96,96,20,0,ORIGINAL_WORKSPACE/RepoRT_PolyOmics_9exp_weight_only_notebooks/outputs/E5/seed_2006/best_model.pt,best_model.pt,52,31.086047997659087,strict,ORIGINAL_WORKSPACE/RepoRT_PolyOmics_9exp_weight_only_notebooks/outputs/evaluation_E1_E9_internal_heldout_OOD_kshot/_support_splits/seed_2006/0097/K20_repeat2006.csv,300,0.001,0.0001
271.1636166572571,294.7242307662964,316.69560659854864,124.40898975099006,580,-5.304303580684354,0.9554536743083709,580,E5,M1 RadonPy pretrain × R1 device encoder + multitask heads,M1-R1,5,M1_pretrain,R1_device_multi,multi,True,False,2006,internal_heldout_repoRT_ood,0238,0238,0,-1,0,zero_shot_seen_head_mean_ensemble,zero_shot,seen_head_mean_ensemble,mol_key,580,580,0,0,ORIGINAL_WORKSPACE/RepoRT_PolyOmics_9exp_weight_only_notebooks/outputs/E5/seed_2006/best_model.pt,best_model.pt,52,31.086047997659087,strict,,,,
58.222441839135215,32.17303276062012,82.59073062482524,95.86032552014943,575,0.5738792203618174,0.8822196165022408,575,E5,M1 RadonPy pretrain × R1 device encoder + multitask heads,M1-R1,5,M1_pretrain,R1_device_multi,multi,True,False,2006,internal_heldout_repoRT_ood,0238,0238,5,2006,0,frozen_backbone_fresh_head_kshot,kshot_fresh_head_frozen_model,,mol_key,580,580,5,0,ORIGINAL_WORKSPACE/RepoRT_PolyOmics_9exp_weight_only_notebooks/outputs/E5/seed_2006/best_model.pt,best_model.pt,52,31.086047997659087,strict,ORIGINAL_WORKSPACE/RepoRT_PolyOmics_9exp_weight_only_notebooks/outputs/evaluation_E1_E9_internal_heldout_OOD_kshot/_support_splits/seed_2006/0238/K5_repeat2006.csv,300,0.001,0.0001
31.58955270051956,22.124619483947754,43.95278186428435,20.239902400517654,560,0.8790636109383391,0.9019509824263763,560,E5,M1 RadonPy pretrain × R1 device encoder + multitask heads,M1-R1,5,M1_pretrain,R1_device_multi,multi,True,False,2006,internal_heldout_repoRT_ood,0238,0238,20,2006,0,frozen_backbone_fresh_head_kshot,kshot_fresh_head_frozen_model,,mol_key,580,580,20,0,ORIGINAL_WORKSPACE/RepoRT_PolyOmics_9exp_weight_only_notebooks/outputs/E5/seed_2006/best_model.pt,best_model.pt,52,31.086047997659087,strict,ORIGINAL_WORKSPACE/RepoRT_PolyOmics_9exp_weight_only_notebooks/outputs/evaluation_E1_E9_internal_heldout_OOD_kshot/_support_splits/seed_2006/0238/K20_repeat2006.csv,300,0.001,0.0001
19.869548976421356,10.883646011352539,34.502558427175835,11.833027518341135,480,0.924359188446043,0.9590134355100093,480,E5,M1 RadonPy pretrain × R1 device encoder + multitask heads,M1-R1,5,M1_pretrain,R1_device_multi,multi,True,False,2006,internal_heldout_repoRT_ood,0238,0238,100,2006,0,frozen_backbone_fresh_head_kshot,kshot_fresh_head_frozen_model,,mol_key,580,580,100,0,ORIGINAL_WORKSPACE/RepoRT_PolyOmics_9exp_weight_only_notebooks/outputs/E5/seed_2006/best_model.pt,best_model.pt,52,31.086047997659087,strict,ORIGINAL_WORKSPACE/RepoRT_PolyOmics_9exp_weight_only_notebooks/outputs/evaluation_E1_E9_internal_heldout_OOD_kshot/_support_splits/seed_2006/0238/K100_repeat2006.csv,300,0.001,0.0001
18.58545564350329,10.470743179321289,31.33633678327956,11.116920165903784,380,0.9347867932652095,0.95737058769437,380,E5,M1 RadonPy pretrain × R1 device encoder + multitask heads,M1-R1,5,M1_pretrain,R1_device_multi,multi,True,False,2006,internal_heldout_repoRT_ood,0238,0238,200,2006,0,frozen_backbone_fresh_head_kshot,kshot_fresh_head_frozen_model,,mol_key,580,580,200,0,ORIGINAL_WORKSPACE/RepoRT_PolyOmics_9exp_weight_only_notebooks/outputs/E5/seed_2006/best_model.pt,best_model.pt,52,31.086047997659087,strict,ORIGINAL_WORKSPACE/RepoRT_PolyOmics_9exp_weight_only_notebooks/outputs/evaluation_E1_E9_internal_heldout_OOD_kshot/_support_splits/seed_2006/0238/K200_repeat2006.csv,300,0.001,0.0001
146.13838866353035,51.462271213531494,209.86680000043364,42.35158036022511,96,0.7688686824256491,0.9708714992065743,96,E5,M1 RadonPy pretrain × R1 device encoder + multitask heads,M1-R1,5,M1_pretrain,R1_device_multi,multi,True,False,2011,internal_heldout_repoRT_ood,0097,0097,0,-1,0,zero_shot_seen_head_mean_ensemble,zero_shot,seen_head_mean_ensemble,mol_key,96,96,0,0,ORIGINAL_WORKSPACE/RepoRT_PolyOmics_9exp_weight_only_notebooks/outputs/E5/seed_2011/best_model.pt,best_model.pt,58,34.26158204272699,strict,,,,
53.583601280883116,26.641216278076172,97.15261395479693,27.656072506948775,91,0.951014117662958,0.9614884226955239,91,E5,M1 RadonPy pretrain × R1 device encoder + multitask heads,M1-R1,5,M1_pretrain,R1_device_multi,multi,True,False,2011,internal_heldout_repoRT_ood,0097,0097,5,2011,0,frozen_backbone_fresh_head_kshot,kshot_fresh_head_frozen_model,,mol_key,96,96,5,0,ORIGINAL_WORKSPACE/RepoRT_PolyOmics_9exp_weight_only_notebooks/outputs/E5/seed_2011/best_model.pt,best_model.pt,58,34.26158204272699,strict,ORIGINAL_WORKSPACE/RepoRT_PolyOmics_9exp_weight_only_notebooks/outputs/evaluation_E1_E9_internal_heldout_OOD_kshot/_support_splits/seed_2011/0097/K5_repeat2011.csv,300,0.001,0.0001
62.51231544896176,29.22429084777832,99.98179934047462,39.171414041332646,76,0.9469076557997628,0.8467790557930025,76,E5,M1 RadonPy pretrain × R1 device encoder + multitask heads,M1-R1,5,M1_pretrain,R1_device_multi,multi,True,False,2011,internal_heldout_repoRT_ood,0097,0097,20,2011,0,frozen_backbone_fresh_head_kshot,kshot_fresh_head_frozen_model,,mol_key,96,96,20,0,ORIGINAL_WORKSPACE/RepoRT_PolyOmics_9exp_weight_only_notebooks/outputs/E5/seed_2011/best_model.pt,best_model.pt,58,34.26158204272699,strict,ORIGINAL_WORKSPACE/RepoRT_PolyOmics_9exp_weight_only_notebooks/outputs/evaluation_E1_E9_internal_heldout_OOD_kshot/_support_splits/seed_2011/0097/K20_repeat2011.csv,300,0.001,0.0001
299.88014573064345,346.54364347457886,353.52844611286815,127.91703240329572,580,-6.856005407853123,0.9635108338563394,580,E5,M1 RadonPy pretrain × R1 device encoder + multitask heads,M1-R1,5,M1_pretrain,R1_device_multi,multi,True,False,2011,internal_heldout_repoRT_ood,0238,0238,0,-1,0,zero_shot_seen_head_mean_ensemble,zero_shot,seen_head_mean_ensemble,mol_key,580,580,0,0,ORIGINAL_WORKSPACE/RepoRT_PolyOmics_9exp_weight_only_notebooks/outputs/E5/seed_2011/best_model.pt,best_model.pt,58,34.26158204272699,strict,,,,
22.36912160956341,18.05368423461914,30.238900839307554,20.243917258598994,575,0.942638249903721,0.9730252285546171,575,E5,M1 RadonPy pretrain × R1 device encoder + multitask heads,M1-R1,5,M1_pretrain,R1_device_multi,multi,True,False,2011,internal_heldout_repoRT_ood,0238,0238,5,2011,0,frozen_backbone_fresh_head_kshot,kshot_fresh_head_frozen_model,,mol_key,580,580,5,0,ORIGINAL_WORKSPACE/RepoRT_PolyOmics_9exp_weight_only_notebooks/outputs/E5/seed_2011/best_model.pt,best_model.pt,58,34.26158204272699,strict,ORIGINAL_WORKSPACE/RepoRT_PolyOmics_9exp_weight_only_notebooks/outputs/evaluation_E1_E9_internal_heldout_OOD_kshot/_support_splits/seed_2011/0238/K5_repeat2011.csv,300,0.001,0.0001
21.246519889150346,13.235063552856445,32.86079683267327,12.03557627138363,560,0.932260513710614,0.9631840742667858,560,E5,M1 RadonPy pretrain × R1 device encoder + multitask heads,M1-R1,5,M1_pretrain,R1_device_multi,multi,True,False,2011,internal_heldout_repoRT_ood,0238,0238,20,2011,0,frozen_backbone_fresh_head_kshot,kshot_fresh_head_frozen_model,,mol_key,580,580,20,0,ORIGINAL_WORKSPACE/RepoRT_PolyOmics_9exp_weight_only_notebooks/outputs/E5/seed_2011/best_model.pt,best_model.pt,58,34.26158204272699,strict,ORIGINAL_WORKSPACE/RepoRT_PolyOmics_9exp_weight_only_notebooks/outputs/evaluation_E1_E9_internal_heldout_OOD_kshot/_support_splits/seed_2011/0238/K20_repeat2011.csv,300,0.001,0.0001
19.999715715646744,12.530336380004883,31.390896624607784,10.203217628543793,480,0.9381716595266578,0.958279636294583,480,E5,M1 RadonPy pretrain × R1 device encoder + multitask heads,M1-R1,5,M1_pretrain,R1_device_multi,multi,True,False,2011,internal_heldout_repoRT_ood,0238,0238,100,2011,0,frozen_backbone_fresh_head_kshot,kshot_fresh_head_frozen_model,,mol_key,580,580,100,0,ORIGINAL_WORKSPACE/RepoRT_PolyOmics_9exp_weight_only_notebooks/outputs/E5/seed_2011/best_model.pt,best_model.pt,58,34.26158204272699,strict,ORIGINAL_WORKSPACE/RepoRT_PolyOmics_9exp_weight_only_notebooks/outputs/evaluation_E1_E9_internal_heldout_OOD_kshot/_support_splits/seed_2011/0238/K100_repeat2011.csv,300,0.001,0.0001
17.664280151066027,10.062975883483887,28.01227967049616,10.432159414930217,380,0.9500770138231754,0.9671649042775841,380,E5,M1 RadonPy pretrain × R1 device encoder + multitask heads,M1-R1,5,M1_pretrain,R1_device_multi,multi,True,False,2011,internal_heldout_repoRT_ood,0238,0238,200,2011,0,frozen_backbone_fresh_head_kshot,kshot_fresh_head_frozen_model,,mol_key,580,580,200,0,ORIGINAL_WORKSPACE/RepoRT_PolyOmics_9exp_weight_only_notebooks/outputs/E5/seed_2011/best_model.pt,best_model.pt,58,34.26158204272699,strict,ORIGINAL_WORKSPACE/RepoRT_PolyOmics_9exp_weight_only_notebooks/outputs/evaluation_E1_E9_internal_heldout_OOD_kshot/_support_splits/seed_2011/0238/K200_repeat2011.csv,300,0.001,0.0001
149.8089398443699,48.49880933761597,216.67954868541452,41.54364556554242,96,0.7536190337291064,0.9530116141769642,96,E5,M1 RadonPy pretrain × R1 device encoder + multitask heads,M1-R1,5,M1_pretrain,R1_device_multi,multi,True,False,2012,internal_heldout_repoRT_ood,0097,0097,0,-1,0,zero_shot_seen_head_mean_ensemble,zero_shot,seen_head_mean_ensemble,mol_key,96,96,0,0,ORIGINAL_WORKSPACE/RepoRT_PolyOmics_9exp_weight_only_notebooks/outputs/E5/seed_2012/best_model.pt,best_model.pt,79,32.335371748634486,strict,,,,
59.8788454244425,21.168437004089355,120.02505432042804,26.234098289182477,91,0.9246217985932971,0.9451239380242639,91,E5,M1 RadonPy pretrain × R1 device encoder + multitask heads,M1-R1,5,M1_pretrain,R1_device_multi,multi,True,False,2012,internal_heldout_repoRT_ood,0097,0097,5,2012,0,frozen_backbone_fresh_head_kshot,kshot_fresh_head_frozen_model,,mol_key,96,96,5,0,ORIGINAL_WORKSPACE/RepoRT_PolyOmics_9exp_weight_only_notebooks/outputs/E5/seed_2012/best_model.pt,best_model.pt,79,32.335371748634486,strict,ORIGINAL_WORKSPACE/RepoRT_PolyOmics_9exp_weight_only_notebooks/outputs/evaluation_E1_E9_internal_heldout_OOD_kshot/_support_splits/seed_2012/0097/K5_repeat2012.csv,300,0.001,0.0001
120.88990650678936,33.558833599090576,200.8999583453611,23.04856814257162,76,0.7944901296391406,0.871421161758771,76,E5,M1 RadonPy pretrain × R1 device encoder + multitask heads,M1-R1,5,M1_pretrain,R1_device_multi,multi,True,False,2012,internal_heldout_repoRT_ood,0097,0097,20,2012,0,frozen_backbone_fresh_head_kshot,kshot_fresh_head_frozen_model,,mol_key,96,96,20,0,ORIGINAL_WORKSPACE/RepoRT_PolyOmics_9exp_weight_only_notebooks/outputs/E5/seed_2012/best_model.pt,best_model.pt,79,32.335371748634486,strict,ORIGINAL_WORKSPACE/RepoRT_PolyOmics_9exp_weight_only_notebooks/outputs/evaluation_E1_E9_internal_heldout_OOD_kshot/_support_splits/seed_2012/0097/K20_repeat2012.csv,300,0.001,0.0001
270.9307470239442,300.4540514945984,315.52095501568164,123.25960846027036,580,-5.257623932501789,0.9569818635749596,580,E5,M1 RadonPy pretrain × R1 device encoder + multitask heads,M1-R1,5,M1_pretrain,R1_device_multi,multi,True,False,2012,internal_heldout_repoRT_ood,0238,0238,0,-1,0,zero_shot_seen_head_mean_ensemble,zero_shot,seen_head_mean_ensemble,mol_key,580,580,0,0,ORIGINAL_WORKSPACE/RepoRT_PolyOmics_9exp_weight_only_notebooks/outputs/E5/seed_2012/best_model.pt,best_model.pt,79,32.335371748634486,strict,,,,
48.20313230597455,37.10133075714111,62.080737164857545,47.47650215080384,575,0.7576268438982926,0.9302601547873299,575,E5,M1 RadonPy pretrain × R1 device encoder + multitask heads,M1-R1,5,M1_pretrain,R1_device_multi,multi,True,False,2012,internal_heldout_repoRT_ood,0238,0238,5,2012,0,frozen_backbone_fresh_head_kshot,kshot_fresh_head_frozen_model,,mol_key,580,580,5,0,ORIGINAL_WORKSPACE/RepoRT_PolyOmics_9exp_weight_only_notebooks/outputs/E5/seed_2012/best_model.pt,best_model.pt,79,32.335371748634486,strict,ORIGINAL_WORKSPACE/RepoRT_PolyOmics_9exp_weight_only_notebooks/outputs/evaluation_E1_E9_internal_heldout_OOD_kshot/_support_splits/seed_2012/0238/K5_repeat2012.csv,300,0.001,0.0001
29.295452969414846,18.890833854675293,43.38338607859861,18.24005750370202,560,0.8824510414022482,0.9322751599530799,560,E5,M1 RadonPy pretrain × R1 device encoder + multitask heads,M1-R1,5,M1_pretrain,R1_device_multi,multi,True,False,2012,internal_heldout_repoRT_ood,0238,0238,20,2012,0,frozen_backbone_fresh_head_kshot,kshot_fresh_head_frozen_model,,mol_key,580,580,20,0,ORIGINAL_WORKSPACE/RepoRT_PolyOmics_9exp_weight_only_notebooks/outputs/E5/seed_2012/best_model.pt,best_model.pt,79,32.335371748634486,strict,ORIGINAL_WORKSPACE/RepoRT_PolyOmics_9exp_weight_only_notebooks/outputs/evaluation_E1_E9_internal_heldout_OOD_kshot/_support_splits/seed_2012/0238/K20_repeat2012.csv,300,0.001,0.0001
20.15510630607605,12.272207736968994,33.82843317966966,12.070771183658108,480,0.9291874437195085,0.9590993840125592,480,E5,M1 RadonPy pretrain × R1 device encoder + multitask heads,M1-R1,5,M1_pretrain,R1_device_multi,multi,True,False,2012,internal_heldout_repoRT_ood,0238,0238,100,2012,0,frozen_backbone_fresh_head_kshot,kshot_fresh_head_frozen_model,,mol_key,580,580,100,0,ORIGINAL_WORKSPACE/RepoRT_PolyOmics_9exp_weight_only_notebooks/outputs/E5/seed_2012/best_model.pt,best_model.pt,79,32.335371748634486,strict,ORIGINAL_WORKSPACE/RepoRT_PolyOmics_9exp_weight_only_notebooks/outputs/evaluation_E1_E9_internal_heldout_OOD_kshot/_support_splits/seed_2012/0238/K100_repeat2012.csv,300,0.001,0.0001
16.996262688385812,8.372712135314941,30.485158798475346,10.123098210712271,380,0.9425094095038589,0.9685926771898621,380,E5,M1 RadonPy pretrain × R1 device encoder + multitask heads,M1-R1,5,M1_pretrain,R1_device_multi,multi,True,False,2012,internal_heldout_repoRT_ood,0238,0238,200,2012,0,frozen_backbone_fresh_head_kshot,kshot_fresh_head_frozen_model,,mol_key,580,580,200,0,ORIGINAL_WORKSPACE/RepoRT_PolyOmics_9exp_weight_only_notebooks/outputs/E5/seed_2012/best_model.pt,best_model.pt,79,32.335371748634486,strict,ORIGINAL_WORKSPACE/RepoRT_PolyOmics_9exp_weight_only_notebooks/outputs/evaluation_E1_E9_internal_heldout_OOD_kshot/_support_splits/seed_2012/0238/K200_repeat2012.csv,300,0.001,0.0001
154.66288894414902,91.50348901748657,211.7994681465283,58.79188038882136,96,0.7645920928354228,0.957500353342201,96,E5,M1 RadonPy pretrain × R1 device encoder + multitask heads,M1-R1,5,M1_pretrain,R1_device_multi,multi,True,False,2016,internal_heldout_repoRT_ood,0097,0097,0,-1,0,zero_shot_seen_head_mean_ensemble,zero_shot,seen_head_mean_ensemble,mol_key,96,96,0,0,ORIGINAL_WORKSPACE/RepoRT_PolyOmics_9exp_weight_only_notebooks/outputs/E5/seed_2016/best_model.pt,best_model.pt,94,33.02815069022029,strict,,,,
116.41763079297412,67.7953577041626,163.487746714413,99.37290384208052,91,0.8605090309683502,0.9492550798326643,91,E5,M1 RadonPy pretrain × R1 device encoder + multitask heads,M1-R1,5,M1_pretrain,R1_device_multi,multi,True,False,2016,internal_heldout_repoRT_ood,0097,0097,5,2016,0,frozen_backbone_fresh_head_kshot,kshot_fresh_head_frozen_model,,mol_key,96,96,5,0,ORIGINAL_WORKSPACE/RepoRT_PolyOmics_9exp_weight_only_notebooks/outputs/E5/seed_2016/best_model.pt,best_model.pt,94,33.02815069022029,strict,ORIGINAL_WORKSPACE/RepoRT_PolyOmics_9exp_weight_only_notebooks/outputs/evaluation_E1_E9_internal_heldout_OOD_kshot/_support_splits/seed_2016/0097/K5_repeat2016.csv,300,0.001,0.0001
68.01079329691436,35.01312732696533,108.39311459848864,34.68119978462703,76,0.9419661101176482,0.9651943730744925,76,E5,M1 RadonPy pretrain × R1 device encoder + multitask heads,M1-R1,5,M1_pretrain,R1_device_multi,multi,True,False,2016,internal_heldout_repoRT_ood,0097,0097,20,2016,0,frozen_backbone_fresh_head_kshot,kshot_fresh_head_frozen_model,,mol_key,96,96,20,0,ORIGINAL_WORKSPACE/RepoRT_PolyOmics_9exp_weight_only_notebooks/outputs/E5/seed_2016/best_model.pt,best_model.pt,94,33.02815069022029,strict,ORIGINAL_WORKSPACE/RepoRT_PolyOmics_9exp_weight_only_notebooks/outputs/evaluation_E1_E9_internal_heldout_OOD_kshot/_support_splits/seed_2016/0097/K20_repeat2016.csv,300,0.001,0.0001
264.89647108110887,295.77701568603516,309.1594658355955,122.66930550227315,580,-5.007837029747567,0.9461351238059967,580,E5,M1 RadonPy pretrain × R1 device encoder + multitask heads,M1-R1,5,M1_pretrain,R1_device_multi,multi,True,False,2016,internal_heldout_repoRT_ood,0238,0238,0,-1,0,zero_shot_seen_head_mean_ensemble,zero_shot,seen_head_mean_ensemble,mol_key,580,580,0,0,ORIGINAL_WORKSPACE/RepoRT_PolyOmics_9exp_weight_only_notebooks/outputs/E5/seed_2016/best_model.pt,best_model.pt,94,33.02815069022029,strict,,,,
74.59292009602423,31.75440788269043,115.12888504137103,27.749127789167794,575,0.16391571350852552,0.9574844058771179,575,E5,M1 RadonPy pretrain × R1 device encoder + multitask heads,M1-R1,5,M1_pretrain,R1_device_multi,multi,True,False,2016,internal_heldout_repoRT_ood,0238,0238,5,2016,0,frozen_backbone_fresh_head_kshot,kshot_fresh_head_frozen_model,,mol_key,580,580,5,0,ORIGINAL_WORKSPACE/RepoRT_PolyOmics_9exp_weight_only_notebooks/outputs/E5/seed_2016/best_model.pt,best_model.pt,94,33.02815069022029,strict,ORIGINAL_WORKSPACE/RepoRT_PolyOmics_9exp_weight_only_notebooks/outputs/evaluation_E1_E9_internal_heldout_OOD_kshot/_support_splits/seed_2016/0238/K5_repeat2016.csv,300,0.001,0.0001
35.33168979201998,21.208748817443848,58.22263004284577,18.46695785173519,560,0.7854604330737329,0.8730323480610015,560,E5,M1 RadonPy pretrain × R1 device encoder + multitask heads,M1-R1,5,M1_pretrain,R1_device_multi,multi,True,False,2016,internal_heldout_repoRT_ood,0238,0238,20,2016,0,frozen_backbone_fresh_head_kshot,kshot_fresh_head_frozen_model,,mol_key,580,580,20,0,ORIGINAL_WORKSPACE/RepoRT_PolyOmics_9exp_weight_only_notebooks/outputs/E5/seed_2016/best_model.pt,best_model.pt,94,33.02815069022029,strict,ORIGINAL_WORKSPACE/RepoRT_PolyOmics_9exp_weight_only_notebooks/outputs/evaluation_E1_E9_internal_heldout_OOD_kshot/_support_splits/seed_2016/0238/K20_repeat2016.csv,300,0.001,0.0001
17.514221221208572,9.073777198791504,32.59205073497438,10.45510742705321,480,0.9326913167815424,0.9580325091201778,480,E5,M1 RadonPy pretrain × R1 device encoder + multitask heads,M1-R1,5,M1_pretrain,R1_device_multi,multi,True,False,2016,internal_heldout_repoRT_ood,0238,0238,100,2016,0,frozen_backbone_fresh_head_kshot,kshot_fresh_head_frozen_model,,mol_key,580,580,100,0,ORIGINAL_WORKSPACE/RepoRT_PolyOmics_9exp_weight_only_notebooks/outputs/E5/seed_2016/best_model.pt,best_model.pt,94,33.02815069022029,strict,ORIGINAL_WORKSPACE/RepoRT_PolyOmics_9exp_weight_only_notebooks/outputs/evaluation_E1_E9_internal_heldout_OOD_kshot/_support_splits/seed_2016/0238/K100_repeat2016.csv,300,0.001,0.0001
18.180483943537663,9.67670202255249,33.303539114745625,14.095886489201764,380,0.9302020734759524,0.9600485112688584,380,E5,M1 RadonPy pretrain × R1 device encoder + multitask heads,M1-R1,5,M1_pretrain,R1_device_multi,multi,True,False,2016,internal_heldout_repoRT_ood,0238,0238,200,2016,0,frozen_backbone_fresh_head_kshot,kshot_fresh_head_frozen_model,,mol_key,580,580,200,0,ORIGINAL_WORKSPACE/RepoRT_PolyOmics_9exp_weight_only_notebooks/outputs/E5/seed_2016/best_model.pt,best_model.pt,94,33.02815069022029,strict,ORIGINAL_WORKSPACE/RepoRT_PolyOmics_9exp_weight_only_notebooks/outputs/evaluation_E1_E9_internal_heldout_OOD_kshot/_support_splits/seed_2016/0238/K200_repeat2016.csv,300,0.001,0.0001
167.10681289434433,108.3022141456604,230.46140280193097,57.04668340931549,96,0.7212802560009494,0.962260725739827,96,E5,M1 RadonPy pretrain × R1 device encoder + multitask heads,M1-R1,5,M1_pretrain,R1_device_multi,multi,True,False,2020,internal_heldout_repoRT_ood,0097,0097,0,-1,0,zero_shot_seen_head_mean_ensemble,zero_shot,seen_head_mean_ensemble,mol_key,96,96,0,0,ORIGINAL_WORKSPACE/RepoRT_PolyOmics_9exp_weight_only_notebooks/outputs/E5/seed_2020/best_model.pt,best_model.pt,90,35.46661792952257,strict,,,,
67.66919995402242,16.719675064086914,129.5408123608703,31.993272608098028,91,0.9127742577260223,0.9139240685803374,91,E5,M1 RadonPy pretrain × R1 device encoder + multitask heads,M1-R1,5,M1_pretrain,R1_device_multi,multi,True,False,2020,internal_heldout_repoRT_ood,0097,0097,5,2020,0,frozen_backbone_fresh_head_kshot,kshot_fresh_head_frozen_model,,mol_key,96,96,5,0,ORIGINAL_WORKSPACE/RepoRT_PolyOmics_9exp_weight_only_notebooks/outputs/E5/seed_2020/best_model.pt,best_model.pt,90,35.46661792952257,strict,ORIGINAL_WORKSPACE/RepoRT_PolyOmics_9exp_weight_only_notebooks/outputs/evaluation_E1_E9_internal_heldout_OOD_kshot/_support_splits/seed_2020/0097/K5_repeat2020.csv,300,0.001,0.0001
51.766836517735534,21.019878387451172,96.66226629199194,32.3647807354509,76,0.9469341412582385,0.8444944690679065,76,E5,M1 RadonPy pretrain × R1 device encoder + multitask heads,M1-R1,5,M1_pretrain,R1_device_multi,multi,True,False,2020,internal_heldout_repoRT_ood,0097,0097,20,2020,0,frozen_backbone_fresh_head_kshot,kshot_fresh_head_frozen_model,,mol_key,96,96,20,0,ORIGINAL_WORKSPACE/RepoRT_PolyOmics_9exp_weight_only_notebooks/outputs/E5/seed_2020/best_model.pt,best_model.pt,90,35.46661792952257,strict,ORIGINAL_WORKSPACE/RepoRT_PolyOmics_9exp_weight_only_notebooks/outputs/evaluation_E1_E9_internal_heldout_OOD_kshot/_support_splits/seed_2020/0097/K20_repeat2020.csv,300,0.001,0.0001
293.4569530075994,322.5115728378296,340.58433647559866,135.37653631391814,580,-6.291256819002685,0.9599406973256408,580,E5,M1 RadonPy pretrain × R1 device encoder + multitask heads,M1-R1,5,M1_pretrain,R1_device_multi,multi,True,False,2020,internal_heldout_repoRT_ood,0238,0238,0,-1,0,zero_shot_seen_head_mean_ensemble,zero_shot,seen_head_mean_ensemble,mol_key,580,580,0,0,ORIGINAL_WORKSPACE/RepoRT_PolyOmics_9exp_weight_only_notebooks/outputs/E5/seed_2020/best_model.pt,best_model.pt,90,35.46661792952257,strict,,,,
23.212965898928434,15.866861343383789,34.49708567646553,19.481344974138388,575,0.9254772570199782,0.9636180019627235,575,E5,M1 RadonPy pretrain × R1 device encoder + multitask heads,M1-R1,5,M1_pretrain,R1_device_multi,multi,True,False,2020,internal_heldout_repoRT_ood,0238,0238,5,2020,0,frozen_backbone_fresh_head_kshot,kshot_fresh_head_frozen_model,,mol_key,580,580,5,0,ORIGINAL_WORKSPACE/RepoRT_PolyOmics_9exp_weight_only_notebooks/outputs/E5/seed_2020/best_model.pt,best_model.pt,90,35.46661792952257,strict,ORIGINAL_WORKSPACE/RepoRT_PolyOmics_9exp_weight_only_notebooks/outputs/evaluation_E1_E9_internal_heldout_OOD_kshot/_support_splits/seed_2020/0238/K5_repeat2020.csv,300,0.001,0.0001
24.028444366795675,14.651041030883789,37.84765134043268,18.479799687130026,560,0.9097583361928261,0.9434370566246006,560,E5,M1 RadonPy pretrain × R1 device encoder + multitask heads,M1-R1,5,M1_pretrain,R1_device_multi,multi,True,False,2020,internal_heldout_repoRT_ood,0238,0238,20,2020,0,frozen_backbone_fresh_head_kshot,kshot_fresh_head_frozen_model,,mol_key,580,580,20,0,ORIGINAL_WORKSPACE/RepoRT_PolyOmics_9exp_weight_only_notebooks/outputs/E5/seed_2020/best_model.pt,best_model.pt,90,35.46661792952257,strict,ORIGINAL_WORKSPACE/RepoRT_PolyOmics_9exp_weight_only_notebooks/outputs/evaluation_E1_E9_internal_heldout_OOD_kshot/_support_splits/seed_2020/0238/K20_repeat2020.csv,300,0.001,0.0001
20.012843042612076,11.123170852661133,34.33455145715154,11.733343673257899,480,0.9251242040080386,0.9571203005679594,480,E5,M1 RadonPy pretrain × R1 device encoder + multitask heads,M1-R1,5,M1_pretrain,R1_device_multi,multi,True,False,2020,internal_heldout_repoRT_ood,0238,0238,100,2020,0,frozen_backbone_fresh_head_kshot,kshot_fresh_head_frozen_model,,mol_key,580,580,100,0,ORIGINAL_WORKSPACE/RepoRT_PolyOmics_9exp_weight_only_notebooks/outputs/E5/seed_2020/best_model.pt,best_model.pt,90,35.46661792952257,strict,ORIGINAL_WORKSPACE/RepoRT_PolyOmics_9exp_weight_only_notebooks/outputs/evaluation_E1_E9_internal_heldout_OOD_kshot/_support_splits/seed_2020/0238/K100_repeat2020.csv,300,0.001,0.0001
20.09225064829776,11.556966304779053,33.346918733692775,12.45267218539598,380,0.9297243994162192,0.9610775102568893,380,E5,M1 RadonPy pretrain × R1 device encoder + multitask heads,M1-R1,5,M1_pretrain,R1_device_multi,multi,True,False,2020,internal_heldout_repoRT_ood,0238,0238,200,2020,0,frozen_backbone_fresh_head_kshot,kshot_fresh_head_frozen_model,,mol_key,580,580,200,0,ORIGINAL_WORKSPACE/RepoRT_PolyOmics_9exp_weight_only_notebooks/outputs/E5/seed_2020/best_model.pt,best_model.pt,90,35.46661792952257,strict,ORIGINAL_WORKSPACE/RepoRT_PolyOmics_9exp_weight_only_notebooks/outputs/evaluation_E1_E9_internal_heldout_OOD_kshot/_support_splits/seed_2020/0238/K200_repeat2020.csv,300,0.001,0.0001
162.3448111116886,112.38260507583618,222.276949394019,54.67157258528451,96,0.7407252834460796,0.9485228750117277,96,E5,M1 RadonPy pretrain × R1 device encoder + multitask heads,M1-R1,5,M1_pretrain,R1_device_multi,multi,True,False,2022,internal_heldout_repoRT_ood,0097,0097,0,-1,0,zero_shot_seen_head_mean_ensemble,zero_shot,seen_head_mean_ensemble,mol_key,96,96,0,0,ORIGINAL_WORKSPACE/RepoRT_PolyOmics_9exp_weight_only_notebooks/outputs/E5/seed_2022/best_model.pt,best_model.pt,61,35.7462339605634,strict,,,,
254.73844606797775,141.27894401550293,365.4036019599587,42.104242256999214,91,0.3074608044384609,0.9242401491248917,91,E5,M1 RadonPy pretrain × R1 device encoder + multitask heads,M1-R1,5,M1_pretrain,R1_device_multi,multi,True,False,2022,internal_heldout_repoRT_ood,0097,0097,5,2022,0,frozen_backbone_fresh_head_kshot,kshot_fresh_head_frozen_model,,mol_key,96,96,5,0,ORIGINAL_WORKSPACE/RepoRT_PolyOmics_9exp_weight_only_notebooks/outputs/E5/seed_2022/best_model.pt,best_model.pt,61,35.7462339605634,strict,ORIGINAL_WORKSPACE/RepoRT_PolyOmics_9exp_weight_only_notebooks/outputs/evaluation_E1_E9_internal_heldout_OOD_kshot/_support_splits/seed_2022/0097/K5_repeat2022.csv,300,0.001,0.0001
59.29022293341787,29.735755920410156,96.43866676924307,39.13476387734188,76,0.9502629896006822,0.9128696400643328,76,E5,M1 RadonPy pretrain × R1 device encoder + multitask heads,M1-R1,5,M1_pretrain,R1_device_multi,multi,True,False,2022,internal_heldout_repoRT_ood,0097,0097,20,2022,0,frozen_backbone_fresh_head_kshot,kshot_fresh_head_frozen_model,,mol_key,96,96,20,0,ORIGINAL_WORKSPACE/RepoRT_PolyOmics_9exp_weight_only_notebooks/outputs/E5/seed_2022/best_model.pt,best_model.pt,61,35.7462339605634,strict,ORIGINAL_WORKSPACE/RepoRT_PolyOmics_9exp_weight_only_notebooks/outputs/evaluation_E1_E9_internal_heldout_OOD_kshot/_support_splits/seed_2022/0097/K20_repeat2022.csv,300,0.001,0.0001
278.82810614026823,314.26644802093506,327.06858194570856,123.0921165158196,580,-5.724046439244627,0.9562686343938287,580,E5,M1 RadonPy pretrain × R1 device encoder + multitask heads,M1-R1,5,M1_pretrain,R1_device_multi,multi,True,False,2022,internal_heldout_repoRT_ood,0238,0238,0,-1,0,zero_shot_seen_head_mean_ensemble,zero_shot,seen_head_mean_ensemble,mol_key,580,580,0,0,ORIGINAL_WORKSPACE/RepoRT_PolyOmics_9exp_weight_only_notebooks/outputs/E5/seed_2022/best_model.pt,best_model.pt,61,35.7462339605634,strict,,,,
85.48388442993163,41.92902088165283,122.13127903672017,145.88928916505796,575,0.061592773390168776,0.6796949414493931,575,E5,M1 RadonPy pretrain × R1 device encoder + multitask heads,M1-R1,5,M1_pretrain,R1_device_multi,multi,True,False,2022,internal_heldout_repoRT_ood,0238,0238,5,2022,0,frozen_backbone_fresh_head_kshot,kshot_fresh_head_frozen_model,,mol_key,580,580,5,0,ORIGINAL_WORKSPACE/RepoRT_PolyOmics_9exp_weight_only_notebooks/outputs/E5/seed_2022/best_model.pt,best_model.pt,61,35.7462339605634,strict,ORIGINAL_WORKSPACE/RepoRT_PolyOmics_9exp_weight_only_notebooks/outputs/evaluation_E1_E9_internal_heldout_OOD_kshot/_support_splits/seed_2022/0238/K5_repeat2022.csv,300,0.001,0.0001
18.647262045315333,12.303557395935059,30.474708658263644,10.447363314562956,560,0.9416341109726568,0.9623974343021121,560,E5,M1 RadonPy pretrain × R1 device encoder + multitask heads,M1-R1,5,M1_pretrain,R1_device_multi,multi,True,False,2022,internal_heldout_repoRT_ood,0238,0238,20,2022,0,frozen_backbone_fresh_head_kshot,kshot_fresh_head_frozen_model,,mol_key,580,580,20,0,ORIGINAL_WORKSPACE/RepoRT_PolyOmics_9exp_weight_only_notebooks/outputs/E5/seed_2022/best_model.pt,best_model.pt,61,35.7462339605634,strict,ORIGINAL_WORKSPACE/RepoRT_PolyOmics_9exp_weight_only_notebooks/outputs/evaluation_E1_E9_internal_heldout_OOD_kshot/_support_splits/seed_2022/0238/K20_repeat2022.csv,300,0.001,0.0001
21.07185223698616,11.935172080993652,36.44348770485444,11.65495386181578,480,0.915547633239367,0.9573833819947031,480,E5,M1 RadonPy pretrain × R1 device encoder + multitask heads,M1-R1,5,M1_pretrain,R1_device_multi,multi,True,False,2022,internal_heldout_repoRT_ood,0238,0238,100,2022,0,frozen_backbone_fresh_head_kshot,kshot_fresh_head_frozen_model,,mol_key,580,580,100,0,ORIGINAL_WORKSPACE/RepoRT_PolyOmics_9exp_weight_only_notebooks/outputs/E5/seed_2022/best_model.pt,best_model.pt,61,35.7462339605634,strict,ORIGINAL_WORKSPACE/RepoRT_PolyOmics_9exp_weight_only_notebooks/outputs/evaluation_E1_E9_internal_heldout_OOD_kshot/_support_splits/seed_2022/0238/K100_repeat2022.csv,300,0.001,0.0001
17.167253418972617,10.013108253479004,29.47620321534669,9.337216525126006,380,0.9477086384260885,0.9653024900724527,380,E5,M1 RadonPy pretrain × R1 device encoder + multitask heads,M1-R1,5,M1_pretrain,R1_device_multi,multi,True,False,2022,internal_heldout_repoRT_ood,0238,0238,200,2022,0,frozen_backbone_fresh_head_kshot,kshot_fresh_head_frozen_model,,mol_key,580,580,200,0,ORIGINAL_WORKSPACE/RepoRT_PolyOmics_9exp_weight_only_notebooks/outputs/E5/seed_2022/best_model.pt,best_model.pt,61,35.7462339605634,strict,ORIGINAL_WORKSPACE/RepoRT_PolyOmics_9exp_weight_only_notebooks/outputs/evaluation_E1_E9_internal_heldout_OOD_kshot/_support_splits/seed_2022/0238/K200_repeat2022.csv,300,0.001,0.0001
163.64645078778267,102.47888803482056,230.5150225672168,53.020032625308374,96,0.7211505582346509,0.9378273164863908,96,E5,M1 RadonPy pretrain × R1 device encoder + multitask heads,M1-R1,5,M1_pretrain,R1_device_multi,multi,True,False,2027,internal_heldout_repoRT_ood,0097,0097,0,-1,0,zero_shot_seen_head_mean_ensemble,zero_shot,seen_head_mean_ensemble,mol_key,96,96,0,0,ORIGINAL_WORKSPACE/RepoRT_PolyOmics_9exp_weight_only_notebooks/outputs/E5/seed_2027/best_model.pt,best_model.pt,64,34.23312241570532,strict,,,,
60.863069859179824,18.842053413391113,121.01610371698327,25.580776827832707,91,0.9235577438754385,0.9512468701276187,91,E5,M1 RadonPy pretrain × R1 device encoder + multitask heads,M1-R1,5,M1_pretrain,R1_device_multi,multi,True,False,2027,internal_heldout_repoRT_ood,0097,0097,5,2027,0,frozen_backbone_fresh_head_kshot,kshot_fresh_head_frozen_model,,mol_key,96,96,5,0,ORIGINAL_WORKSPACE/RepoRT_PolyOmics_9exp_weight_only_notebooks/outputs/E5/seed_2027/best_model.pt,best_model.pt,64,34.23312241570532,strict,ORIGINAL_WORKSPACE/RepoRT_PolyOmics_9exp_weight_only_notebooks/outputs/evaluation_E1_E9_internal_heldout_OOD_kshot/_support_splits/seed_2027/0097/K5_repeat2027.csv,300,0.001,0.0001
71.85836754347149,30.59525728225708,127.66425411386122,55.655663414017496,76,0.9170606716861154,0.9585077783275909,76,E5,M1 RadonPy pretrain × R1 device encoder + multitask heads,M1-R1,5,M1_pretrain,R1_device_multi,multi,True,False,2027,internal_heldout_repoRT_ood,0097,0097,20,2027,0,frozen_backbone_fresh_head_kshot,kshot_fresh_head_frozen_model,,mol_key,96,96,20,0,ORIGINAL_WORKSPACE/RepoRT_PolyOmics_9exp_weight_only_notebooks/outputs/E5/seed_2027/best_model.pt,best_model.pt,64,34.23312241570532,strict,ORIGINAL_WORKSPACE/RepoRT_PolyOmics_9exp_weight_only_notebooks/outputs/evaluation_E1_E9_internal_heldout_OOD_kshot/_support_splits/seed_2027/0097/K20_repeat2027.csv,300,0.001,0.0001
259.2162919373348,292.47758388519287,303.26455102772695,115.29731364152656,580,-4.780911821913449,0.9604400816457431,580,E5,M1 RadonPy pretrain × R1 device encoder + multitask heads,M1-R1,5,M1_pretrain,R1_device_multi,multi,True,False,2027,internal_heldout_repoRT_ood,0238,0238,0,-1,0,zero_shot_seen_head_mean_ensemble,zero_shot,seen_head_mean_ensemble,mol_key,580,580,0,0,ORIGINAL_WORKSPACE/RepoRT_PolyOmics_9exp_weight_only_notebooks/outputs/E5/seed_2027/best_model.pt,best_model.pt,64,34.23312241570532,strict,,,,
65.62563619199007,24.912185668945312,100.79660619435077,121.04511362416062,575,0.3637347115495402,0.7669807006767244,575,E5,M1 RadonPy pretrain × R1 device encoder + multitask heads,M1-R1,5,M1_pretrain,R1_device_multi,multi,True,False,2027,internal_heldout_repoRT_ood,0238,0238,5,2027,0,frozen_backbone_fresh_head_kshot,kshot_fresh_head_frozen_model,,mol_key,580,580,5,0,ORIGINAL_WORKSPACE/RepoRT_PolyOmics_9exp_weight_only_notebooks/outputs/E5/seed_2027/best_model.pt,best_model.pt,64,34.23312241570532,strict,ORIGINAL_WORKSPACE/RepoRT_PolyOmics_9exp_weight_only_notebooks/outputs/evaluation_E1_E9_internal_heldout_OOD_kshot/_support_splits/seed_2027/0238/K5_repeat2027.csv,300,0.001,0.0001
21.387678393295833,11.141409873962402,35.44381589598815,10.977355738505686,560,0.9206748047168484,0.9529547893962169,560,E5,M1 RadonPy pretrain × R1 device encoder + multitask heads,M1-R1,5,M1_pretrain,R1_device_multi,multi,True,False,2027,internal_heldout_repoRT_ood,0238,0238,20,2027,0,frozen_backbone_fresh_head_kshot,kshot_fresh_head_frozen_model,,mol_key,580,580,20,0,ORIGINAL_WORKSPACE/RepoRT_PolyOmics_9exp_weight_only_notebooks/outputs/E5/seed_2027/best_model.pt,best_model.pt,64,34.23312241570532,strict,ORIGINAL_WORKSPACE/RepoRT_PolyOmics_9exp_weight_only_notebooks/outputs/evaluation_E1_E9_internal_heldout_OOD_kshot/_support_splits/seed_2027/0238/K20_repeat2027.csv,300,0.001,0.0001
19.55960237979889,10.420761108398438,35.13201196633016,12.595737696781919,480,0.9195152019635919,0.9608734588326526,480,E5,M1 RadonPy pretrain × R1 device encoder + multitask heads,M1-R1,5,M1_pretrain,R1_device_multi,multi,True,False,2027,internal_heldout_repoRT_ood,0238,0238,100,2027,0,frozen_backbone_fresh_head_kshot,kshot_fresh_head_frozen_model,,mol_key,580,580,100,0,ORIGINAL_WORKSPACE/RepoRT_PolyOmics_9exp_weight_only_notebooks/outputs/E5/seed_2027/best_model.pt,best_model.pt,64,34.23312241570532,strict,ORIGINAL_WORKSPACE/RepoRT_PolyOmics_9exp_weight_only_notebooks/outputs/evaluation_E1_E9_internal_heldout_OOD_kshot/_support_splits/seed_2027/0238/K100_repeat2027.csv,300,0.001,0.0001
16.72062665537784,8.692846298217773,29.034511423841238,9.839580873174016,380,0.9457165483107269,0.9644010745057656,380,E5,M1 RadonPy pretrain × R1 device encoder + multitask heads,M1-R1,5,M1_pretrain,R1_device_multi,multi,True,False,2027,internal_heldout_repoRT_ood,0238,0238,200,2027,0,frozen_backbone_fresh_head_kshot,kshot_fresh_head_frozen_model,,mol_key,580,580,200,0,ORIGINAL_WORKSPACE/RepoRT_PolyOmics_9exp_weight_only_notebooks/outputs/E5/seed_2027/best_model.pt,best_model.pt,64,34.23312241570532,strict,ORIGINAL_WORKSPACE/RepoRT_PolyOmics_9exp_weight_only_notebooks/outputs/evaluation_E1_E9_internal_heldout_OOD_kshot/_support_splits/seed_2027/0238/K200_repeat2027.csv,300,0.001,0.0001
153.87612119317055,80.6627869606018,218.8873145185889,50.02355103870557,96,0.7485726598970632,0.9652011554804435,96,E5,M1 RadonPy pretrain × R1 device encoder + multitask heads,M1-R1,5,M1_pretrain,R1_device_multi,multi,True,False,2032,internal_heldout_repoRT_ood,0097,0097,0,-1,0,zero_shot_seen_head_mean_ensemble,zero_shot,seen_head_mean_ensemble,mol_key,96,96,0,0,ORIGINAL_WORKSPACE/RepoRT_PolyOmics_9exp_weight_only_notebooks/outputs/E5/seed_2032/best_model.pt,best_model.pt,33,32.91635991195676,strict,,,,
79.73026270394797,43.938961029052734,114.62638872605159,73.55853119172876,91,0.9303200137620165,0.9533893900509062,91,E5,M1 RadonPy pretrain × R1 device encoder + multitask heads,M1-R1,5,M1_pretrain,R1_device_multi,multi,True,False,2032,internal_heldout_repoRT_ood,0097,0097,5,2032,0,frozen_backbone_fresh_head_kshot,kshot_fresh_head_frozen_model,,mol_key,96,96,5,0,ORIGINAL_WORKSPACE/RepoRT_PolyOmics_9exp_weight_only_notebooks/outputs/E5/seed_2032/best_model.pt,best_model.pt,33,32.91635991195676,strict,ORIGINAL_WORKSPACE/RepoRT_PolyOmics_9exp_weight_only_notebooks/outputs/evaluation_E1_E9_internal_heldout_OOD_kshot/_support_splits/seed_2032/0097/K5_repeat2032.csv,300,0.001,0.0001
58.804365521983094,30.396502017974854,95.83938918453357,53.1553138287112,76,0.9481125812308089,0.9031519157949907,76,E5,M1 RadonPy pretrain × R1 device encoder + multitask heads,M1-R1,5,M1_pretrain,R1_device_multi,multi,True,False,2032,internal_heldout_repoRT_ood,0097,0097,20,2032,0,frozen_backbone_fresh_head_kshot,kshot_fresh_head_frozen_model,,mol_key,96,96,20,0,ORIGINAL_WORKSPACE/RepoRT_PolyOmics_9exp_weight_only_notebooks/outputs/E5/seed_2032/best_model.pt,best_model.pt,33,32.91635991195676,strict,ORIGINAL_WORKSPACE/RepoRT_PolyOmics_9exp_weight_only_notebooks/outputs/evaluation_E1_E9_internal_heldout_OOD_kshot/_support_splits/seed_2032/0097/K20_repeat2032.csv,300,0.001,0.0001
275.6766793234595,315.40632247924805,320.36331875486246,124.4945683525913,580,-5.451171973601513,0.9648085192754502,580,E5,M1 RadonPy pretrain × R1 device encoder + multitask heads,M1-R1,5,M1_pretrain,R1_device_multi,multi,True,False,2032,internal_heldout_repoRT_ood,0238,0238,0,-1,0,zero_shot_seen_head_mean_ensemble,zero_shot,seen_head_mean_ensemble,mol_key,580,580,0,0,ORIGINAL_WORKSPACE/RepoRT_PolyOmics_9exp_weight_only_notebooks/outputs/E5/seed_2032/best_model.pt,best_model.pt,33,32.91635991195676,strict,,,,
24.949649271757707,17.940645217895508,36.11252673703391,18.11053366851497,575,0.9182239267339277,0.9433385227723543,575,E5,M1 RadonPy pretrain × R1 device encoder + multitask heads,M1-R1,5,M1_pretrain,R1_device_multi,multi,True,False,2032,internal_heldout_repoRT_ood,0238,0238,5,2032,0,frozen_backbone_fresh_head_kshot,kshot_fresh_head_frozen_model,,mol_key,580,580,5,0,ORIGINAL_WORKSPACE/RepoRT_PolyOmics_9exp_weight_only_notebooks/outputs/E5/seed_2032/best_model.pt,best_model.pt,33,32.91635991195676,strict,ORIGINAL_WORKSPACE/RepoRT_PolyOmics_9exp_weight_only_notebooks/outputs/evaluation_E1_E9_internal_heldout_OOD_kshot/_support_splits/seed_2032/0238/K5_repeat2032.csv,300,0.001,0.0001
25.474785115037644,18.79302978515625,35.002980593304315,22.65837151610566,560,0.9233041243259007,0.9465822791402652,560,E5,M1 RadonPy pretrain × R1 device encoder + multitask heads,M1-R1,5,M1_pretrain,R1_device_multi,multi,True,False,2032,internal_heldout_repoRT_ood,0238,0238,20,2032,0,frozen_backbone_fresh_head_kshot,kshot_fresh_head_frozen_model,,mol_key,580,580,20,0,ORIGINAL_WORKSPACE/RepoRT_PolyOmics_9exp_weight_only_notebooks/outputs/E5/seed_2032/best_model.pt,best_model.pt,33,32.91635991195676,strict,ORIGINAL_WORKSPACE/RepoRT_PolyOmics_9exp_weight_only_notebooks/outputs/evaluation_E1_E9_internal_heldout_OOD_kshot/_support_splits/seed_2032/0238/K20_repeat2032.csv,300,0.001,0.0001
17.947707444429398,10.562911033630371,28.209109803577576,9.528435840669763,480,0.9479532705055778,0.9694828531566237,480,E5,M1 RadonPy pretrain × R1 device encoder + multitask heads,M1-R1,5,M1_pretrain,R1_device_multi,multi,True,False,2032,internal_heldout_repoRT_ood,0238,0238,100,2032,0,frozen_backbone_fresh_head_kshot,kshot_fresh_head_frozen_model,,mol_key,580,580,100,0,ORIGINAL_WORKSPACE/RepoRT_PolyOmics_9exp_weight_only_notebooks/outputs/E5/seed_2032/best_model.pt,best_model.pt,33,32.91635991195676,strict,ORIGINAL_WORKSPACE/RepoRT_PolyOmics_9exp_weight_only_notebooks/outputs/evaluation_E1_E9_internal_heldout_OOD_kshot/_support_splits/seed_2032/0238/K100_repeat2032.csv,300,0.001,0.0001
19.209401080482884,11.659412384033203,29.494718208664285,11.5238397448031,380,0.946250532895616,0.9648114863593186,380,E5,M1 RadonPy pretrain × R1 device encoder + multitask heads,M1-R1,5,M1_pretrain,R1_device_multi,multi,True,False,2032,internal_heldout_repoRT_ood,0238,0238,200,2032,0,frozen_backbone_fresh_head_kshot,kshot_fresh_head_frozen_model,,mol_key,580,580,200,0,ORIGINAL_WORKSPACE/RepoRT_PolyOmics_9exp_weight_only_notebooks/outputs/E5/seed_2032/best_model.pt,best_model.pt,33,32.91635991195676,strict,ORIGINAL_WORKSPACE/RepoRT_PolyOmics_9exp_weight_only_notebooks/outputs/evaluation_E1_E9_internal_heldout_OOD_kshot/_support_splits/seed_2032/0238/K200_repeat2032.csv,300,0.001,0.0001
138.14599975943565,52.76726961135864,197.74009620923277,52.0257387842071,96,0.7948078225023634,0.9283065716911386,96,E5,M1 RadonPy pretrain × R1 device encoder + multitask heads,M1-R1,5,M1_pretrain,R1_device_multi,multi,True,False,2034,internal_heldout_repoRT_ood,0097,0097,0,-1,0,zero_shot_seen_head_mean_ensemble,zero_shot,seen_head_mean_ensemble,mol_key,96,96,0,0,ORIGINAL_WORKSPACE/RepoRT_PolyOmics_9exp_weight_only_notebooks/outputs/E5/seed_2034/best_model.pt,best_model.pt,52,37.73579185889611,strict,,,,
38.63455877199278,15.186767578125,77.94723575276656,25.083598650061877,91,0.9668602860886499,0.9527167033825057,91,E5,M1 RadonPy pretrain × R1 device encoder + multitask heads,M1-R1,5,M1_pretrain,R1_device_multi,multi,True,False,2034,internal_heldout_repoRT_ood,0097,0097,5,2034,0,frozen_backbone_fresh_head_kshot,kshot_fresh_head_frozen_model,,mol_key,96,96,5,0,ORIGINAL_WORKSPACE/RepoRT_PolyOmics_9exp_weight_only_notebooks/outputs/E5/seed_2034/best_model.pt,best_model.pt,52,37.73579185889611,strict,ORIGINAL_WORKSPACE/RepoRT_PolyOmics_9exp_weight_only_notebooks/outputs/evaluation_E1_E9_internal_heldout_OOD_kshot/_support_splits/seed_2034/0097/K5_repeat2034.csv,300,0.001,0.0001
35.715998787628976,11.645007133483887,79.09114964203347,24.783378247286002,76,0.9665295909343331,0.9370017580471672,76,E5,M1 RadonPy pretrain × R1 device encoder + multitask heads,M1-R1,5,M1_pretrain,R1_device_multi,multi,True,False,2034,internal_heldout_repoRT_ood,0097,0097,20,2034,0,frozen_backbone_fresh_head_kshot,kshot_fresh_head_frozen_model,,mol_key,96,96,20,0,ORIGINAL_WORKSPACE/RepoRT_PolyOmics_9exp_weight_only_notebooks/outputs/E5/seed_2034/best_model.pt,best_model.pt,52,37.73579185889611,strict,ORIGINAL_WORKSPACE/RepoRT_PolyOmics_9exp_weight_only_notebooks/outputs/evaluation_E1_E9_internal_heldout_OOD_kshot/_support_splits/seed_2034/0097/K20_repeat2034.csv,300,0.001,0.0001
272.47689132854856,289.77214336395264,322.36778592969347,119.8493909892741,580,-5.532152557298746,0.9527492709988664,580,E5,M1 RadonPy pretrain × R1 device encoder + multitask heads,M1-R1,5,M1_pretrain,R1_device_multi,multi,True,False,2034,internal_heldout_repoRT_ood,0238,0238,0,-1,0,zero_shot_seen_head_mean_ensemble,zero_shot,seen_head_mean_ensemble,mol_key,580,580,0,0,ORIGINAL_WORKSPACE/RepoRT_PolyOmics_9exp_weight_only_notebooks/outputs/E5/seed_2034/best_model.pt,best_model.pt,52,37.73579185889611,strict,,,,
51.20864490011464,47.46547222137451,62.20181520496432,34.218932580856716,575,0.7559365117789083,0.9374093681046514,575,E5,M1 RadonPy pretrain × R1 device encoder + multitask heads,M1-R1,5,M1_pretrain,R1_device_multi,multi,True,False,2034,internal_heldout_repoRT_ood,0238,0238,5,2034,0,frozen_backbone_fresh_head_kshot,kshot_fresh_head_frozen_model,,mol_key,580,580,5,0,ORIGINAL_WORKSPACE/RepoRT_PolyOmics_9exp_weight_only_notebooks/outputs/E5/seed_2034/best_model.pt,best_model.pt,52,37.73579185889611,strict,ORIGINAL_WORKSPACE/RepoRT_PolyOmics_9exp_weight_only_notebooks/outputs/evaluation_E1_E9_internal_heldout_OOD_kshot/_support_splits/seed_2034/0238/K5_repeat2034.csv,300,0.001,0.0001
22.400932993207658,15.032172203063965,33.92609555392282,12.310648048607122,560,0.9278943961490385,0.9618614774634231,560,E5,M1 RadonPy pretrain × R1 device encoder + multitask heads,M1-R1,5,M1_pretrain,R1_device_multi,multi,True,False,2034,internal_heldout_repoRT_ood,0238,0238,20,2034,0,frozen_backbone_fresh_head_kshot,kshot_fresh_head_frozen_model,,mol_key,580,580,20,0,ORIGINAL_WORKSPACE/RepoRT_PolyOmics_9exp_weight_only_notebooks/outputs/E5/seed_2034/best_model.pt,best_model.pt,52,37.73579185889611,strict,ORIGINAL_WORKSPACE/RepoRT_PolyOmics_9exp_weight_only_notebooks/outputs/evaluation_E1_E9_internal_heldout_OOD_kshot/_support_splits/seed_2034/0238/K20_repeat2034.csv,300,0.001,0.0001
22.440533578395844,13.416445255279541,34.69830820248557,16.56236128050559,480,0.9249776759466771,0.9547177435856822,480,E5,M1 RadonPy pretrain × R1 device encoder + multitask heads,M1-R1,5,M1_pretrain,R1_device_multi,multi,True,False,2034,internal_heldout_repoRT_ood,0238,0238,100,2034,0,frozen_backbone_fresh_head_kshot,kshot_fresh_head_frozen_model,,mol_key,580,580,100,0,ORIGINAL_WORKSPACE/RepoRT_PolyOmics_9exp_weight_only_notebooks/outputs/E5/seed_2034/best_model.pt,best_model.pt,52,37.73579185889611,strict,ORIGINAL_WORKSPACE/RepoRT_PolyOmics_9exp_weight_only_notebooks/outputs/evaluation_E1_E9_internal_heldout_OOD_kshot/_support_splits/seed_2034/0238/K100_repeat2034.csv,300,0.001,0.0001
19.29761488814103,10.834343433380127,32.9211373281846,10.995609754819467,380,0.9315752126829683,0.9562853379300686,380,E5,M1 RadonPy pretrain × R1 device encoder + multitask heads,M1-R1,5,M1_pretrain,R1_device_multi,multi,True,False,2034,internal_heldout_repoRT_ood,0238,0238,200,2034,0,frozen_backbone_fresh_head_kshot,kshot_fresh_head_frozen_model,,mol_key,580,580,200,0,ORIGINAL_WORKSPACE/RepoRT_PolyOmics_9exp_weight_only_notebooks/outputs/E5/seed_2034/best_model.pt,best_model.pt,52,37.73579185889611,strict,ORIGINAL_WORKSPACE/RepoRT_PolyOmics_9exp_weight_only_notebooks/outputs/evaluation_E1_E9_internal_heldout_OOD_kshot/_support_splits/seed_2034/0238/K200_repeat2034.csv,300,0.001,0.0001
162.08661064505577,73.4412932395935,228.59394044290465,51.2480581768955,96,0.7257789831749628,0.9542339637227171,96,E6,M1 RadonPy pretrain × R2 no-device + multitask heads,M1-R2,6,M1_pretrain,R2_nodevice_multi,multi,False,False,2004,internal_heldout_repoRT_ood,0097,0097,0,-1,0,zero_shot_seen_head_mean_ensemble,zero_shot,seen_head_mean_ensemble,mol_key,96,96,0,0,ORIGINAL_WORKSPACE/RepoRT_PolyOmics_9exp_weight_only_notebooks/outputs/E6/seed_2004/best_model.pt,best_model.pt,65,38.063818385191595,strict,,,,
108.78646279429341,35.2472448348999,212.72072859924884,39.90175795997683,91,0.7668485196960515,0.8917056014748366,91,E6,M1 RadonPy pretrain × R2 no-device + multitask heads,M1-R2,6,M1_pretrain,R2_nodevice_multi,multi,False,False,2004,internal_heldout_repoRT_ood,0097,0097,5,2004,0,frozen_backbone_fresh_head_kshot,kshot_fresh_head_frozen_model,,mol_key,96,96,5,0,ORIGINAL_WORKSPACE/RepoRT_PolyOmics_9exp_weight_only_notebooks/outputs/E6/seed_2004/best_model.pt,best_model.pt,65,38.063818385191595,strict,ORIGINAL_WORKSPACE/RepoRT_PolyOmics_9exp_weight_only_notebooks/outputs/evaluation_E1_E9_internal_heldout_OOD_kshot/_support_splits/seed_2004/0097/K5_repeat2004.csv,300,0.001,0.0001
48.59033233241031,17.302265167236328,93.98147445081462,28.639030790799907,76,0.9549419961084763,0.8707037007874258,76,E6,M1 RadonPy pretrain × R2 no-device + multitask heads,M1-R2,6,M1_pretrain,R2_nodevice_multi,multi,False,False,2004,internal_heldout_repoRT_ood,0097,0097,20,2004,0,frozen_backbone_fresh_head_kshot,kshot_fresh_head_frozen_model,,mol_key,96,96,20,0,ORIGINAL_WORKSPACE/RepoRT_PolyOmics_9exp_weight_only_notebooks/outputs/E6/seed_2004/best_model.pt,best_model.pt,65,38.063818385191595,strict,ORIGINAL_WORKSPACE/RepoRT_PolyOmics_9exp_weight_only_notebooks/outputs/evaluation_E1_E9_internal_heldout_OOD_kshot/_support_splits/seed_2004/0097/K20_repeat2004.csv,300,0.001,0.0001
317.06264342110734,373.26579093933105,369.44593305921165,136.8445606197762,580,-7.579358673323416,0.9571840263916458,580,E6,M1 RadonPy pretrain × R2 no-device + multitask heads,M1-R2,6,M1_pretrain,R2_nodevice_multi,multi,False,False,2004,internal_heldout_repoRT_ood,0238,0238,0,-1,0,zero_shot_seen_head_mean_ensemble,zero_shot,seen_head_mean_ensemble,mol_key,580,580,0,0,ORIGINAL_WORKSPACE/RepoRT_PolyOmics_9exp_weight_only_notebooks/outputs/E6/seed_2004/best_model.pt,best_model.pt,65,38.063818385191595,strict,,,,
43.074343001324195,32.63251304626465,60.83563816815261,26.25250614041374,575,0.7646606789452943,0.8669918002687212,575,E6,M1 RadonPy pretrain × R2 no-device + multitask heads,M1-R2,6,M1_pretrain,R2_nodevice_multi,multi,False,False,2004,internal_heldout_repoRT_ood,0238,0238,5,2004,0,frozen_backbone_fresh_head_kshot,kshot_fresh_head_frozen_model,,mol_key,580,580,5,0,ORIGINAL_WORKSPACE/RepoRT_PolyOmics_9exp_weight_only_notebooks/outputs/E6/seed_2004/best_model.pt,best_model.pt,65,38.063818385191595,strict,ORIGINAL_WORKSPACE/RepoRT_PolyOmics_9exp_weight_only_notebooks/outputs/evaluation_E1_E9_internal_heldout_OOD_kshot/_support_splits/seed_2004/0238/K5_repeat2004.csv,300,0.001,0.0001
20.707161937441146,14.290030002593994,32.218517577470074,14.170477474814536,560,0.9347642256365072,0.9534514201340957,560,E6,M1 RadonPy pretrain × R2 no-device + multitask heads,M1-R2,6,M1_pretrain,R2_nodevice_multi,multi,False,False,2004,internal_heldout_repoRT_ood,0238,0238,20,2004,0,frozen_backbone_fresh_head_kshot,kshot_fresh_head_frozen_model,,mol_key,580,580,20,0,ORIGINAL_WORKSPACE/RepoRT_PolyOmics_9exp_weight_only_notebooks/outputs/E6/seed_2004/best_model.pt,best_model.pt,65,38.063818385191595,strict,ORIGINAL_WORKSPACE/RepoRT_PolyOmics_9exp_weight_only_notebooks/outputs/evaluation_E1_E9_internal_heldout_OOD_kshot/_support_splits/seed_2004/0238/K20_repeat2004.csv,300,0.001,0.0001
20.372150003910065,11.070048809051514,33.437027401216014,13.40301541615126,480,0.929532365924756,0.961665616893483,480,E6,M1 RadonPy pretrain × R2 no-device + multitask heads,M1-R2,6,M1_pretrain,R2_nodevice_multi,multi,False,False,2004,internal_heldout_repoRT_ood,0238,0238,100,2004,0,frozen_backbone_fresh_head_kshot,kshot_fresh_head_frozen_model,,mol_key,580,580,100,0,ORIGINAL_WORKSPACE/RepoRT_PolyOmics_9exp_weight_only_notebooks/outputs/E6/seed_2004/best_model.pt,best_model.pt,65,38.063818385191595,strict,ORIGINAL_WORKSPACE/RepoRT_PolyOmics_9exp_weight_only_notebooks/outputs/evaluation_E1_E9_internal_heldout_OOD_kshot/_support_splits/seed_2004/0238/K100_repeat2004.csv,300,0.001,0.0001
19.306521064356755,11.320810317993164,32.153380876511974,12.218975684169175,380,0.9375534873467797,0.9638995449219225,380,E6,M1 RadonPy pretrain × R2 no-device + multitask heads,M1-R2,6,M1_pretrain,R2_nodevice_multi,multi,False,False,2004,internal_heldout_repoRT_ood,0238,0238,200,2004,0,frozen_backbone_fresh_head_kshot,kshot_fresh_head_frozen_model,,mol_key,580,580,200,0,ORIGINAL_WORKSPACE/RepoRT_PolyOmics_9exp_weight_only_notebooks/outputs/E6/seed_2004/best_model.pt,best_model.pt,65,38.063818385191595,strict,ORIGINAL_WORKSPACE/RepoRT_PolyOmics_9exp_weight_only_notebooks/outputs/evaluation_E1_E9_internal_heldout_OOD_kshot/_support_splits/seed_2004/0238/K200_repeat2004.csv,300,0.001,0.0001
165.91753289103508,67.62474775314331,225.04279001069924,59.268773251615094,96,0.7342327154342991,0.9438236200913892,96,E6,M1 RadonPy pretrain × R2 no-device + multitask heads,M1-R2,6,M1_pretrain,R2_nodevice_multi,multi,False,False,2006,internal_heldout_repoRT_ood,0097,0097,0,-1,0,zero_shot_seen_head_mean_ensemble,zero_shot,seen_head_mean_ensemble,mol_key,96,96,0,0,ORIGINAL_WORKSPACE/RepoRT_PolyOmics_9exp_weight_only_notebooks/outputs/E6/seed_2006/best_model.pt,best_model.pt,52,30.852139443982377,strict,,,,
72.32623430398795,58.09237003326416,98.20365699359718,85.79252350619585,91,0.9484788559202216,0.9401327807970558,91,E6,M1 RadonPy pretrain × R2 no-device + multitask heads,M1-R2,6,M1_pretrain,R2_nodevice_multi,multi,False,False,2006,internal_heldout_repoRT_ood,0097,0097,5,2006,0,frozen_backbone_fresh_head_kshot,kshot_fresh_head_frozen_model,,mol_key,96,96,5,0,ORIGINAL_WORKSPACE/RepoRT_PolyOmics_9exp_weight_only_notebooks/outputs/E6/seed_2006/best_model.pt,best_model.pt,52,30.852139443982377,strict,ORIGINAL_WORKSPACE/RepoRT_PolyOmics_9exp_weight_only_notebooks/outputs/evaluation_E1_E9_internal_heldout_OOD_kshot/_support_splits/seed_2006/0097/K5_repeat2006.csv,300,0.001,0.0001
45.8789378718326,17.007765769958496,98.87898256192187,28.425825473248118,76,0.9497219471441353,0.9673922424101294,76,E6,M1 RadonPy pretrain × R2 no-device + multitask heads,M1-R2,6,M1_pretrain,R2_nodevice_multi,multi,False,False,2006,internal_heldout_repoRT_ood,0097,0097,20,2006,0,frozen_backbone_fresh_head_kshot,kshot_fresh_head_frozen_model,,mol_key,96,96,20,0,ORIGINAL_WORKSPACE/RepoRT_PolyOmics_9exp_weight_only_notebooks/outputs/E6/seed_2006/best_model.pt,best_model.pt,52,30.852139443982377,strict,ORIGINAL_WORKSPACE/RepoRT_PolyOmics_9exp_weight_only_notebooks/outputs/evaluation_E1_E9_internal_heldout_OOD_kshot/_support_splits/seed_2006/0097/K20_repeat2006.csv,300,0.001,0.0001
311.2534563130346,354.62981700897217,359.1922652052071,141.7735398270549,580,-7.1097411628632035,0.9550455403292669,580,E6,M1 RadonPy pretrain × R2 no-device + multitask heads,M1-R2,6,M1_pretrain,R2_nodevice_multi,multi,False,False,2006,internal_heldout_repoRT_ood,0238,0238,0,-1,0,zero_shot_seen_head_mean_ensemble,zero_shot,seen_head_mean_ensemble,mol_key,580,580,0,0,ORIGINAL_WORKSPACE/RepoRT_PolyOmics_9exp_weight_only_notebooks/outputs/E6/seed_2006/best_model.pt,best_model.pt,52,30.852139443982377,strict,,,,
53.078887566276215,25.51992416381836,78.00682328563764,90.76875254758299,575,0.619867255348822,0.8595950360901424,575,E6,M1 RadonPy pretrain × R2 no-device + multitask heads,M1-R2,6,M1_pretrain,R2_nodevice_multi,multi,False,False,2006,internal_heldout_repoRT_ood,0238,0238,5,2006,0,frozen_backbone_fresh_head_kshot,kshot_fresh_head_frozen_model,,mol_key,580,580,5,0,ORIGINAL_WORKSPACE/RepoRT_PolyOmics_9exp_weight_only_notebooks/outputs/E6/seed_2006/best_model.pt,best_model.pt,52,30.852139443982377,strict,ORIGINAL_WORKSPACE/RepoRT_PolyOmics_9exp_weight_only_notebooks/outputs/evaluation_E1_E9_internal_heldout_OOD_kshot/_support_splits/seed_2006/0238/K5_repeat2006.csv,300,0.001,0.0001
35.9470237663814,25.811598300933838,48.75028825789737,26.550162223244012,560,0.8512220268614341,0.9028242999713362,560,E6,M1 RadonPy pretrain × R2 no-device + multitask heads,M1-R2,6,M1_pretrain,R2_nodevice_multi,multi,False,False,2006,internal_heldout_repoRT_ood,0238,0238,20,2006,0,frozen_backbone_fresh_head_kshot,kshot_fresh_head_frozen_model,,mol_key,580,580,20,0,ORIGINAL_WORKSPACE/RepoRT_PolyOmics_9exp_weight_only_notebooks/outputs/E6/seed_2006/best_model.pt,best_model.pt,52,30.852139443982377,strict,ORIGINAL_WORKSPACE/RepoRT_PolyOmics_9exp_weight_only_notebooks/outputs/evaluation_E1_E9_internal_heldout_OOD_kshot/_support_splits/seed_2006/0238/K20_repeat2006.csv,300,0.001,0.0001
24.34406340122223,15.336771011352539,37.07387894791936,12.638336750380457,480,0.9126647364985742,0.9500840587560117,480,E6,M1 RadonPy pretrain × R2 no-device + multitask heads,M1-R2,6,M1_pretrain,R2_nodevice_multi,multi,False,False,2006,internal_heldout_repoRT_ood,0238,0238,100,2006,0,frozen_backbone_fresh_head_kshot,kshot_fresh_head_frozen_model,,mol_key,580,580,100,0,ORIGINAL_WORKSPACE/RepoRT_PolyOmics_9exp_weight_only_notebooks/outputs/E6/seed_2006/best_model.pt,best_model.pt,52,30.852139443982377,strict,ORIGINAL_WORKSPACE/RepoRT_PolyOmics_9exp_weight_only_notebooks/outputs/evaluation_E1_E9_internal_heldout_OOD_kshot/_support_splits/seed_2006/0238/K100_repeat2006.csv,300,0.001,0.0001
18.02288882355941,10.24390697479248,29.226819025281262,10.562583192726716,380,0.9432713818231152,0.9634667561548234,380,E6,M1 RadonPy pretrain × R2 no-device + multitask heads,M1-R2,6,M1_pretrain,R2_nodevice_multi,multi,False,False,2006,internal_heldout_repoRT_ood,0238,0238,200,2006,0,frozen_backbone_fresh_head_kshot,kshot_fresh_head_frozen_model,,mol_key,580,580,200,0,ORIGINAL_WORKSPACE/RepoRT_PolyOmics_9exp_weight_only_notebooks/outputs/E6/seed_2006/best_model.pt,best_model.pt,52,30.852139443982377,strict,ORIGINAL_WORKSPACE/RepoRT_PolyOmics_9exp_weight_only_notebooks/outputs/evaluation_E1_E9_internal_heldout_OOD_kshot/_support_splits/seed_2006/0238/K200_repeat2006.csv,300,0.001,0.0001
157.07382053136826,69.50054168701172,218.59390885167244,52.38880105740841,96,0.7492462560286139,0.9460578034277928,96,E6,M1 RadonPy pretrain × R2 no-device + multitask heads,M1-R2,6,M1_pretrain,R2_nodevice_multi,multi,False,False,2011,internal_heldout_repoRT_ood,0097,0097,0,-1,0,zero_shot_seen_head_mean_ensemble,zero_shot,seen_head_mean_ensemble,mol_key,96,96,0,0,ORIGINAL_WORKSPACE/RepoRT_PolyOmics_9exp_weight_only_notebooks/outputs/E6/seed_2011/best_model.pt,best_model.pt,49,34.92385455013007,strict,,,,
62.15911294077779,32.950286865234375,107.42898532374709,33.573042074865896,91,0.9401030232269131,0.9406636280482219,91,E6,M1 RadonPy pretrain × R2 no-device + multitask heads,M1-R2,6,M1_pretrain,R2_nodevice_multi,multi,False,False,2011,internal_heldout_repoRT_ood,0097,0097,5,2011,0,frozen_backbone_fresh_head_kshot,kshot_fresh_head_frozen_model,,mol_key,96,96,5,0,ORIGINAL_WORKSPACE/RepoRT_PolyOmics_9exp_weight_only_notebooks/outputs/E6/seed_2011/best_model.pt,best_model.pt,49,34.92385455013007,strict,ORIGINAL_WORKSPACE/RepoRT_PolyOmics_9exp_weight_only_notebooks/outputs/evaluation_E1_E9_internal_heldout_OOD_kshot/_support_splits/seed_2011/0097/K5_repeat2011.csv,300,0.001,0.0001
67.39133458388478,49.32075262069702,97.01399968211516,45.6172191295459,76,0.9500127984033263,0.8680245065769064,76,E6,M1 RadonPy pretrain × R2 no-device + multitask heads,M1-R2,6,M1_pretrain,R2_nodevice_multi,multi,False,False,2011,internal_heldout_repoRT_ood,0097,0097,20,2011,0,frozen_backbone_fresh_head_kshot,kshot_fresh_head_frozen_model,,mol_key,96,96,20,0,ORIGINAL_WORKSPACE/RepoRT_PolyOmics_9exp_weight_only_notebooks/outputs/E6/seed_2011/best_model.pt,best_model.pt,49,34.92385455013007,strict,ORIGINAL_WORKSPACE/RepoRT_PolyOmics_9exp_weight_only_notebooks/outputs/evaluation_E1_E9_internal_heldout_OOD_kshot/_support_splits/seed_2011/0097/K20_repeat2011.csv,300,0.001,0.0001
315.79384961621514,373.4162664413452,365.60703643153397,139.9051291028058,580,-7.401989530813015,0.9605867642991786,580,E6,M1 RadonPy pretrain × R2 no-device + multitask heads,M1-R2,6,M1_pretrain,R2_nodevice_multi,multi,False,False,2011,internal_heldout_repoRT_ood,0238,0238,0,-1,0,zero_shot_seen_head_mean_ensemble,zero_shot,seen_head_mean_ensemble,mol_key,580,580,0,0,ORIGINAL_WORKSPACE/RepoRT_PolyOmics_9exp_weight_only_notebooks/outputs/E6/seed_2011/best_model.pt,best_model.pt,49,34.92385455013007,strict,,,,
40.80839105689007,33.74110221862793,52.61666552195217,27.594283530774653,575,0.8263251087790678,0.9391889207515618,575,E6,M1 RadonPy pretrain × R2 no-device + multitask heads,M1-R2,6,M1_pretrain,R2_nodevice_multi,multi,False,False,2011,internal_heldout_repoRT_ood,0238,0238,5,2011,0,frozen_backbone_fresh_head_kshot,kshot_fresh_head_frozen_model,,mol_key,580,580,5,0,ORIGINAL_WORKSPACE/RepoRT_PolyOmics_9exp_weight_only_notebooks/outputs/E6/seed_2011/best_model.pt,best_model.pt,49,34.92385455013007,strict,ORIGINAL_WORKSPACE/RepoRT_PolyOmics_9exp_weight_only_notebooks/outputs/evaluation_E1_E9_internal_heldout_OOD_kshot/_support_splits/seed_2011/0238/K5_repeat2011.csv,300,0.001,0.0001
24.569767100470408,16.30225896835327,37.21284883074569,14.032264403799866,560,0.913129653136847,0.9493833927357891,560,E6,M1 RadonPy pretrain × R2 no-device + multitask heads,M1-R2,6,M1_pretrain,R2_nodevice_multi,multi,False,False,2011,internal_heldout_repoRT_ood,0238,0238,20,2011,0,frozen_backbone_fresh_head_kshot,kshot_fresh_head_frozen_model,,mol_key,580,580,20,0,ORIGINAL_WORKSPACE/RepoRT_PolyOmics_9exp_weight_only_notebooks/outputs/E6/seed_2011/best_model.pt,best_model.pt,49,34.92385455013007,strict,ORIGINAL_WORKSPACE/RepoRT_PolyOmics_9exp_weight_only_notebooks/outputs/evaluation_E1_E9_internal_heldout_OOD_kshot/_support_splits/seed_2011/0238/K20_repeat2011.csv,300,0.001,0.0001
22.93921050429344,15.27597427368164,34.18464212880714,12.82067828406442,480,0.9266766626578138,0.9505156807154299,480,E6,M1 RadonPy pretrain × R2 no-device + multitask heads,M1-R2,6,M1_pretrain,R2_nodevice_multi,multi,False,False,2011,internal_heldout_repoRT_ood,0238,0238,100,2011,0,frozen_backbone_fresh_head_kshot,kshot_fresh_head_frozen_model,,mol_key,580,580,100,0,ORIGINAL_WORKSPACE/RepoRT_PolyOmics_9exp_weight_only_notebooks/outputs/E6/seed_2011/best_model.pt,best_model.pt,49,34.92385455013007,strict,ORIGINAL_WORKSPACE/RepoRT_PolyOmics_9exp_weight_only_notebooks/outputs/evaluation_E1_E9_internal_heldout_OOD_kshot/_support_splits/seed_2011/0238/K100_repeat2011.csv,300,0.001,0.0001
17.184245787168805,10.189518928527832,27.39196360002692,10.581602028925973,380,0.9522635653085171,0.9679516037907802,380,E6,M1 RadonPy pretrain × R2 no-device + multitask heads,M1-R2,6,M1_pretrain,R2_nodevice_multi,multi,False,False,2011,internal_heldout_repoRT_ood,0238,0238,200,2011,0,frozen_backbone_fresh_head_kshot,kshot_fresh_head_frozen_model,,mol_key,580,580,200,0,ORIGINAL_WORKSPACE/RepoRT_PolyOmics_9exp_weight_only_notebooks/outputs/E6/seed_2011/best_model.pt,best_model.pt,49,34.92385455013007,strict,ORIGINAL_WORKSPACE/RepoRT_PolyOmics_9exp_weight_only_notebooks/outputs/evaluation_E1_E9_internal_heldout_OOD_kshot/_support_splits/seed_2011/0238/K200_repeat2011.csv,300,0.001,0.0001
163.9991620182991,63.79360914230347,232.88861379517644,50.03552419370133,96,0.7153784226161298,0.9260995516779741,96,E6,M1 RadonPy pretrain × R2 no-device + multitask heads,M1-R2,6,M1_pretrain,R2_nodevice_multi,multi,False,False,2012,internal_heldout_repoRT_ood,0097,0097,0,-1,0,zero_shot_seen_head_mean_ensemble,zero_shot,seen_head_mean_ensemble,mol_key,96,96,0,0,ORIGINAL_WORKSPACE/RepoRT_PolyOmics_9exp_weight_only_notebooks/outputs/E6/seed_2012/best_model.pt,best_model.pt,37,35.712074558063186,strict,,,,
90.92760180379008,52.16514587402344,164.6761744627281,54.94457194058631,91,0.8581061778990005,0.9018857359775739,91,E6,M1 RadonPy pretrain × R2 no-device + multitask heads,M1-R2,6,M1_pretrain,R2_nodevice_multi,multi,False,False,2012,internal_heldout_repoRT_ood,0097,0097,5,2012,0,frozen_backbone_fresh_head_kshot,kshot_fresh_head_frozen_model,,mol_key,96,96,5,0,ORIGINAL_WORKSPACE/RepoRT_PolyOmics_9exp_weight_only_notebooks/outputs/E6/seed_2012/best_model.pt,best_model.pt,37,35.712074558063186,strict,ORIGINAL_WORKSPACE/RepoRT_PolyOmics_9exp_weight_only_notebooks/outputs/evaluation_E1_E9_internal_heldout_OOD_kshot/_support_splits/seed_2012/0097/K5_repeat2012.csv,300,0.001,0.0001
127.84428345529656,41.56077861785889,246.53958572151532,24.40341098539795,76,0.6905102176169018,0.8511883219119701,76,E6,M1 RadonPy pretrain × R2 no-device + multitask heads,M1-R2,6,M1_pretrain,R2_nodevice_multi,multi,False,False,2012,internal_heldout_repoRT_ood,0097,0097,20,2012,0,frozen_backbone_fresh_head_kshot,kshot_fresh_head_frozen_model,,mol_key,96,96,20,0,ORIGINAL_WORKSPACE/RepoRT_PolyOmics_9exp_weight_only_notebooks/outputs/E6/seed_2012/best_model.pt,best_model.pt,37,35.712074558063186,strict,ORIGINAL_WORKSPACE/RepoRT_PolyOmics_9exp_weight_only_notebooks/outputs/evaluation_E1_E9_internal_heldout_OOD_kshot/_support_splits/seed_2012/0097/K20_repeat2012.csv,300,0.001,0.0001
305.49939302740427,367.31361865997314,354.44976585656826,135.6667789771077,580,-6.897005338887411,0.9507367973668372,580,E6,M1 RadonPy pretrain × R2 no-device + multitask heads,M1-R2,6,M1_pretrain,R2_nodevice_multi,multi,False,False,2012,internal_heldout_repoRT_ood,0238,0238,0,-1,0,zero_shot_seen_head_mean_ensemble,zero_shot,seen_head_mean_ensemble,mol_key,580,580,0,0,ORIGINAL_WORKSPACE/RepoRT_PolyOmics_9exp_weight_only_notebooks/outputs/E6/seed_2012/best_model.pt,best_model.pt,37,35.712074558063186,strict,,,,
45.69050385848335,38.845810890197754,58.06188564759272,43.89446353069522,575,0.7879916042026825,0.9072798212998727,575,E6,M1 RadonPy pretrain × R2 no-device + multitask heads,M1-R2,6,M1_pretrain,R2_nodevice_multi,multi,False,False,2012,internal_heldout_repoRT_ood,0238,0238,5,2012,0,frozen_backbone_fresh_head_kshot,kshot_fresh_head_frozen_model,,mol_key,580,580,5,0,ORIGINAL_WORKSPACE/RepoRT_PolyOmics_9exp_weight_only_notebooks/outputs/E6/seed_2012/best_model.pt,best_model.pt,37,35.712074558063186,strict,ORIGINAL_WORKSPACE/RepoRT_PolyOmics_9exp_weight_only_notebooks/outputs/evaluation_E1_E9_internal_heldout_OOD_kshot/_support_splits/seed_2012/0238/K5_repeat2012.csv,300,0.001,0.0001
29.354758654321945,18.23101043701172,45.26867024179942,17.53240042350466,560,0.8720125550552215,0.9387188541399901,560,E6,M1 RadonPy pretrain × R2 no-device + multitask heads,M1-R2,6,M1_pretrain,R2_nodevice_multi,multi,False,False,2012,internal_heldout_repoRT_ood,0238,0238,20,2012,0,frozen_backbone_fresh_head_kshot,kshot_fresh_head_frozen_model,,mol_key,580,580,20,0,ORIGINAL_WORKSPACE/RepoRT_PolyOmics_9exp_weight_only_notebooks/outputs/E6/seed_2012/best_model.pt,best_model.pt,37,35.712074558063186,strict,ORIGINAL_WORKSPACE/RepoRT_PolyOmics_9exp_weight_only_notebooks/outputs/evaluation_E1_E9_internal_heldout_OOD_kshot/_support_splits/seed_2012/0238/K20_repeat2012.csv,300,0.001,0.0001
21.17058026790619,13.8023042678833,33.31453076314763,13.674720157368464,480,0.9313225901985691,0.9584317076038866,480,E6,M1 RadonPy pretrain × R2 no-device + multitask heads,M1-R2,6,M1_pretrain,R2_nodevice_multi,multi,False,False,2012,internal_heldout_repoRT_ood,0238,0238,100,2012,0,frozen_backbone_fresh_head_kshot,kshot_fresh_head_frozen_model,,mol_key,580,580,100,0,ORIGINAL_WORKSPACE/RepoRT_PolyOmics_9exp_weight_only_notebooks/outputs/E6/seed_2012/best_model.pt,best_model.pt,37,35.712074558063186,strict,ORIGINAL_WORKSPACE/RepoRT_PolyOmics_9exp_weight_only_notebooks/outputs/evaluation_E1_E9_internal_heldout_OOD_kshot/_support_splits/seed_2012/0238/K100_repeat2012.csv,300,0.001,0.0001
19.196958115226344,11.267688274383545,32.76314345656674,11.04165700275837,380,0.9335964996628136,0.9625911187779479,380,E6,M1 RadonPy pretrain × R2 no-device + multitask heads,M1-R2,6,M1_pretrain,R2_nodevice_multi,multi,False,False,2012,internal_heldout_repoRT_ood,0238,0238,200,2012,0,frozen_backbone_fresh_head_kshot,kshot_fresh_head_frozen_model,,mol_key,580,580,200,0,ORIGINAL_WORKSPACE/RepoRT_PolyOmics_9exp_weight_only_notebooks/outputs/E6/seed_2012/best_model.pt,best_model.pt,37,35.712074558063186,strict,ORIGINAL_WORKSPACE/RepoRT_PolyOmics_9exp_weight_only_notebooks/outputs/evaluation_E1_E9_internal_heldout_OOD_kshot/_support_splits/seed_2012/0238/K200_repeat2012.csv,300,0.001,0.0001
170.3241316974163,79.70515966415405,233.4517031956097,60.424314424375524,96,0.7140004107026778,0.9292640788353116,96,E6,M1 RadonPy pretrain × R2 no-device + multitask heads,M1-R2,6,M1_pretrain,R2_nodevice_multi,multi,False,False,2016,internal_heldout_repoRT_ood,0097,0097,0,-1,0,zero_shot_seen_head_mean_ensemble,zero_shot,seen_head_mean_ensemble,mol_key,96,96,0,0,ORIGINAL_WORKSPACE/RepoRT_PolyOmics_9exp_weight_only_notebooks/outputs/E6/seed_2016/best_model.pt,best_model.pt,89,32.23676225567086,strict,,,,
152.23204937609998,130.17125129699707,194.53657211906759,152.2783315236989,91,0.8024949552691977,0.9361311130828044,91,E6,M1 RadonPy pretrain × R2 no-device + multitask heads,M1-R2,6,M1_pretrain,R2_nodevice_multi,multi,False,False,2016,internal_heldout_repoRT_ood,0097,0097,5,2016,0,frozen_backbone_fresh_head_kshot,kshot_fresh_head_frozen_model,,mol_key,96,96,5,0,ORIGINAL_WORKSPACE/RepoRT_PolyOmics_9exp_weight_only_notebooks/outputs/E6/seed_2016/best_model.pt,best_model.pt,89,32.23676225567086,strict,ORIGINAL_WORKSPACE/RepoRT_PolyOmics_9exp_weight_only_notebooks/outputs/evaluation_E1_E9_internal_heldout_OOD_kshot/_support_splits/seed_2016/0097/K5_repeat2016.csv,300,0.001,0.0001
86.6700237675717,57.53531455993652,127.82151188266174,34.504345694815804,76,0.9192976483164882,0.9347753628485264,76,E6,M1 RadonPy pretrain × R2 no-device + multitask heads,M1-R2,6,M1_pretrain,R2_nodevice_multi,multi,False,False,2016,internal_heldout_repoRT_ood,0097,0097,20,2016,0,frozen_backbone_fresh_head_kshot,kshot_fresh_head_frozen_model,,mol_key,96,96,20,0,ORIGINAL_WORKSPACE/RepoRT_PolyOmics_9exp_weight_only_notebooks/outputs/E6/seed_2016/best_model.pt,best_model.pt,89,32.23676225567086,strict,ORIGINAL_WORKSPACE/RepoRT_PolyOmics_9exp_weight_only_notebooks/outputs/evaluation_E1_E9_internal_heldout_OOD_kshot/_support_splits/seed_2016/0097/K20_repeat2016.csv,300,0.001,0.0001
301.46943847886445,342.5584101676941,350.8197576706083,136.40157428789655,580,-6.7360832617844215,0.9454081147723422,580,E6,M1 RadonPy pretrain × R2 no-device + multitask heads,M1-R2,6,M1_pretrain,R2_nodevice_multi,multi,False,False,2016,internal_heldout_repoRT_ood,0238,0238,0,-1,0,zero_shot_seen_head_mean_ensemble,zero_shot,seen_head_mean_ensemble,mol_key,580,580,0,0,ORIGINAL_WORKSPACE/RepoRT_PolyOmics_9exp_weight_only_notebooks/outputs/E6/seed_2016/best_model.pt,best_model.pt,89,32.23676225567086,strict,,,,
32.28586653004522,19.671907424926758,48.94713773635711,19.270902208874674,575,0.8488750864804439,0.9570928100356286,575,E6,M1 RadonPy pretrain × R2 no-device + multitask heads,M1-R2,6,M1_pretrain,R2_nodevice_multi,multi,False,False,2016,internal_heldout_repoRT_ood,0238,0238,5,2016,0,frozen_backbone_fresh_head_kshot,kshot_fresh_head_frozen_model,,mol_key,580,580,5,0,ORIGINAL_WORKSPACE/RepoRT_PolyOmics_9exp_weight_only_notebooks/outputs/E6/seed_2016/best_model.pt,best_model.pt,89,32.23676225567086,strict,ORIGINAL_WORKSPACE/RepoRT_PolyOmics_9exp_weight_only_notebooks/outputs/evaluation_E1_E9_internal_heldout_OOD_kshot/_support_splits/seed_2016/0238/K5_repeat2016.csv,300,0.001,0.0001
25.880032462733134,16.376473903656006,39.189397490939086,14.330158555572389,560,0.9028011932058645,0.9420464245087298,560,E6,M1 RadonPy pretrain × R2 no-device + multitask heads,M1-R2,6,M1_pretrain,R2_nodevice_multi,multi,False,False,2016,internal_heldout_repoRT_ood,0238,0238,20,2016,0,frozen_backbone_fresh_head_kshot,kshot_fresh_head_frozen_model,,mol_key,580,580,20,0,ORIGINAL_WORKSPACE/RepoRT_PolyOmics_9exp_weight_only_notebooks/outputs/E6/seed_2016/best_model.pt,best_model.pt,89,32.23676225567086,strict,ORIGINAL_WORKSPACE/RepoRT_PolyOmics_9exp_weight_only_notebooks/outputs/evaluation_E1_E9_internal_heldout_OOD_kshot/_support_splits/seed_2016/0238/K20_repeat2016.csv,300,0.001,0.0001
18.14773264527321,8.058500289916992,32.966433883284544,12.384320697182032,480,0.9311360928969135,0.9583921586125832,480,E6,M1 RadonPy pretrain × R2 no-device + multitask heads,M1-R2,6,M1_pretrain,R2_nodevice_multi,multi,False,False,2016,internal_heldout_repoRT_ood,0238,0238,100,2016,0,frozen_backbone_fresh_head_kshot,kshot_fresh_head_frozen_model,,mol_key,580,580,100,0,ORIGINAL_WORKSPACE/RepoRT_PolyOmics_9exp_weight_only_notebooks/outputs/E6/seed_2016/best_model.pt,best_model.pt,89,32.23676225567086,strict,ORIGINAL_WORKSPACE/RepoRT_PolyOmics_9exp_weight_only_notebooks/outputs/evaluation_E1_E9_internal_heldout_OOD_kshot/_support_splits/seed_2016/0238/K100_repeat2016.csv,300,0.001,0.0001
20.08513200910468,9.474935531616211,36.01255954382369,16.186399511135853,380,0.9183850489444967,0.9593555161957562,380,E6,M1 RadonPy pretrain × R2 no-device + multitask heads,M1-R2,6,M1_pretrain,R2_nodevice_multi,multi,False,False,2016,internal_heldout_repoRT_ood,0238,0238,200,2016,0,frozen_backbone_fresh_head_kshot,kshot_fresh_head_frozen_model,,mol_key,580,580,200,0,ORIGINAL_WORKSPACE/RepoRT_PolyOmics_9exp_weight_only_notebooks/outputs/E6/seed_2016/best_model.pt,best_model.pt,89,32.23676225567086,strict,ORIGINAL_WORKSPACE/RepoRT_PolyOmics_9exp_weight_only_notebooks/outputs/evaluation_E1_E9_internal_heldout_OOD_kshot/_support_splits/seed_2016/0238/K200_repeat2016.csv,300,0.001,0.0001
167.62105584144592,107.2559380531311,228.5440313757089,60.58616484227583,96,0.7258986971127326,0.943490869381712,96,E6,M1 RadonPy pretrain × R2 no-device + multitask heads,M1-R2,6,M1_pretrain,R2_nodevice_multi,multi,False,False,2020,internal_heldout_repoRT_ood,0097,0097,0,-1,0,zero_shot_seen_head_mean_ensemble,zero_shot,seen_head_mean_ensemble,mol_key,96,96,0,0,ORIGINAL_WORKSPACE/RepoRT_PolyOmics_9exp_weight_only_notebooks/outputs/E6/seed_2020/best_model.pt,best_model.pt,56,37.20468461440967,strict,,,,
74.54632774814145,28.09764862060547,142.9492133766239,30.29778180304018,91,0.8937827676172225,0.8962679744893728,91,E6,M1 RadonPy pretrain × R2 no-device + multitask heads,M1-R2,6,M1_pretrain,R2_nodevice_multi,multi,False,False,2020,internal_heldout_repoRT_ood,0097,0097,5,2020,0,frozen_backbone_fresh_head_kshot,kshot_fresh_head_frozen_model,,mol_key,96,96,5,0,ORIGINAL_WORKSPACE/RepoRT_PolyOmics_9exp_weight_only_notebooks/outputs/E6/seed_2020/best_model.pt,best_model.pt,56,37.20468461440967,strict,ORIGINAL_WORKSPACE/RepoRT_PolyOmics_9exp_weight_only_notebooks/outputs/evaluation_E1_E9_internal_heldout_OOD_kshot/_support_splits/seed_2020/0097/K5_repeat2020.csv,300,0.001,0.0001
34.19614848337675,9.535496234893799,76.99492751354491,22.342886266052677,76,0.96633136734823,0.9399276291801559,76,E6,M1 RadonPy pretrain × R2 no-device + multitask heads,M1-R2,6,M1_pretrain,R2_nodevice_multi,multi,False,False,2020,internal_heldout_repoRT_ood,0097,0097,20,2020,0,frozen_backbone_fresh_head_kshot,kshot_fresh_head_frozen_model,,mol_key,96,96,20,0,ORIGINAL_WORKSPACE/RepoRT_PolyOmics_9exp_weight_only_notebooks/outputs/E6/seed_2020/best_model.pt,best_model.pt,56,37.20468461440967,strict,ORIGINAL_WORKSPACE/RepoRT_PolyOmics_9exp_weight_only_notebooks/outputs/evaluation_E1_E9_internal_heldout_OOD_kshot/_support_splits/seed_2020/0097/K20_repeat2020.csv,300,0.001,0.0001
302.9046836392633,337.25101947784424,349.77082043313044,140.36760557461002,580,-6.689891379654433,0.9440272392807132,580,E6,M1 RadonPy pretrain × R2 no-device + multitask heads,M1-R2,6,M1_pretrain,R2_nodevice_multi,multi,False,False,2020,internal_heldout_repoRT_ood,0238,0238,0,-1,0,zero_shot_seen_head_mean_ensemble,zero_shot,seen_head_mean_ensemble,mol_key,580,580,0,0,ORIGINAL_WORKSPACE/RepoRT_PolyOmics_9exp_weight_only_notebooks/outputs/E6/seed_2020/best_model.pt,best_model.pt,56,37.20468461440967,strict,,,,
26.909754554085108,15.531835556030273,42.23750337496377,17.601131641540118,575,0.888282683273898,0.9264868694158037,575,E6,M1 RadonPy pretrain × R2 no-device + multitask heads,M1-R2,6,M1_pretrain,R2_nodevice_multi,multi,False,False,2020,internal_heldout_repoRT_ood,0238,0238,5,2020,0,frozen_backbone_fresh_head_kshot,kshot_fresh_head_frozen_model,,mol_key,580,580,5,0,ORIGINAL_WORKSPACE/RepoRT_PolyOmics_9exp_weight_only_notebooks/outputs/E6/seed_2020/best_model.pt,best_model.pt,56,37.20468461440967,strict,ORIGINAL_WORKSPACE/RepoRT_PolyOmics_9exp_weight_only_notebooks/outputs/evaluation_E1_E9_internal_heldout_OOD_kshot/_support_splits/seed_2020/0238/K5_repeat2020.csv,300,0.001,0.0001
37.01973785672869,28.388686180114746,50.49958313402893,33.25001180214267,560,0.8393410916822438,0.9187127550543454,560,E6,M1 RadonPy pretrain × R2 no-device + multitask heads,M1-R2,6,M1_pretrain,R2_nodevice_multi,multi,False,False,2020,internal_heldout_repoRT_ood,0238,0238,20,2020,0,frozen_backbone_fresh_head_kshot,kshot_fresh_head_frozen_model,,mol_key,580,580,20,0,ORIGINAL_WORKSPACE/RepoRT_PolyOmics_9exp_weight_only_notebooks/outputs/E6/seed_2020/best_model.pt,best_model.pt,56,37.20468461440967,strict,ORIGINAL_WORKSPACE/RepoRT_PolyOmics_9exp_weight_only_notebooks/outputs/evaluation_E1_E9_internal_heldout_OOD_kshot/_support_splits/seed_2020/0238/K20_repeat2020.csv,300,0.001,0.0001
22.461402416229248,13.280167579650879,37.2179753012837,13.246066139001094,480,0.9120199544209395,0.9505788414366374,480,E6,M1 RadonPy pretrain × R2 no-device + multitask heads,M1-R2,6,M1_pretrain,R2_nodevice_multi,multi,False,False,2020,internal_heldout_repoRT_ood,0238,0238,100,2020,0,frozen_backbone_fresh_head_kshot,kshot_fresh_head_frozen_model,,mol_key,580,580,100,0,ORIGINAL_WORKSPACE/RepoRT_PolyOmics_9exp_weight_only_notebooks/outputs/E6/seed_2020/best_model.pt,best_model.pt,56,37.20468461440967,strict,ORIGINAL_WORKSPACE/RepoRT_PolyOmics_9exp_weight_only_notebooks/outputs/evaluation_E1_E9_internal_heldout_OOD_kshot/_support_splits/seed_2020/0238/K100_repeat2020.csv,300,0.001,0.0001
20.918504627127398,10.91865062713623,35.253216045536725,13.198448257827156,380,0.9214600485328162,0.9563938385217804,380,E6,M1 RadonPy pretrain × R2 no-device + multitask heads,M1-R2,6,M1_pretrain,R2_nodevice_multi,multi,False,False,2020,internal_heldout_repoRT_ood,0238,0238,200,2020,0,frozen_backbone_fresh_head_kshot,kshot_fresh_head_frozen_model,,mol_key,580,580,200,0,ORIGINAL_WORKSPACE/RepoRT_PolyOmics_9exp_weight_only_notebooks/outputs/E6/seed_2020/best_model.pt,best_model.pt,56,37.20468461440967,strict,ORIGINAL_WORKSPACE/RepoRT_PolyOmics_9exp_weight_only_notebooks/outputs/evaluation_E1_E9_internal_heldout_OOD_kshot/_support_splits/seed_2020/0238/K200_repeat2020.csv,300,0.001,0.0001
171.42599880695343,99.41039085388184,233.48450771917203,56.53658777002657,96,0.7139200301623585,0.9462615283520851,96,E6,M1 RadonPy pretrain × R2 no-device + multitask heads,M1-R2,6,M1_pretrain,R2_nodevice_multi,multi,False,False,2022,internal_heldout_repoRT_ood,0097,0097,0,-1,0,zero_shot_seen_head_mean_ensemble,zero_shot,seen_head_mean_ensemble,mol_key,96,96,0,0,ORIGINAL_WORKSPACE/RepoRT_PolyOmics_9exp_weight_only_notebooks/outputs/E6/seed_2022/best_model.pt,best_model.pt,56,35.01717154820619,strict,,,,
258.7764399392264,139.64840412139893,366.1361159134514,38.88958924477972,91,0.30468139503613867,0.9373857269846698,91,E6,M1 RadonPy pretrain × R2 no-device + multitask heads,M1-R2,6,M1_pretrain,R2_nodevice_multi,multi,False,False,2022,internal_heldout_repoRT_ood,0097,0097,5,2022,0,frozen_backbone_fresh_head_kshot,kshot_fresh_head_frozen_model,,mol_key,96,96,5,0,ORIGINAL_WORKSPACE/RepoRT_PolyOmics_9exp_weight_only_notebooks/outputs/E6/seed_2022/best_model.pt,best_model.pt,56,35.01717154820619,strict,ORIGINAL_WORKSPACE/RepoRT_PolyOmics_9exp_weight_only_notebooks/outputs/evaluation_E1_E9_internal_heldout_OOD_kshot/_support_splits/seed_2022/0097/K5_repeat2022.csv,300,0.001,0.0001
57.381709814071655,39.17851209640503,97.71096581019341,48.203906728301696,76,0.9489419888806763,0.9089421124180818,76,E6,M1 RadonPy pretrain × R2 no-device + multitask heads,M1-R2,6,M1_pretrain,R2_nodevice_multi,multi,False,False,2022,internal_heldout_repoRT_ood,0097,0097,20,2022,0,frozen_backbone_fresh_head_kshot,kshot_fresh_head_frozen_model,,mol_key,96,96,20,0,ORIGINAL_WORKSPACE/RepoRT_PolyOmics_9exp_weight_only_notebooks/outputs/E6/seed_2022/best_model.pt,best_model.pt,56,35.01717154820619,strict,ORIGINAL_WORKSPACE/RepoRT_PolyOmics_9exp_weight_only_notebooks/outputs/evaluation_E1_E9_internal_heldout_OOD_kshot/_support_splits/seed_2022/0097/K20_repeat2022.csv,300,0.001,0.0001
307.5354181815838,339.19328212738037,360.0700169458961,135.3801955901155,580,-7.149424985758699,0.950722134737612,580,E6,M1 RadonPy pretrain × R2 no-device + multitask heads,M1-R2,6,M1_pretrain,R2_nodevice_multi,multi,False,False,2022,internal_heldout_repoRT_ood,0238,0238,0,-1,0,zero_shot_seen_head_mean_ensemble,zero_shot,seen_head_mean_ensemble,mol_key,580,580,0,0,ORIGINAL_WORKSPACE/RepoRT_PolyOmics_9exp_weight_only_notebooks/outputs/E6/seed_2022/best_model.pt,best_model.pt,56,35.01717154820619,strict,,,,
63.87606995624045,23.680171966552734,101.01131803914329,120.071688190225,575,0.35808487476845097,0.751975021113262,575,E6,M1 RadonPy pretrain × R2 no-device + multitask heads,M1-R2,6,M1_pretrain,R2_nodevice_multi,multi,False,False,2022,internal_heldout_repoRT_ood,0238,0238,5,2022,0,frozen_backbone_fresh_head_kshot,kshot_fresh_head_frozen_model,,mol_key,580,580,5,0,ORIGINAL_WORKSPACE/RepoRT_PolyOmics_9exp_weight_only_notebooks/outputs/E6/seed_2022/best_model.pt,best_model.pt,56,35.01717154820619,strict,ORIGINAL_WORKSPACE/RepoRT_PolyOmics_9exp_weight_only_notebooks/outputs/evaluation_E1_E9_internal_heldout_OOD_kshot/_support_splits/seed_2022/0238/K5_repeat2022.csv,300,0.001,0.0001
21.99186955179487,14.654431343078613,33.271447694495244,12.365889089594994,560,0.9304297800299979,0.9603721477147146,560,E6,M1 RadonPy pretrain × R2 no-device + multitask heads,M1-R2,6,M1_pretrain,R2_nodevice_multi,multi,False,False,2022,internal_heldout_repoRT_ood,0238,0238,20,2022,0,frozen_backbone_fresh_head_kshot,kshot_fresh_head_frozen_model,,mol_key,580,580,20,0,ORIGINAL_WORKSPACE/RepoRT_PolyOmics_9exp_weight_only_notebooks/outputs/E6/seed_2022/best_model.pt,best_model.pt,56,35.01717154820619,strict,ORIGINAL_WORKSPACE/RepoRT_PolyOmics_9exp_weight_only_notebooks/outputs/evaluation_E1_E9_internal_heldout_OOD_kshot/_support_splits/seed_2022/0238/K20_repeat2022.csv,300,0.001,0.0001
19.53680309653282,10.545151233673096,35.241191181073106,11.00564868564494,480,0.9210280034200671,0.9628090149002604,480,E6,M1 RadonPy pretrain × R2 no-device + multitask heads,M1-R2,6,M1_pretrain,R2_nodevice_multi,multi,False,False,2022,internal_heldout_repoRT_ood,0238,0238,100,2022,0,frozen_backbone_fresh_head_kshot,kshot_fresh_head_frozen_model,,mol_key,580,580,100,0,ORIGINAL_WORKSPACE/RepoRT_PolyOmics_9exp_weight_only_notebooks/outputs/E6/seed_2022/best_model.pt,best_model.pt,56,35.01717154820619,strict,ORIGINAL_WORKSPACE/RepoRT_PolyOmics_9exp_weight_only_notebooks/outputs/evaluation_E1_E9_internal_heldout_OOD_kshot/_support_splits/seed_2022/0238/K100_repeat2022.csv,300,0.001,0.0001
19.637312274230155,12.040958404541016,32.01488190253256,13.180510838650486,380,0.9383134226180511,0.9642331259310243,380,E6,M1 RadonPy pretrain × R2 no-device + multitask heads,M1-R2,6,M1_pretrain,R2_nodevice_multi,multi,False,False,2022,internal_heldout_repoRT_ood,0238,0238,200,2022,0,frozen_backbone_fresh_head_kshot,kshot_fresh_head_frozen_model,,mol_key,580,580,200,0,ORIGINAL_WORKSPACE/RepoRT_PolyOmics_9exp_weight_only_notebooks/outputs/E6/seed_2022/best_model.pt,best_model.pt,56,35.01717154820619,strict,ORIGINAL_WORKSPACE/RepoRT_PolyOmics_9exp_weight_only_notebooks/outputs/evaluation_E1_E9_internal_heldout_OOD_kshot/_support_splits/seed_2022/0238/K200_repeat2022.csv,300,0.001,0.0001
174.60629984736443,99.05096769332886,244.4133780237585,52.48857897278075,96,0.6865117558339502,0.916259637834664,96,E6,M1 RadonPy pretrain × R2 no-device + multitask heads,M1-R2,6,M1_pretrain,R2_nodevice_multi,multi,False,False,2027,internal_heldout_repoRT_ood,0097,0097,0,-1,0,zero_shot_seen_head_mean_ensemble,zero_shot,seen_head_mean_ensemble,mol_key,96,96,0,0,ORIGINAL_WORKSPACE/RepoRT_PolyOmics_9exp_weight_only_notebooks/outputs/E6/seed_2027/best_model.pt,best_model.pt,85,33.6779522793465,strict,,,,
66.89326805072827,25.852890014648438,120.97191359005271,31.24400549227416,91,0.9236135608476412,0.9050602392331555,91,E6,M1 RadonPy pretrain × R2 no-device + multitask heads,M1-R2,6,M1_pretrain,R2_nodevice_multi,multi,False,False,2027,internal_heldout_repoRT_ood,0097,0097,5,2027,0,frozen_backbone_fresh_head_kshot,kshot_fresh_head_frozen_model,,mol_key,96,96,5,0,ORIGINAL_WORKSPACE/RepoRT_PolyOmics_9exp_weight_only_notebooks/outputs/E6/seed_2027/best_model.pt,best_model.pt,85,33.6779522793465,strict,ORIGINAL_WORKSPACE/RepoRT_PolyOmics_9exp_weight_only_notebooks/outputs/evaluation_E1_E9_internal_heldout_OOD_kshot/_support_splits/seed_2027/0097/K5_repeat2027.csv,300,0.001,0.0001
68.7425486665023,31.851825714111328,122.6936245798619,57.436633904426046,76,0.923393453838274,0.930371515392431,76,E6,M1 RadonPy pretrain × R2 no-device + multitask heads,M1-R2,6,M1_pretrain,R2_nodevice_multi,multi,False,False,2027,internal_heldout_repoRT_ood,0097,0097,20,2027,0,frozen_backbone_fresh_head_kshot,kshot_fresh_head_frozen_model,,mol_key,96,96,20,0,ORIGINAL_WORKSPACE/RepoRT_PolyOmics_9exp_weight_only_notebooks/outputs/E6/seed_2027/best_model.pt,best_model.pt,85,33.6779522793465,strict,ORIGINAL_WORKSPACE/RepoRT_PolyOmics_9exp_weight_only_notebooks/outputs/evaluation_E1_E9_internal_heldout_OOD_kshot/_support_splits/seed_2027/0097/K20_repeat2027.csv,300,0.001,0.0001
305.7610456368019,345.2649450302124,357.1778457659137,132.6035005674969,580,-7.019034392080817,0.9596449267180712,580,E6,M1 RadonPy pretrain × R2 no-device + multitask heads,M1-R2,6,M1_pretrain,R2_nodevice_multi,multi,False,False,2027,internal_heldout_repoRT_ood,0238,0238,0,-1,0,zero_shot_seen_head_mean_ensemble,zero_shot,seen_head_mean_ensemble,mol_key,580,580,0,0,ORIGINAL_WORKSPACE/RepoRT_PolyOmics_9exp_weight_only_notebooks/outputs/E6/seed_2027/best_model.pt,best_model.pt,85,33.6779522793465,strict,,,,
68.3861643915591,24.584426879882812,105.67392027599752,126.46777879137339,575,0.30067017622313597,0.7482498207363754,575,E6,M1 RadonPy pretrain × R2 no-device + multitask heads,M1-R2,6,M1_pretrain,R2_nodevice_multi,multi,False,False,2027,internal_heldout_repoRT_ood,0238,0238,5,2027,0,frozen_backbone_fresh_head_kshot,kshot_fresh_head_frozen_model,,mol_key,580,580,5,0,ORIGINAL_WORKSPACE/RepoRT_PolyOmics_9exp_weight_only_notebooks/outputs/E6/seed_2027/best_model.pt,best_model.pt,85,33.6779522793465,strict,ORIGINAL_WORKSPACE/RepoRT_PolyOmics_9exp_weight_only_notebooks/outputs/evaluation_E1_E9_internal_heldout_OOD_kshot/_support_splits/seed_2027/0238/K5_repeat2027.csv,300,0.001,0.0001
22.33726498910359,11.707520484924316,36.58527457611238,11.329911984277649,560,0.9154832392888741,0.9437244518640373,560,E6,M1 RadonPy pretrain × R2 no-device + multitask heads,M1-R2,6,M1_pretrain,R2_nodevice_multi,multi,False,False,2027,internal_heldout_repoRT_ood,0238,0238,20,2027,0,frozen_backbone_fresh_head_kshot,kshot_fresh_head_frozen_model,,mol_key,580,580,20,0,ORIGINAL_WORKSPACE/RepoRT_PolyOmics_9exp_weight_only_notebooks/outputs/E6/seed_2027/best_model.pt,best_model.pt,85,33.6779522793465,strict,ORIGINAL_WORKSPACE/RepoRT_PolyOmics_9exp_weight_only_notebooks/outputs/evaluation_E1_E9_internal_heldout_OOD_kshot/_support_splits/seed_2027/0238/K20_repeat2027.csv,300,0.001,0.0001
21.122524082660675,12.51666784286499,36.361606778910016,13.342433718820196,480,0.9137827936536933,0.9543640604219633,480,E6,M1 RadonPy pretrain × R2 no-device + multitask heads,M1-R2,6,M1_pretrain,R2_nodevice_multi,multi,False,False,2027,internal_heldout_repoRT_ood,0238,0238,100,2027,0,frozen_backbone_fresh_head_kshot,kshot_fresh_head_frozen_model,,mol_key,580,580,100,0,ORIGINAL_WORKSPACE/RepoRT_PolyOmics_9exp_weight_only_notebooks/outputs/E6/seed_2027/best_model.pt,best_model.pt,85,33.6779522793465,strict,ORIGINAL_WORKSPACE/RepoRT_PolyOmics_9exp_weight_only_notebooks/outputs/evaluation_E1_E9_internal_heldout_OOD_kshot/_support_splits/seed_2027/0238/K100_repeat2027.csv,300,0.001,0.0001
17.425151674371016,9.713301658630371,29.73875549313645,11.274104252906895,380,0.943051276902949,0.9647584801048871,380,E6,M1 RadonPy pretrain × R2 no-device + multitask heads,M1-R2,6,M1_pretrain,R2_nodevice_multi,multi,False,False,2027,internal_heldout_repoRT_ood,0238,0238,200,2027,0,frozen_backbone_fresh_head_kshot,kshot_fresh_head_frozen_model,,mol_key,580,580,200,0,ORIGINAL_WORKSPACE/RepoRT_PolyOmics_9exp_weight_only_notebooks/outputs/E6/seed_2027/best_model.pt,best_model.pt,85,33.6779522793465,strict,ORIGINAL_WORKSPACE/RepoRT_PolyOmics_9exp_weight_only_notebooks/outputs/evaluation_E1_E9_internal_heldout_OOD_kshot/_support_splits/seed_2027/0238/K200_repeat2027.csv,300,0.001,0.0001
169.03454199433327,72.46864557266235,234.44618998092508,53.74227116864713,96,0.7115585476972519,0.9680533044205333,96,E6,M1 RadonPy pretrain × R2 no-device + multitask heads,M1-R2,6,M1_pretrain,R2_nodevice_multi,multi,False,False,2032,internal_heldout_repoRT_ood,0097,0097,0,-1,0,zero_shot_seen_head_mean_ensemble,zero_shot,seen_head_mean_ensemble,mol_key,96,96,0,0,ORIGINAL_WORKSPACE/RepoRT_PolyOmics_9exp_weight_only_notebooks/outputs/E6/seed_2032/best_model.pt,best_model.pt,90,32.220323263717084,strict,,,,
68.12058998988225,36.94925308227539,113.61630109632831,54.907778779385374,91,0.9315426429650712,0.9663060007846984,91,E6,M1 RadonPy pretrain × R2 no-device + multitask heads,M1-R2,6,M1_pretrain,R2_nodevice_multi,multi,False,False,2032,internal_heldout_repoRT_ood,0097,0097,5,2032,0,frozen_backbone_fresh_head_kshot,kshot_fresh_head_frozen_model,,mol_key,96,96,5,0,ORIGINAL_WORKSPACE/RepoRT_PolyOmics_9exp_weight_only_notebooks/outputs/E6/seed_2032/best_model.pt,best_model.pt,90,32.220323263717084,strict,ORIGINAL_WORKSPACE/RepoRT_PolyOmics_9exp_weight_only_notebooks/outputs/evaluation_E1_E9_internal_heldout_OOD_kshot/_support_splits/seed_2032/0097/K5_repeat2032.csv,300,0.001,0.0001
55.62362664624264,26.899394989013672,103.8687213637909,47.9928748061023,76,0.9390542307461235,0.8605808962642799,76,E6,M1 RadonPy pretrain × R2 no-device + multitask heads,M1-R2,6,M1_pretrain,R2_nodevice_multi,multi,False,False,2032,internal_heldout_repoRT_ood,0097,0097,20,2032,0,frozen_backbone_fresh_head_kshot,kshot_fresh_head_frozen_model,,mol_key,96,96,20,0,ORIGINAL_WORKSPACE/RepoRT_PolyOmics_9exp_weight_only_notebooks/outputs/E6/seed_2032/best_model.pt,best_model.pt,90,32.220323263717084,strict,ORIGINAL_WORKSPACE/RepoRT_PolyOmics_9exp_weight_only_notebooks/outputs/evaluation_E1_E9_internal_heldout_OOD_kshot/_support_splits/seed_2032/0097/K20_repeat2032.csv,300,0.001,0.0001
308.5034979787366,349.83840465545654,359.6350145823751,135.45807338609757,580,-7.1297462171899255,0.9573323271309413,580,E6,M1 RadonPy pretrain × R2 no-device + multitask heads,M1-R2,6,M1_pretrain,R2_nodevice_multi,multi,False,False,2032,internal_heldout_repoRT_ood,0238,0238,0,-1,0,zero_shot_seen_head_mean_ensemble,zero_shot,seen_head_mean_ensemble,mol_key,580,580,0,0,ORIGINAL_WORKSPACE/RepoRT_PolyOmics_9exp_weight_only_notebooks/outputs/E6/seed_2032/best_model.pt,best_model.pt,90,32.220323263717084,strict,,,,
38.46581278261931,20.998306274414062,58.84618901333039,62.178006694074696,575,0.7828563244912855,0.9060048588551856,575,E6,M1 RadonPy pretrain × R2 no-device + multitask heads,M1-R2,6,M1_pretrain,R2_nodevice_multi,multi,False,False,2032,internal_heldout_repoRT_ood,0238,0238,5,2032,0,frozen_backbone_fresh_head_kshot,kshot_fresh_head_frozen_model,,mol_key,580,580,5,0,ORIGINAL_WORKSPACE/RepoRT_PolyOmics_9exp_weight_only_notebooks/outputs/E6/seed_2032/best_model.pt,best_model.pt,90,32.220323263717084,strict,ORIGINAL_WORKSPACE/RepoRT_PolyOmics_9exp_weight_only_notebooks/outputs/evaluation_E1_E9_internal_heldout_OOD_kshot/_support_splits/seed_2032/0238/K5_repeat2032.csv,300,0.001,0.0001
31.209559653486526,20.44684410095215,45.60388378442922,33.84606696833973,560,0.8698136003928038,0.9425859219999693,560,E6,M1 RadonPy pretrain × R2 no-device + multitask heads,M1-R2,6,M1_pretrain,R2_nodevice_multi,multi,False,False,2032,internal_heldout_repoRT_ood,0238,0238,20,2032,0,frozen_backbone_fresh_head_kshot,kshot_fresh_head_frozen_model,,mol_key,580,580,20,0,ORIGINAL_WORKSPACE/RepoRT_PolyOmics_9exp_weight_only_notebooks/outputs/E6/seed_2032/best_model.pt,best_model.pt,90,32.220323263717084,strict,ORIGINAL_WORKSPACE/RepoRT_PolyOmics_9exp_weight_only_notebooks/outputs/evaluation_E1_E9_internal_heldout_OOD_kshot/_support_splits/seed_2032/0238/K20_repeat2032.csv,300,0.001,0.0001
17.310520321130753,10.182409286499023,28.504555005838938,10.049610357248316,480,0.9468573492862062,0.9666302909692995,480,E6,M1 RadonPy pretrain × R2 no-device + multitask heads,M1-R2,6,M1_pretrain,R2_nodevice_multi,multi,False,False,2032,internal_heldout_repoRT_ood,0238,0238,100,2032,0,frozen_backbone_fresh_head_kshot,kshot_fresh_head_frozen_model,,mol_key,580,580,100,0,ORIGINAL_WORKSPACE/RepoRT_PolyOmics_9exp_weight_only_notebooks/outputs/E6/seed_2032/best_model.pt,best_model.pt,90,32.220323263717084,strict,ORIGINAL_WORKSPACE/RepoRT_PolyOmics_9exp_weight_only_notebooks/outputs/evaluation_E1_E9_internal_heldout_OOD_kshot/_support_splits/seed_2032/0238/K100_repeat2032.csv,300,0.001,0.0001
15.91343789351614,9.276273250579834,26.234375449495552,10.526640368419255,380,0.957476684426106,0.9692448246499153,380,E6,M1 RadonPy pretrain × R2 no-device + multitask heads,M1-R2,6,M1_pretrain,R2_nodevice_multi,multi,False,False,2032,internal_heldout_repoRT_ood,0238,0238,200,2032,0,frozen_backbone_fresh_head_kshot,kshot_fresh_head_frozen_model,,mol_key,580,580,200,0,ORIGINAL_WORKSPACE/RepoRT_PolyOmics_9exp_weight_only_notebooks/outputs/E6/seed_2032/best_model.pt,best_model.pt,90,32.220323263717084,strict,ORIGINAL_WORKSPACE/RepoRT_PolyOmics_9exp_weight_only_notebooks/outputs/evaluation_E1_E9_internal_heldout_OOD_kshot/_support_splits/seed_2032/0238/K200_repeat2032.csv,300,0.001,0.0001
160.6264626979828,52.5744366645813,226.99047781625336,49.94911849323837,96,0.7296125088662941,0.9613982902269903,96,E6,M1 RadonPy pretrain × R2 no-device + multitask heads,M1-R2,6,M1_pretrain,R2_nodevice_multi,multi,False,False,2034,internal_heldout_repoRT_ood,0097,0097,0,-1,0,zero_shot_seen_head_mean_ensemble,zero_shot,seen_head_mean_ensemble,mol_key,96,96,0,0,ORIGINAL_WORKSPACE/RepoRT_PolyOmics_9exp_weight_only_notebooks/outputs/E6/seed_2034/best_model.pt,best_model.pt,74,38.238242716785024,strict,,,,
65.6025155036004,44.02393341064453,107.6763867953195,64.26919436082123,91,0.9367605235388303,0.9535459708633964,91,E6,M1 RadonPy pretrain × R2 no-device + multitask heads,M1-R2,6,M1_pretrain,R2_nodevice_multi,multi,False,False,2034,internal_heldout_repoRT_ood,0097,0097,5,2034,0,frozen_backbone_fresh_head_kshot,kshot_fresh_head_frozen_model,,mol_key,96,96,5,0,ORIGINAL_WORKSPACE/RepoRT_PolyOmics_9exp_weight_only_notebooks/outputs/E6/seed_2034/best_model.pt,best_model.pt,74,38.238242716785024,strict,ORIGINAL_WORKSPACE/RepoRT_PolyOmics_9exp_weight_only_notebooks/outputs/evaluation_E1_E9_internal_heldout_OOD_kshot/_support_splits/seed_2034/0097/K5_repeat2034.csv,300,0.001,0.0001
49.16386409809715,19.637174606323242,97.26747222284477,34.94788078745607,76,0.9493778597441637,0.9628367690414104,76,E6,M1 RadonPy pretrain × R2 no-device + multitask heads,M1-R2,6,M1_pretrain,R2_nodevice_multi,multi,False,False,2034,internal_heldout_repoRT_ood,0097,0097,20,2034,0,frozen_backbone_fresh_head_kshot,kshot_fresh_head_frozen_model,,mol_key,96,96,20,0,ORIGINAL_WORKSPACE/RepoRT_PolyOmics_9exp_weight_only_notebooks/outputs/E6/seed_2034/best_model.pt,best_model.pt,74,38.238242716785024,strict,ORIGINAL_WORKSPACE/RepoRT_PolyOmics_9exp_weight_only_notebooks/outputs/evaluation_E1_E9_internal_heldout_OOD_kshot/_support_splits/seed_2034/0097/K20_repeat2034.csv,300,0.001,0.0001
303.1540214933198,338.85849952697754,354.9516709059953,132.10559600837496,580,-6.919385717557505,0.9459122368448597,580,E6,M1 RadonPy pretrain × R2 no-device + multitask heads,M1-R2,6,M1_pretrain,R2_nodevice_multi,multi,False,False,2034,internal_heldout_repoRT_ood,0238,0238,0,-1,0,zero_shot_seen_head_mean_ensemble,zero_shot,seen_head_mean_ensemble,mol_key,580,580,0,0,ORIGINAL_WORKSPACE/RepoRT_PolyOmics_9exp_weight_only_notebooks/outputs/E6/seed_2034/best_model.pt,best_model.pt,74,38.238242716785024,strict,,,,
52.12590928285018,52.00507164001465,63.892414038129075,31.945318411926365,575,0.7424892929301083,0.9400199233701584,575,E6,M1 RadonPy pretrain × R2 no-device + multitask heads,M1-R2,6,M1_pretrain,R2_nodevice_multi,multi,False,False,2034,internal_heldout_repoRT_ood,0238,0238,5,2034,0,frozen_backbone_fresh_head_kshot,kshot_fresh_head_frozen_model,,mol_key,580,580,5,0,ORIGINAL_WORKSPACE/RepoRT_PolyOmics_9exp_weight_only_notebooks/outputs/E6/seed_2034/best_model.pt,best_model.pt,74,38.238242716785024,strict,ORIGINAL_WORKSPACE/RepoRT_PolyOmics_9exp_weight_only_notebooks/outputs/evaluation_E1_E9_internal_heldout_OOD_kshot/_support_splits/seed_2034/0238/K5_repeat2034.csv,300,0.001,0.0001
25.443562720503127,16.264543533325195,39.960350208899335,13.372831278865327,560,0.899963191543819,0.9397701347696866,560,E6,M1 RadonPy pretrain × R2 no-device + multitask heads,M1-R2,6,M1_pretrain,R2_nodevice_multi,multi,False,False,2034,internal_heldout_repoRT_ood,0238,0238,20,2034,0,frozen_backbone_fresh_head_kshot,kshot_fresh_head_frozen_model,,mol_key,580,580,20,0,ORIGINAL_WORKSPACE/RepoRT_PolyOmics_9exp_weight_only_notebooks/outputs/E6/seed_2034/best_model.pt,best_model.pt,74,38.238242716785024,strict,ORIGINAL_WORKSPACE/RepoRT_PolyOmics_9exp_weight_only_notebooks/outputs/evaluation_E1_E9_internal_heldout_OOD_kshot/_support_splits/seed_2034/0238/K20_repeat2034.csv,300,0.001,0.0001
25.38134342432022,15.093841552734375,39.511555016439566,20.49088475353725,480,0.9027203146159857,0.9437076504211839,480,E6,M1 RadonPy pretrain × R2 no-device + multitask heads,M1-R2,6,M1_pretrain,R2_nodevice_multi,multi,False,False,2034,internal_heldout_repoRT_ood,0238,0238,100,2034,0,frozen_backbone_fresh_head_kshot,kshot_fresh_head_frozen_model,,mol_key,580,580,100,0,ORIGINAL_WORKSPACE/RepoRT_PolyOmics_9exp_weight_only_notebooks/outputs/E6/seed_2034/best_model.pt,best_model.pt,74,38.238242716785024,strict,ORIGINAL_WORKSPACE/RepoRT_PolyOmics_9exp_weight_only_notebooks/outputs/evaluation_E1_E9_internal_heldout_OOD_kshot/_support_splits/seed_2034/0238/K100_repeat2034.csv,300,0.001,0.0001
21.297668206064326,10.930781364440918,36.82385713289768,13.529143303267011,380,0.9143904233788707,0.963153097310172,380,E6,M1 RadonPy pretrain × R2 no-device + multitask heads,M1-R2,6,M1_pretrain,R2_nodevice_multi,multi,False,False,2034,internal_heldout_repoRT_ood,0238,0238,200,2034,0,frozen_backbone_fresh_head_kshot,kshot_fresh_head_frozen_model,,mol_key,580,580,200,0,ORIGINAL_WORKSPACE/RepoRT_PolyOmics_9exp_weight_only_notebooks/outputs/E6/seed_2034/best_model.pt,best_model.pt,74,38.238242716785024,strict,ORIGINAL_WORKSPACE/RepoRT_PolyOmics_9exp_weight_only_notebooks/outputs/evaluation_E1_E9_internal_heldout_OOD_kshot/_support_splits/seed_2034/0238/K200_repeat2034.csv,300,0.001,0.0001
50.67727953195572,13.761148452758789,101.22020054325489,15.602521928204164,96,0.9462342515477415,0.9341263136950838,96,E7,M2 joint multitask × R0 device encoder + single head,M2-R0,7,M2_joint,R0_device_single,single,True,True,2004,internal_heldout_repoRT_ood,0097,0097,0,-1,0,zero_shot_native_single,zero_shot,native_shared_single_head,mol_key,96,96,0,0,ORIGINAL_WORKSPACE/RepoRT_PolyOmics_9exp_weight_only_notebooks/outputs/E7/seed_2004/best_model.pt,best_model.pt,78,36.824880149872534,strict,,,,
127.88001364404029,46.430840492248535,216.51785965517868,48.085839074675135,91,0.7584505771686827,0.8304285958069546,91,E7,M2 joint multitask × R0 device encoder + single head,M2-R0,7,M2_joint,R0_device_single,single,True,True,2004,internal_heldout_repoRT_ood,0097,0097,5,2004,0,frozen_backbone_fresh_head_kshot,kshot_fresh_head_frozen_model,,mol_key,96,96,5,0,ORIGINAL_WORKSPACE/RepoRT_PolyOmics_9exp_weight_only_notebooks/outputs/E7/seed_2004/best_model.pt,best_model.pt,78,36.824880149872534,strict,ORIGINAL_WORKSPACE/RepoRT_PolyOmics_9exp_weight_only_notebooks/outputs/evaluation_E1_E9_internal_heldout_OOD_kshot/_support_splits/seed_2004/0097/K5_repeat2004.csv,300,0.001,0.0001
53.814158753344884,28.201611042022705,90.96998372153068,31.98529382843586,76,0.9577833591677961,0.923659852237524,76,E7,M2 joint multitask × R0 device encoder + single head,M2-R0,7,M2_joint,R0_device_single,single,True,True,2004,internal_heldout_repoRT_ood,0097,0097,20,2004,0,frozen_backbone_fresh_head_kshot,kshot_fresh_head_frozen_model,,mol_key,96,96,20,0,ORIGINAL_WORKSPACE/RepoRT_PolyOmics_9exp_weight_only_notebooks/outputs/E7/seed_2004/best_model.pt,best_model.pt,78,36.824880149872534,strict,ORIGINAL_WORKSPACE/RepoRT_PolyOmics_9exp_weight_only_notebooks/outputs/evaluation_E1_E9_internal_heldout_OOD_kshot/_support_splits/seed_2004/0097/K20_repeat2004.csv,300,0.001,0.0001
17.548037471442388,11.175699234008789,29.641424292923592,8.974631119323833,580,0.9447730346062658,0.9720581882515248,580,E7,M2 joint multitask × R0 device encoder + single head,M2-R0,7,M2_joint,R0_device_single,single,True,True,2004,internal_heldout_repoRT_ood,0238,0238,0,-1,0,zero_shot_native_single,zero_shot,native_shared_single_head,mol_key,580,580,0,0,ORIGINAL_WORKSPACE/RepoRT_PolyOmics_9exp_weight_only_notebooks/outputs/E7/seed_2004/best_model.pt,best_model.pt,78,36.824880149872534,strict,,,,
38.271241801718006,32.43297100067139,51.370281833174054,32.07412604265072,575,0.8321960202431038,0.9404479045770552,575,E7,M2 joint multitask × R0 device encoder + single head,M2-R0,7,M2_joint,R0_device_single,single,True,True,2004,internal_heldout_repoRT_ood,0238,0238,5,2004,0,frozen_backbone_fresh_head_kshot,kshot_fresh_head_frozen_model,,mol_key,580,580,5,0,ORIGINAL_WORKSPACE/RepoRT_PolyOmics_9exp_weight_only_notebooks/outputs/E7/seed_2004/best_model.pt,best_model.pt,78,36.824880149872534,strict,ORIGINAL_WORKSPACE/RepoRT_PolyOmics_9exp_weight_only_notebooks/outputs/evaluation_E1_E9_internal_heldout_OOD_kshot/_support_splits/seed_2004/0238/K5_repeat2004.csv,300,0.001,0.0001
20.67275729349681,13.50069522857666,32.22386983925505,13.106436976450594,560,0.9347425494099024,0.9629652204813416,560,E7,M2 joint multitask × R0 device encoder + single head,M2-R0,7,M2_joint,R0_device_single,single,True,True,2004,internal_heldout_repoRT_ood,0238,0238,20,2004,0,frozen_backbone_fresh_head_kshot,kshot_fresh_head_frozen_model,,mol_key,580,580,20,0,ORIGINAL_WORKSPACE/RepoRT_PolyOmics_9exp_weight_only_notebooks/outputs/E7/seed_2004/best_model.pt,best_model.pt,78,36.824880149872534,strict,ORIGINAL_WORKSPACE/RepoRT_PolyOmics_9exp_weight_only_notebooks/outputs/evaluation_E1_E9_internal_heldout_OOD_kshot/_support_splits/seed_2004/0238/K20_repeat2004.csv,300,0.001,0.0001
18.295801490545273,10.702636241912842,30.35278486449895,10.881068889530518,480,0.9419327236766843,0.9661839665006038,480,E7,M2 joint multitask × R0 device encoder + single head,M2-R0,7,M2_joint,R0_device_single,single,True,True,2004,internal_heldout_repoRT_ood,0238,0238,100,2004,0,frozen_backbone_fresh_head_kshot,kshot_fresh_head_frozen_model,,mol_key,580,580,100,0,ORIGINAL_WORKSPACE/RepoRT_PolyOmics_9exp_weight_only_notebooks/outputs/E7/seed_2004/best_model.pt,best_model.pt,78,36.824880149872534,strict,ORIGINAL_WORKSPACE/RepoRT_PolyOmics_9exp_weight_only_notebooks/outputs/evaluation_E1_E9_internal_heldout_OOD_kshot/_support_splits/seed_2004/0238/K100_repeat2004.csv,300,0.001,0.0001
19.70836272992586,13.14323902130127,29.28620192774193,13.654100251310322,380,0.9481938874168239,0.9683270482156905,380,E7,M2 joint multitask × R0 device encoder + single head,M2-R0,7,M2_joint,R0_device_single,single,True,True,2004,internal_heldout_repoRT_ood,0238,0238,200,2004,0,frozen_backbone_fresh_head_kshot,kshot_fresh_head_frozen_model,,mol_key,580,580,200,0,ORIGINAL_WORKSPACE/RepoRT_PolyOmics_9exp_weight_only_notebooks/outputs/E7/seed_2004/best_model.pt,best_model.pt,78,36.824880149872534,strict,ORIGINAL_WORKSPACE/RepoRT_PolyOmics_9exp_weight_only_notebooks/outputs/evaluation_E1_E9_internal_heldout_OOD_kshot/_support_splits/seed_2004/0238/K200_repeat2004.csv,300,0.001,0.0001
40.59789597988129,14.214928150177002,67.5602939318172,22.531076685239075,96,0.9760473056346616,0.9776555391855023,96,E7,M2 joint multitask × R0 device encoder + single head,M2-R0,7,M2_joint,R0_device_single,single,True,True,2006,internal_heldout_repoRT_ood,0097,0097,0,-1,0,zero_shot_native_single,zero_shot,native_shared_single_head,mol_key,96,96,0,0,ORIGINAL_WORKSPACE/RepoRT_PolyOmics_9exp_weight_only_notebooks/outputs/E7/seed_2006/best_model.pt,best_model.pt,130,30.050458922834036,strict,,,,
59.40201460660159,40.60626983642578,85.69322813472075,47.46279728141965,91,0.9607695595849092,0.8927246277952788,91,E7,M2 joint multitask × R0 device encoder + single head,M2-R0,7,M2_joint,R0_device_single,single,True,True,2006,internal_heldout_repoRT_ood,0097,0097,5,2006,0,frozen_backbone_fresh_head_kshot,kshot_fresh_head_frozen_model,,mol_key,96,96,5,0,ORIGINAL_WORKSPACE/RepoRT_PolyOmics_9exp_weight_only_notebooks/outputs/E7/seed_2006/best_model.pt,best_model.pt,130,30.050458922834036,strict,ORIGINAL_WORKSPACE/RepoRT_PolyOmics_9exp_weight_only_notebooks/outputs/evaluation_E1_E9_internal_heldout_OOD_kshot/_support_splits/seed_2006/0097/K5_repeat2006.csv,300,0.001,0.0001
47.742799645976014,28.014729022979736,88.3100285261982,33.62717307022064,76,0.959895738603747,0.9278959560112433,76,E7,M2 joint multitask × R0 device encoder + single head,M2-R0,7,M2_joint,R0_device_single,single,True,True,2006,internal_heldout_repoRT_ood,0097,0097,20,2006,0,frozen_backbone_fresh_head_kshot,kshot_fresh_head_frozen_model,,mol_key,96,96,20,0,ORIGINAL_WORKSPACE/RepoRT_PolyOmics_9exp_weight_only_notebooks/outputs/E7/seed_2006/best_model.pt,best_model.pt,130,30.050458922834036,strict,ORIGINAL_WORKSPACE/RepoRT_PolyOmics_9exp_weight_only_notebooks/outputs/evaluation_E1_E9_internal_heldout_OOD_kshot/_support_splits/seed_2006/0097/K20_repeat2006.csv,300,0.001,0.0001
14.773935260443851,7.581596374511719,27.41488281632847,9.469821966380852,580,0.9527582661332944,0.971189352751678,580,E7,M2 joint multitask × R0 device encoder + single head,M2-R0,7,M2_joint,R0_device_single,single,True,True,2006,internal_heldout_repoRT_ood,0238,0238,0,-1,0,zero_shot_native_single,zero_shot,native_shared_single_head,mol_key,580,580,0,0,ORIGINAL_WORKSPACE/RepoRT_PolyOmics_9exp_weight_only_notebooks/outputs/E7/seed_2006/best_model.pt,best_model.pt,130,30.050458922834036,strict,,,,
45.44420219918956,27.71143913269043,61.31937845654008,67.06979439089204,575,0.7651094282056282,0.9372572559771638,575,E7,M2 joint multitask × R0 device encoder + single head,M2-R0,7,M2_joint,R0_device_single,single,True,True,2006,internal_heldout_repoRT_ood,0238,0238,5,2006,0,frozen_backbone_fresh_head_kshot,kshot_fresh_head_frozen_model,,mol_key,580,580,5,0,ORIGINAL_WORKSPACE/RepoRT_PolyOmics_9exp_weight_only_notebooks/outputs/E7/seed_2006/best_model.pt,best_model.pt,130,30.050458922834036,strict,ORIGINAL_WORKSPACE/RepoRT_PolyOmics_9exp_weight_only_notebooks/outputs/evaluation_E1_E9_internal_heldout_OOD_kshot/_support_splits/seed_2006/0238/K5_repeat2006.csv,300,0.001,0.0001
24.67501171997615,16.846561431884766,36.13600264666107,14.298656436202323,560,0.9182543821688313,0.9462345336659113,560,E7,M2 joint multitask × R0 device encoder + single head,M2-R0,7,M2_joint,R0_device_single,single,True,True,2006,internal_heldout_repoRT_ood,0238,0238,20,2006,0,frozen_backbone_fresh_head_kshot,kshot_fresh_head_frozen_model,,mol_key,580,580,20,0,ORIGINAL_WORKSPACE/RepoRT_PolyOmics_9exp_weight_only_notebooks/outputs/E7/seed_2006/best_model.pt,best_model.pt,130,30.050458922834036,strict,ORIGINAL_WORKSPACE/RepoRT_PolyOmics_9exp_weight_only_notebooks/outputs/evaluation_E1_E9_internal_heldout_OOD_kshot/_support_splits/seed_2006/0238/K20_repeat2006.csv,300,0.001,0.0001
22.608464747667313,13.467292785644531,34.50606220572399,11.848971079290273,480,0.9243438248253745,0.9528934890004062,480,E7,M2 joint multitask × R0 device encoder + single head,M2-R0,7,M2_joint,R0_device_single,single,True,True,2006,internal_heldout_repoRT_ood,0238,0238,100,2006,0,frozen_backbone_fresh_head_kshot,kshot_fresh_head_frozen_model,,mol_key,580,580,100,0,ORIGINAL_WORKSPACE/RepoRT_PolyOmics_9exp_weight_only_notebooks/outputs/E7/seed_2006/best_model.pt,best_model.pt,130,30.050458922834036,strict,ORIGINAL_WORKSPACE/RepoRT_PolyOmics_9exp_weight_only_notebooks/outputs/evaluation_E1_E9_internal_heldout_OOD_kshot/_support_splits/seed_2006/0238/K100_repeat2006.csv,300,0.001,0.0001
17.9027197235509,11.00520372390747,29.162615442838487,10.64232243717934,380,0.9435203435768899,0.9648463414876053,380,E7,M2 joint multitask × R0 device encoder + single head,M2-R0,7,M2_joint,R0_device_single,single,True,True,2006,internal_heldout_repoRT_ood,0238,0238,200,2006,0,frozen_backbone_fresh_head_kshot,kshot_fresh_head_frozen_model,,mol_key,580,580,200,0,ORIGINAL_WORKSPACE/RepoRT_PolyOmics_9exp_weight_only_notebooks/outputs/E7/seed_2006/best_model.pt,best_model.pt,130,30.050458922834036,strict,ORIGINAL_WORKSPACE/RepoRT_PolyOmics_9exp_weight_only_notebooks/outputs/evaluation_E1_E9_internal_heldout_OOD_kshot/_support_splits/seed_2006/0238/K200_repeat2006.csv,300,0.001,0.0001
62.58944317698479,38.891544342041016,87.73850302204676,42.80515966684762,96,0.9596027544184585,0.9602234764969058,96,E7,M2 joint multitask × R0 device encoder + single head,M2-R0,7,M2_joint,R0_device_single,single,True,True,2011,internal_heldout_repoRT_ood,0097,0097,0,-1,0,zero_shot_native_single,zero_shot,native_shared_single_head,mol_key,96,96,0,0,ORIGINAL_WORKSPACE/RepoRT_PolyOmics_9exp_weight_only_notebooks/outputs/E7/seed_2011/best_model.pt,best_model.pt,75,36.69530346244903,strict,,,,
73.1933584842053,29.373207092285156,136.27854331189639,25.25290325205905,91,0.9036133424437116,0.9338469360790628,91,E7,M2 joint multitask × R0 device encoder + single head,M2-R0,7,M2_joint,R0_device_single,single,True,True,2011,internal_heldout_repoRT_ood,0097,0097,5,2011,0,frozen_backbone_fresh_head_kshot,kshot_fresh_head_frozen_model,,mol_key,96,96,5,0,ORIGINAL_WORKSPACE/RepoRT_PolyOmics_9exp_weight_only_notebooks/outputs/E7/seed_2011/best_model.pt,best_model.pt,75,36.69530346244903,strict,ORIGINAL_WORKSPACE/RepoRT_PolyOmics_9exp_weight_only_notebooks/outputs/evaluation_E1_E9_internal_heldout_OOD_kshot/_support_splits/seed_2011/0097/K5_repeat2011.csv,300,0.001,0.0001
47.3030634302842,29.2862606048584,70.08330001671901,40.1823473441574,76,0.9739133031598537,0.9359086498999608,76,E7,M2 joint multitask × R0 device encoder + single head,M2-R0,7,M2_joint,R0_device_single,single,True,True,2011,internal_heldout_repoRT_ood,0097,0097,20,2011,0,frozen_backbone_fresh_head_kshot,kshot_fresh_head_frozen_model,,mol_key,96,96,20,0,ORIGINAL_WORKSPACE/RepoRT_PolyOmics_9exp_weight_only_notebooks/outputs/E7/seed_2011/best_model.pt,best_model.pt,75,36.69530346244903,strict,ORIGINAL_WORKSPACE/RepoRT_PolyOmics_9exp_weight_only_notebooks/outputs/evaluation_E1_E9_internal_heldout_OOD_kshot/_support_splits/seed_2011/0097/K20_repeat2011.csv,300,0.001,0.0001
15.245137551735187,8.095793724060059,26.668281317492134,8.582667733923566,580,0.9552963380292329,0.9761708802722224,580,E7,M2 joint multitask × R0 device encoder + single head,M2-R0,7,M2_joint,R0_device_single,single,True,True,2011,internal_heldout_repoRT_ood,0238,0238,0,-1,0,zero_shot_native_single,zero_shot,native_shared_single_head,mol_key,580,580,0,0,ORIGINAL_WORKSPACE/RepoRT_PolyOmics_9exp_weight_only_notebooks/outputs/E7/seed_2011/best_model.pt,best_model.pt,75,36.69530346244903,strict,,,,
26.27828367482061,16.682896614074707,38.966497808731106,16.982872694472732,575,0.904748211198974,0.941271073479679,575,E7,M2 joint multitask × R0 device encoder + single head,M2-R0,7,M2_joint,R0_device_single,single,True,True,2011,internal_heldout_repoRT_ood,0238,0238,5,2011,0,frozen_backbone_fresh_head_kshot,kshot_fresh_head_frozen_model,,mol_key,580,580,5,0,ORIGINAL_WORKSPACE/RepoRT_PolyOmics_9exp_weight_only_notebooks/outputs/E7/seed_2011/best_model.pt,best_model.pt,75,36.69530346244903,strict,ORIGINAL_WORKSPACE/RepoRT_PolyOmics_9exp_weight_only_notebooks/outputs/evaluation_E1_E9_internal_heldout_OOD_kshot/_support_splits/seed_2011/0238/K5_repeat2011.csv,300,0.001,0.0001
24.981839903763362,17.7431058883667,36.06137750278981,14.500911021564345,560,0.918422509254046,0.9477718650760081,560,E7,M2 joint multitask × R0 device encoder + single head,M2-R0,7,M2_joint,R0_device_single,single,True,True,2011,internal_heldout_repoRT_ood,0238,0238,20,2011,0,frozen_backbone_fresh_head_kshot,kshot_fresh_head_frozen_model,,mol_key,580,580,20,0,ORIGINAL_WORKSPACE/RepoRT_PolyOmics_9exp_weight_only_notebooks/outputs/E7/seed_2011/best_model.pt,best_model.pt,75,36.69530346244903,strict,ORIGINAL_WORKSPACE/RepoRT_PolyOmics_9exp_weight_only_notebooks/outputs/evaluation_E1_E9_internal_heldout_OOD_kshot/_support_splits/seed_2011/0238/K20_repeat2011.csv,300,0.001,0.0001
19.51620265841484,11.720209121704102,30.397476492979905,11.21133415773505,480,0.9420230705183128,0.9667496604895647,480,E7,M2 joint multitask × R0 device encoder + single head,M2-R0,7,M2_joint,R0_device_single,single,True,True,2011,internal_heldout_repoRT_ood,0238,0238,100,2011,0,frozen_backbone_fresh_head_kshot,kshot_fresh_head_frozen_model,,mol_key,580,580,100,0,ORIGINAL_WORKSPACE/RepoRT_PolyOmics_9exp_weight_only_notebooks/outputs/E7/seed_2011/best_model.pt,best_model.pt,75,36.69530346244903,strict,ORIGINAL_WORKSPACE/RepoRT_PolyOmics_9exp_weight_only_notebooks/outputs/evaluation_E1_E9_internal_heldout_OOD_kshot/_support_splits/seed_2011/0238/K100_repeat2011.csv,300,0.001,0.0001
21.09253289825038,14.007604122161865,30.774746417775468,13.654308080519154,380,0.9397450661620445,0.9638056930581727,380,E7,M2 joint multitask × R0 device encoder + single head,M2-R0,7,M2_joint,R0_device_single,single,True,True,2011,internal_heldout_repoRT_ood,0238,0238,200,2011,0,frozen_backbone_fresh_head_kshot,kshot_fresh_head_frozen_model,,mol_key,580,580,200,0,ORIGINAL_WORKSPACE/RepoRT_PolyOmics_9exp_weight_only_notebooks/outputs/E7/seed_2011/best_model.pt,best_model.pt,75,36.69530346244903,strict,ORIGINAL_WORKSPACE/RepoRT_PolyOmics_9exp_weight_only_notebooks/outputs/evaluation_E1_E9_internal_heldout_OOD_kshot/_support_splits/seed_2011/0238/K200_repeat2011.csv,300,0.001,0.0001
56.634799391031265,22.333030700683594,104.58631649633678,28.54193625625761,96,0.9425987903683571,0.9419357691262823,96,E7,M2 joint multitask × R0 device encoder + single head,M2-R0,7,M2_joint,R0_device_single,single,True,True,2012,internal_heldout_repoRT_ood,0097,0097,0,-1,0,zero_shot_native_single,zero_shot,native_shared_single_head,mol_key,96,96,0,0,ORIGINAL_WORKSPACE/RepoRT_PolyOmics_9exp_weight_only_notebooks/outputs/E7/seed_2012/best_model.pt,best_model.pt,70,34.624022672999914,strict,,,,
76.70644456213647,47.26977825164795,118.67857462849652,68.69762931416568,91,0.9263035460412988,0.9462324053950663,91,E7,M2 joint multitask × R0 device encoder + single head,M2-R0,7,M2_joint,R0_device_single,single,True,True,2012,internal_heldout_repoRT_ood,0097,0097,5,2012,0,frozen_backbone_fresh_head_kshot,kshot_fresh_head_frozen_model,,mol_key,96,96,5,0,ORIGINAL_WORKSPACE/RepoRT_PolyOmics_9exp_weight_only_notebooks/outputs/E7/seed_2012/best_model.pt,best_model.pt,70,34.624022672999914,strict,ORIGINAL_WORKSPACE/RepoRT_PolyOmics_9exp_weight_only_notebooks/outputs/evaluation_E1_E9_internal_heldout_OOD_kshot/_support_splits/seed_2012/0097/K5_repeat2012.csv,300,0.001,0.0001
116.77834379045586,55.4880952835083,198.59248387837525,31.779467306891878,76,0.7991838635268798,0.8645264009184819,76,E7,M2 joint multitask × R0 device encoder + single head,M2-R0,7,M2_joint,R0_device_single,single,True,True,2012,internal_heldout_repoRT_ood,0097,0097,20,2012,0,frozen_backbone_fresh_head_kshot,kshot_fresh_head_frozen_model,,mol_key,96,96,20,0,ORIGINAL_WORKSPACE/RepoRT_PolyOmics_9exp_weight_only_notebooks/outputs/E7/seed_2012/best_model.pt,best_model.pt,70,34.624022672999914,strict,ORIGINAL_WORKSPACE/RepoRT_PolyOmics_9exp_weight_only_notebooks/outputs/evaluation_E1_E9_internal_heldout_OOD_kshot/_support_splits/seed_2012/0097/K20_repeat2012.csv,300,0.001,0.0001
16.604692228909197,9.483003616333008,28.610441996533822,9.23754609389223,580,0.9485480097841263,0.9700089247281544,580,E7,M2 joint multitask × R0 device encoder + single head,M2-R0,7,M2_joint,R0_device_single,single,True,True,2012,internal_heldout_repoRT_ood,0238,0238,0,-1,0,zero_shot_native_single,zero_shot,native_shared_single_head,mol_key,580,580,0,0,ORIGINAL_WORKSPACE/RepoRT_PolyOmics_9exp_weight_only_notebooks/outputs/E7/seed_2012/best_model.pt,best_model.pt,70,34.624022672999914,strict,,,,
64.30202166515848,40.128822326660156,88.20366096020099,103.43751634956035,575,0.5107351566987506,0.8427783366008536,575,E7,M2 joint multitask × R0 device encoder + single head,M2-R0,7,M2_joint,R0_device_single,single,True,True,2012,internal_heldout_repoRT_ood,0238,0238,5,2012,0,frozen_backbone_fresh_head_kshot,kshot_fresh_head_frozen_model,,mol_key,580,580,5,0,ORIGINAL_WORKSPACE/RepoRT_PolyOmics_9exp_weight_only_notebooks/outputs/E7/seed_2012/best_model.pt,best_model.pt,70,34.624022672999914,strict,ORIGINAL_WORKSPACE/RepoRT_PolyOmics_9exp_weight_only_notebooks/outputs/evaluation_E1_E9_internal_heldout_OOD_kshot/_support_splits/seed_2012/0238/K5_repeat2012.csv,300,0.001,0.0001
28.6152908716883,17.980799674987793,41.76968986880955,15.903089919700816,560,0.8910331501586037,0.9522273108720989,560,E7,M2 joint multitask × R0 device encoder + single head,M2-R0,7,M2_joint,R0_device_single,single,True,True,2012,internal_heldout_repoRT_ood,0238,0238,20,2012,0,frozen_backbone_fresh_head_kshot,kshot_fresh_head_frozen_model,,mol_key,580,580,20,0,ORIGINAL_WORKSPACE/RepoRT_PolyOmics_9exp_weight_only_notebooks/outputs/E7/seed_2012/best_model.pt,best_model.pt,70,34.624022672999914,strict,ORIGINAL_WORKSPACE/RepoRT_PolyOmics_9exp_weight_only_notebooks/outputs/evaluation_E1_E9_internal_heldout_OOD_kshot/_support_splits/seed_2012/0238/K20_repeat2012.csv,300,0.001,0.0001
21.21111848950386,12.180440425872803,36.07478765626571,13.167070940552996,480,0.9194706723980475,0.9594306365710839,480,E7,M2 joint multitask × R0 device encoder + single head,M2-R0,7,M2_joint,R0_device_single,single,True,True,2012,internal_heldout_repoRT_ood,0238,0238,100,2012,0,frozen_backbone_fresh_head_kshot,kshot_fresh_head_frozen_model,,mol_key,580,580,100,0,ORIGINAL_WORKSPACE/RepoRT_PolyOmics_9exp_weight_only_notebooks/outputs/E7/seed_2012/best_model.pt,best_model.pt,70,34.624022672999914,strict,ORIGINAL_WORKSPACE/RepoRT_PolyOmics_9exp_weight_only_notebooks/outputs/evaluation_E1_E9_internal_heldout_OOD_kshot/_support_splits/seed_2012/0238/K100_repeat2012.csv,300,0.001,0.0001
19.257467395380925,10.366644859313965,32.5723586704399,11.741041358505484,380,0.9343676034193014,0.9628492888030005,380,E7,M2 joint multitask × R0 device encoder + single head,M2-R0,7,M2_joint,R0_device_single,single,True,True,2012,internal_heldout_repoRT_ood,0238,0238,200,2012,0,frozen_backbone_fresh_head_kshot,kshot_fresh_head_frozen_model,,mol_key,580,580,200,0,ORIGINAL_WORKSPACE/RepoRT_PolyOmics_9exp_weight_only_notebooks/outputs/E7/seed_2012/best_model.pt,best_model.pt,70,34.624022672999914,strict,ORIGINAL_WORKSPACE/RepoRT_PolyOmics_9exp_weight_only_notebooks/outputs/evaluation_E1_E9_internal_heldout_OOD_kshot/_support_splits/seed_2012/0238/K200_repeat2012.csv,300,0.001,0.0001
51.13745704293251,20.787384510040283,93.98579170177992,19.593266838036538,96,0.9536450919262586,0.956203304657541,96,E7,M2 joint multitask × R0 device encoder + single head,M2-R0,7,M2_joint,R0_device_single,single,True,True,2016,internal_heldout_repoRT_ood,0097,0097,0,-1,0,zero_shot_native_single,zero_shot,native_shared_single_head,mol_key,96,96,0,0,ORIGINAL_WORKSPACE/RepoRT_PolyOmics_9exp_weight_only_notebooks/outputs/E7/seed_2016/best_model.pt,best_model.pt,70,36.73282071349764,strict,,,,
162.70996444827907,124.57386016845703,230.1377814285899,101.05795410189202,91,0.7235914204429734,0.8184858339854885,91,E7,M2 joint multitask × R0 device encoder + single head,M2-R0,7,M2_joint,R0_device_single,single,True,True,2016,internal_heldout_repoRT_ood,0097,0097,5,2016,0,frozen_backbone_fresh_head_kshot,kshot_fresh_head_frozen_model,,mol_key,96,96,5,0,ORIGINAL_WORKSPACE/RepoRT_PolyOmics_9exp_weight_only_notebooks/outputs/E7/seed_2016/best_model.pt,best_model.pt,70,36.73282071349764,strict,ORIGINAL_WORKSPACE/RepoRT_PolyOmics_9exp_weight_only_notebooks/outputs/evaluation_E1_E9_internal_heldout_OOD_kshot/_support_splits/seed_2016/0097/K5_repeat2016.csv,300,0.001,0.0001
65.4699809300272,21.47066831588745,114.39487496163554,23.06367021848292,76,0.935361476731,0.9378419057335923,76,E7,M2 joint multitask × R0 device encoder + single head,M2-R0,7,M2_joint,R0_device_single,single,True,True,2016,internal_heldout_repoRT_ood,0097,0097,20,2016,0,frozen_backbone_fresh_head_kshot,kshot_fresh_head_frozen_model,,mol_key,96,96,20,0,ORIGINAL_WORKSPACE/RepoRT_PolyOmics_9exp_weight_only_notebooks/outputs/E7/seed_2016/best_model.pt,best_model.pt,70,36.73282071349764,strict,ORIGINAL_WORKSPACE/RepoRT_PolyOmics_9exp_weight_only_notebooks/outputs/evaluation_E1_E9_internal_heldout_OOD_kshot/_support_splits/seed_2016/0097/K20_repeat2016.csv,300,0.001,0.0001
16.140077590942383,8.304734230041504,28.218063033894794,10.74710557424985,580,0.9499496123663105,0.9703974111949751,580,E7,M2 joint multitask × R0 device encoder + single head,M2-R0,7,M2_joint,R0_device_single,single,True,True,2016,internal_heldout_repoRT_ood,0238,0238,0,-1,0,zero_shot_native_single,zero_shot,native_shared_single_head,mol_key,580,580,0,0,ORIGINAL_WORKSPACE/RepoRT_PolyOmics_9exp_weight_only_notebooks/outputs/E7/seed_2016/best_model.pt,best_model.pt,70,36.73282071349764,strict,,,,
29.410116527391516,19.977664947509766,42.57537752770979,16.89054782175964,575,0.8856599233380388,0.9236566351905925,575,E7,M2 joint multitask × R0 device encoder + single head,M2-R0,7,M2_joint,R0_device_single,single,True,True,2016,internal_heldout_repoRT_ood,0238,0238,5,2016,0,frozen_backbone_fresh_head_kshot,kshot_fresh_head_frozen_model,,mol_key,580,580,5,0,ORIGINAL_WORKSPACE/RepoRT_PolyOmics_9exp_weight_only_notebooks/outputs/E7/seed_2016/best_model.pt,best_model.pt,70,36.73282071349764,strict,ORIGINAL_WORKSPACE/RepoRT_PolyOmics_9exp_weight_only_notebooks/outputs/evaluation_E1_E9_internal_heldout_OOD_kshot/_support_splits/seed_2016/0238/K5_repeat2016.csv,300,0.001,0.0001
27.762128898075648,18.496620655059814,39.8466193158869,16.98982805879304,560,0.899513730896309,0.9480289313738014,560,E7,M2 joint multitask × R0 device encoder + single head,M2-R0,7,M2_joint,R0_device_single,single,True,True,2016,internal_heldout_repoRT_ood,0238,0238,20,2016,0,frozen_backbone_fresh_head_kshot,kshot_fresh_head_frozen_model,,mol_key,580,580,20,0,ORIGINAL_WORKSPACE/RepoRT_PolyOmics_9exp_weight_only_notebooks/outputs/E7/seed_2016/best_model.pt,best_model.pt,70,36.73282071349764,strict,ORIGINAL_WORKSPACE/RepoRT_PolyOmics_9exp_weight_only_notebooks/outputs/evaluation_E1_E9_internal_heldout_OOD_kshot/_support_splits/seed_2016/0238/K20_repeat2016.csv,300,0.001,0.0001
21.06000506877899,12.406024932861328,33.93583643520408,15.825235635213202,480,0.9270265574258697,0.9540139449265677,480,E7,M2 joint multitask × R0 device encoder + single head,M2-R0,7,M2_joint,R0_device_single,single,True,True,2016,internal_heldout_repoRT_ood,0238,0238,100,2016,0,frozen_backbone_fresh_head_kshot,kshot_fresh_head_frozen_model,,mol_key,580,580,100,0,ORIGINAL_WORKSPACE/RepoRT_PolyOmics_9exp_weight_only_notebooks/outputs/E7/seed_2016/best_model.pt,best_model.pt,70,36.73282071349764,strict,ORIGINAL_WORKSPACE/RepoRT_PolyOmics_9exp_weight_only_notebooks/outputs/evaluation_E1_E9_internal_heldout_OOD_kshot/_support_splits/seed_2016/0238/K100_repeat2016.csv,300,0.001,0.0001
20.846269444415444,11.828398704528809,33.891395229098784,15.966861349247766,380,0.9277162555276494,0.9607461428201517,380,E7,M2 joint multitask × R0 device encoder + single head,M2-R0,7,M2_joint,R0_device_single,single,True,True,2016,internal_heldout_repoRT_ood,0238,0238,200,2016,0,frozen_backbone_fresh_head_kshot,kshot_fresh_head_frozen_model,,mol_key,580,580,200,0,ORIGINAL_WORKSPACE/RepoRT_PolyOmics_9exp_weight_only_notebooks/outputs/E7/seed_2016/best_model.pt,best_model.pt,70,36.73282071349764,strict,ORIGINAL_WORKSPACE/RepoRT_PolyOmics_9exp_weight_only_notebooks/outputs/evaluation_E1_E9_internal_heldout_OOD_kshot/_support_splits/seed_2016/0238/K200_repeat2016.csv,300,0.001,0.0001
46.37565568089485,14.443244934082031,88.12155967153387,16.407301504823646,96,0.9592492428258268,0.9674557113092762,96,E7,M2 joint multitask × R0 device encoder + single head,M2-R0,7,M2_joint,R0_device_single,single,True,True,2020,internal_heldout_repoRT_ood,0097,0097,0,-1,0,zero_shot_native_single,zero_shot,native_shared_single_head,mol_key,96,96,0,0,ORIGINAL_WORKSPACE/RepoRT_PolyOmics_9exp_weight_only_notebooks/outputs/E7/seed_2020/best_model.pt,best_model.pt,148,37.23889521955191,strict,,,,
103.70122825706397,33.195176124572754,176.06156287844473,31.940918179810048,91,0.8388758842740736,0.9296670870135901,91,E7,M2 joint multitask × R0 device encoder + single head,M2-R0,7,M2_joint,R0_device_single,single,True,True,2020,internal_heldout_repoRT_ood,0097,0097,5,2020,0,frozen_backbone_fresh_head_kshot,kshot_fresh_head_frozen_model,,mol_key,96,96,5,0,ORIGINAL_WORKSPACE/RepoRT_PolyOmics_9exp_weight_only_notebooks/outputs/E7/seed_2020/best_model.pt,best_model.pt,148,37.23889521955191,strict,ORIGINAL_WORKSPACE/RepoRT_PolyOmics_9exp_weight_only_notebooks/outputs/evaluation_E1_E9_internal_heldout_OOD_kshot/_support_splits/seed_2020/0097/K5_repeat2020.csv,300,0.001,0.0001
51.992177084872594,24.768426418304443,94.70505106697834,28.967057210787424,76,0.9490613377329685,0.9448978210195744,76,E7,M2 joint multitask × R0 device encoder + single head,M2-R0,7,M2_joint,R0_device_single,single,True,True,2020,internal_heldout_repoRT_ood,0097,0097,20,2020,0,frozen_backbone_fresh_head_kshot,kshot_fresh_head_frozen_model,,mol_key,96,96,20,0,ORIGINAL_WORKSPACE/RepoRT_PolyOmics_9exp_weight_only_notebooks/outputs/E7/seed_2020/best_model.pt,best_model.pt,148,37.23889521955191,strict,ORIGINAL_WORKSPACE/RepoRT_PolyOmics_9exp_weight_only_notebooks/outputs/evaluation_E1_E9_internal_heldout_OOD_kshot/_support_splits/seed_2020/0097/K20_repeat2020.csv,300,0.001,0.0001
15.129061559150959,8.006079196929932,26.632008487504972,8.95559688833065,580,0.9554178616688672,0.973382665275773,580,E7,M2 joint multitask × R0 device encoder + single head,M2-R0,7,M2_joint,R0_device_single,single,True,True,2020,internal_heldout_repoRT_ood,0238,0238,0,-1,0,zero_shot_native_single,zero_shot,native_shared_single_head,mol_key,580,580,0,0,ORIGINAL_WORKSPACE/RepoRT_PolyOmics_9exp_weight_only_notebooks/outputs/E7/seed_2020/best_model.pt,best_model.pt,148,37.23889521955191,strict,,,,
24.599720614889392,14.813432693481445,41.13167935702097,12.607756499507373,575,0.8940558696703362,0.926877867117485,575,E7,M2 joint multitask × R0 device encoder + single head,M2-R0,7,M2_joint,R0_device_single,single,True,True,2020,internal_heldout_repoRT_ood,0238,0238,5,2020,0,frozen_backbone_fresh_head_kshot,kshot_fresh_head_frozen_model,,mol_key,580,580,5,0,ORIGINAL_WORKSPACE/RepoRT_PolyOmics_9exp_weight_only_notebooks/outputs/E7/seed_2020/best_model.pt,best_model.pt,148,37.23889521955191,strict,ORIGINAL_WORKSPACE/RepoRT_PolyOmics_9exp_weight_only_notebooks/outputs/evaluation_E1_E9_internal_heldout_OOD_kshot/_support_splits/seed_2020/0238/K5_repeat2020.csv,300,0.001,0.0001
23.55585037810462,18.792550563812256,33.49860895539959,20.55205777711284,560,0.9293059648216728,0.9497493565117349,560,E7,M2 joint multitask × R0 device encoder + single head,M2-R0,7,M2_joint,R0_device_single,single,True,True,2020,internal_heldout_repoRT_ood,0238,0238,20,2020,0,frozen_backbone_fresh_head_kshot,kshot_fresh_head_frozen_model,,mol_key,580,580,20,0,ORIGINAL_WORKSPACE/RepoRT_PolyOmics_9exp_weight_only_notebooks/outputs/E7/seed_2020/best_model.pt,best_model.pt,148,37.23889521955191,strict,ORIGINAL_WORKSPACE/RepoRT_PolyOmics_9exp_weight_only_notebooks/outputs/evaluation_E1_E9_internal_heldout_OOD_kshot/_support_splits/seed_2020/0238/K20_repeat2020.csv,300,0.001,0.0001
21.596811294555664,12.792441844940186,33.918013538826365,12.720403465023624,480,0.9269299315219617,0.9569320650210669,480,E7,M2 joint multitask × R0 device encoder + single head,M2-R0,7,M2_joint,R0_device_single,single,True,True,2020,internal_heldout_repoRT_ood,0238,0238,100,2020,0,frozen_backbone_fresh_head_kshot,kshot_fresh_head_frozen_model,,mol_key,580,580,100,0,ORIGINAL_WORKSPACE/RepoRT_PolyOmics_9exp_weight_only_notebooks/outputs/E7/seed_2020/best_model.pt,best_model.pt,148,37.23889521955191,strict,ORIGINAL_WORKSPACE/RepoRT_PolyOmics_9exp_weight_only_notebooks/outputs/evaluation_E1_E9_internal_heldout_OOD_kshot/_support_splits/seed_2020/0238/K100_repeat2020.csv,300,0.001,0.0001
19.09287873067354,10.226705074310303,30.896966245919426,11.93901432114333,380,0.9396711814563046,0.9658254272526705,380,E7,M2 joint multitask × R0 device encoder + single head,M2-R0,7,M2_joint,R0_device_single,single,True,True,2020,internal_heldout_repoRT_ood,0238,0238,200,2020,0,frozen_backbone_fresh_head_kshot,kshot_fresh_head_frozen_model,,mol_key,580,580,200,0,ORIGINAL_WORKSPACE/RepoRT_PolyOmics_9exp_weight_only_notebooks/outputs/E7/seed_2020/best_model.pt,best_model.pt,148,37.23889521955191,strict,ORIGINAL_WORKSPACE/RepoRT_PolyOmics_9exp_weight_only_notebooks/outputs/evaluation_E1_E9_internal_heldout_OOD_kshot/_support_splits/seed_2020/0238/K200_repeat2020.csv,300,0.001,0.0001
49.917272329330444,22.184371948242188,95.4224840486731,25.73237715174977,96,0.9522170730934588,0.9490457689840774,96,E7,M2 joint multitask × R0 device encoder + single head,M2-R0,7,M2_joint,R0_device_single,single,True,True,2022,internal_heldout_repoRT_ood,0097,0097,0,-1,0,zero_shot_native_single,zero_shot,native_shared_single_head,mol_key,96,96,0,0,ORIGINAL_WORKSPACE/RepoRT_PolyOmics_9exp_weight_only_notebooks/outputs/E7/seed_2022/best_model.pt,best_model.pt,91,37.95344080115861,strict,,,,
270.0462540951404,214.0636682510376,403.162649890628,47.788043144265096,91,0.1569384316679523,0.855235830171442,91,E7,M2 joint multitask × R0 device encoder + single head,M2-R0,7,M2_joint,R0_device_single,single,True,True,2022,internal_heldout_repoRT_ood,0097,0097,5,2022,0,frozen_backbone_fresh_head_kshot,kshot_fresh_head_frozen_model,,mol_key,96,96,5,0,ORIGINAL_WORKSPACE/RepoRT_PolyOmics_9exp_weight_only_notebooks/outputs/E7/seed_2022/best_model.pt,best_model.pt,91,37.95344080115861,strict,ORIGINAL_WORKSPACE/RepoRT_PolyOmics_9exp_weight_only_notebooks/outputs/evaluation_E1_E9_internal_heldout_OOD_kshot/_support_splits/seed_2022/0097/K5_repeat2022.csv,300,0.001,0.0001
90.6790628558711,42.17918872833252,138.4721275856501,46.05262113440837,76,0.8974579461904213,0.8858695980920221,76,E7,M2 joint multitask × R0 device encoder + single head,M2-R0,7,M2_joint,R0_device_single,single,True,True,2022,internal_heldout_repoRT_ood,0097,0097,20,2022,0,frozen_backbone_fresh_head_kshot,kshot_fresh_head_frozen_model,,mol_key,96,96,20,0,ORIGINAL_WORKSPACE/RepoRT_PolyOmics_9exp_weight_only_notebooks/outputs/E7/seed_2022/best_model.pt,best_model.pt,91,37.95344080115861,strict,ORIGINAL_WORKSPACE/RepoRT_PolyOmics_9exp_weight_only_notebooks/outputs/evaluation_E1_E9_internal_heldout_OOD_kshot/_support_splits/seed_2022/0097/K20_repeat2022.csv,300,0.001,0.0001
15.14637693865546,8.749194145202637,26.65969729793776,9.75255404736006,580,0.9553251116098418,0.9726816533367296,580,E7,M2 joint multitask × R0 device encoder + single head,M2-R0,7,M2_joint,R0_device_single,single,True,True,2022,internal_heldout_repoRT_ood,0238,0238,0,-1,0,zero_shot_native_single,zero_shot,native_shared_single_head,mol_key,580,580,0,0,ORIGINAL_WORKSPACE/RepoRT_PolyOmics_9exp_weight_only_notebooks/outputs/E7/seed_2022/best_model.pt,best_model.pt,91,37.95344080115861,strict,,,,
35.43414805039116,31.249408721923828,43.54964655787195,38.28873704518371,575,0.8806817699944475,0.9506684386642209,575,E7,M2 joint multitask × R0 device encoder + single head,M2-R0,7,M2_joint,R0_device_single,single,True,True,2022,internal_heldout_repoRT_ood,0238,0238,5,2022,0,frozen_backbone_fresh_head_kshot,kshot_fresh_head_frozen_model,,mol_key,580,580,5,0,ORIGINAL_WORKSPACE/RepoRT_PolyOmics_9exp_weight_only_notebooks/outputs/E7/seed_2022/best_model.pt,best_model.pt,91,37.95344080115861,strict,ORIGINAL_WORKSPACE/RepoRT_PolyOmics_9exp_weight_only_notebooks/outputs/evaluation_E1_E9_internal_heldout_OOD_kshot/_support_splits/seed_2022/0238/K5_repeat2022.csv,300,0.001,0.0001
20.12518141099385,13.948781490325928,30.360696489872616,10.996518324094794,560,0.9420700116968284,0.9613284715664919,560,E7,M2 joint multitask × R0 device encoder + single head,M2-R0,7,M2_joint,R0_device_single,single,True,True,2022,internal_heldout_repoRT_ood,0238,0238,20,2022,0,frozen_backbone_fresh_head_kshot,kshot_fresh_head_frozen_model,,mol_key,580,580,20,0,ORIGINAL_WORKSPACE/RepoRT_PolyOmics_9exp_weight_only_notebooks/outputs/E7/seed_2022/best_model.pt,best_model.pt,91,37.95344080115861,strict,ORIGINAL_WORKSPACE/RepoRT_PolyOmics_9exp_weight_only_notebooks/outputs/evaluation_E1_E9_internal_heldout_OOD_kshot/_support_splits/seed_2022/0238/K20_repeat2022.csv,300,0.001,0.0001
21.63124468922615,14.002768993377686,34.29187714065875,13.88997706059899,480,0.9252253347920487,0.9535357151445092,480,E7,M2 joint multitask × R0 device encoder + single head,M2-R0,7,M2_joint,R0_device_single,single,True,True,2022,internal_heldout_repoRT_ood,0238,0238,100,2022,0,frozen_backbone_fresh_head_kshot,kshot_fresh_head_frozen_model,,mol_key,580,580,100,0,ORIGINAL_WORKSPACE/RepoRT_PolyOmics_9exp_weight_only_notebooks/outputs/E7/seed_2022/best_model.pt,best_model.pt,91,37.95344080115861,strict,ORIGINAL_WORKSPACE/RepoRT_PolyOmics_9exp_weight_only_notebooks/outputs/evaluation_E1_E9_internal_heldout_OOD_kshot/_support_splits/seed_2022/0238/K100_repeat2022.csv,300,0.001,0.0001
16.58935765216225,9.498753547668457,28.689917137157703,10.844869715142817,380,0.9504612032150586,0.9692700730894205,380,E7,M2 joint multitask × R0 device encoder + single head,M2-R0,7,M2_joint,R0_device_single,single,True,True,2022,internal_heldout_repoRT_ood,0238,0238,200,2022,0,frozen_backbone_fresh_head_kshot,kshot_fresh_head_frozen_model,,mol_key,580,580,200,0,ORIGINAL_WORKSPACE/RepoRT_PolyOmics_9exp_weight_only_notebooks/outputs/E7/seed_2022/best_model.pt,best_model.pt,91,37.95344080115861,strict,ORIGINAL_WORKSPACE/RepoRT_PolyOmics_9exp_weight_only_notebooks/outputs/evaluation_E1_E9_internal_heldout_OOD_kshot/_support_splits/seed_2022/0238/K200_repeat2022.csv,300,0.001,0.0001
52.08984360098839,16.211507320404053,94.07528137815945,18.671777238838935,96,0.953556775523926,0.9546210410788721,96,E7,M2 joint multitask × R0 device encoder + single head,M2-R0,7,M2_joint,R0_device_single,single,True,True,2027,internal_heldout_repoRT_ood,0097,0097,0,-1,0,zero_shot_native_single,zero_shot,native_shared_single_head,mol_key,96,96,0,0,ORIGINAL_WORKSPACE/RepoRT_PolyOmics_9exp_weight_only_notebooks/outputs/E7/seed_2027/best_model.pt,best_model.pt,75,37.88112094051968,strict,,,,
110.39787109081561,55.054264068603516,179.32674572761448,33.978606945357576,91,0.8321438341222388,0.9262440607913445,91,E7,M2 joint multitask × R0 device encoder + single head,M2-R0,7,M2_joint,R0_device_single,single,True,True,2027,internal_heldout_repoRT_ood,0097,0097,5,2027,0,frozen_backbone_fresh_head_kshot,kshot_fresh_head_frozen_model,,mol_key,96,96,5,0,ORIGINAL_WORKSPACE/RepoRT_PolyOmics_9exp_weight_only_notebooks/outputs/E7/seed_2027/best_model.pt,best_model.pt,75,37.88112094051968,strict,ORIGINAL_WORKSPACE/RepoRT_PolyOmics_9exp_weight_only_notebooks/outputs/evaluation_E1_E9_internal_heldout_OOD_kshot/_support_splits/seed_2027/0097/K5_repeat2027.csv,300,0.001,0.0001
52.626099586486816,22.040956020355225,96.79386711606637,37.22296280792835,76,0.9523220502180376,0.9625722093060648,76,E7,M2 joint multitask × R0 device encoder + single head,M2-R0,7,M2_joint,R0_device_single,single,True,True,2027,internal_heldout_repoRT_ood,0097,0097,20,2027,0,frozen_backbone_fresh_head_kshot,kshot_fresh_head_frozen_model,,mol_key,96,96,20,0,ORIGINAL_WORKSPACE/RepoRT_PolyOmics_9exp_weight_only_notebooks/outputs/E7/seed_2027/best_model.pt,best_model.pt,75,37.88112094051968,strict,ORIGINAL_WORKSPACE/RepoRT_PolyOmics_9exp_weight_only_notebooks/outputs/evaluation_E1_E9_internal_heldout_OOD_kshot/_support_splits/seed_2027/0097/K20_repeat2027.csv,300,0.001,0.0001
15.109163761138916,7.970895767211914,26.691647261244654,8.633998250915884,580,0.955217967310512,0.9734365240782837,580,E7,M2 joint multitask × R0 device encoder + single head,M2-R0,7,M2_joint,R0_device_single,single,True,True,2027,internal_heldout_repoRT_ood,0238,0238,0,-1,0,zero_shot_native_single,zero_shot,native_shared_single_head,mol_key,580,580,0,0,ORIGINAL_WORKSPACE/RepoRT_PolyOmics_9exp_weight_only_notebooks/outputs/E7/seed_2027/best_model.pt,best_model.pt,75,37.88112094051968,strict,,,,
55.95495581419571,36.62152290344238,73.43810453134255,81.73021423689785,575,0.6622546881236525,0.8794243363181482,575,E7,M2 joint multitask × R0 device encoder + single head,M2-R0,7,M2_joint,R0_device_single,single,True,True,2027,internal_heldout_repoRT_ood,0238,0238,5,2027,0,frozen_backbone_fresh_head_kshot,kshot_fresh_head_frozen_model,,mol_key,580,580,5,0,ORIGINAL_WORKSPACE/RepoRT_PolyOmics_9exp_weight_only_notebooks/outputs/E7/seed_2027/best_model.pt,best_model.pt,75,37.88112094051968,strict,ORIGINAL_WORKSPACE/RepoRT_PolyOmics_9exp_weight_only_notebooks/outputs/evaluation_E1_E9_internal_heldout_OOD_kshot/_support_splits/seed_2027/0238/K5_repeat2027.csv,300,0.001,0.0001
31.22697983469282,19.48099136352539,47.2675134823386,16.73945009218353,560,0.8589231612908487,0.9093453951966517,560,E7,M2 joint multitask × R0 device encoder + single head,M2-R0,7,M2_joint,R0_device_single,single,True,True,2027,internal_heldout_repoRT_ood,0238,0238,20,2027,0,frozen_backbone_fresh_head_kshot,kshot_fresh_head_frozen_model,,mol_key,580,580,20,0,ORIGINAL_WORKSPACE/RepoRT_PolyOmics_9exp_weight_only_notebooks/outputs/E7/seed_2027/best_model.pt,best_model.pt,75,37.88112094051968,strict,ORIGINAL_WORKSPACE/RepoRT_PolyOmics_9exp_weight_only_notebooks/outputs/evaluation_E1_E9_internal_heldout_OOD_kshot/_support_splits/seed_2027/0238/K20_repeat2027.csv,300,0.001,0.0001
22.771574556827545,14.349560737609863,33.870077408448175,14.238520600657845,480,0.9251933523347546,0.9527956796936746,480,E7,M2 joint multitask × R0 device encoder + single head,M2-R0,7,M2_joint,R0_device_single,single,True,True,2027,internal_heldout_repoRT_ood,0238,0238,100,2027,0,frozen_backbone_fresh_head_kshot,kshot_fresh_head_frozen_model,,mol_key,580,580,100,0,ORIGINAL_WORKSPACE/RepoRT_PolyOmics_9exp_weight_only_notebooks/outputs/E7/seed_2027/best_model.pt,best_model.pt,75,37.88112094051968,strict,ORIGINAL_WORKSPACE/RepoRT_PolyOmics_9exp_weight_only_notebooks/outputs/evaluation_E1_E9_internal_heldout_OOD_kshot/_support_splits/seed_2027/0238/K100_repeat2027.csv,300,0.001,0.0001
18.864075459932025,12.727653980255127,28.12539938603757,11.891692809357583,380,0.9490627133795373,0.9672955156964161,380,E7,M2 joint multitask × R0 device encoder + single head,M2-R0,7,M2_joint,R0_device_single,single,True,True,2027,internal_heldout_repoRT_ood,0238,0238,200,2027,0,frozen_backbone_fresh_head_kshot,kshot_fresh_head_frozen_model,,mol_key,580,580,200,0,ORIGINAL_WORKSPACE/RepoRT_PolyOmics_9exp_weight_only_notebooks/outputs/E7/seed_2027/best_model.pt,best_model.pt,75,37.88112094051968,strict,ORIGINAL_WORKSPACE/RepoRT_PolyOmics_9exp_weight_only_notebooks/outputs/evaluation_E1_E9_internal_heldout_OOD_kshot/_support_splits/seed_2027/0238/K200_repeat2027.csv,300,0.001,0.0001
58.53315234184265,28.485238552093506,112.28677509529346,19.840908749585473,96,0.9338349670976525,0.9460510125969832,96,E7,M2 joint multitask × R0 device encoder + single head,M2-R0,7,M2_joint,R0_device_single,single,True,True,2032,internal_heldout_repoRT_ood,0097,0097,0,-1,0,zero_shot_native_single,zero_shot,native_shared_single_head,mol_key,96,96,0,0,ORIGINAL_WORKSPACE/RepoRT_PolyOmics_9exp_weight_only_notebooks/outputs/E7/seed_2032/best_model.pt,best_model.pt,84,35.69081616048967,strict,,,,
82.4061504301134,53.46221923828125,122.10875787555726,98.79911022275328,91,0.920926226814911,0.9342217775792786,91,E7,M2 joint multitask × R0 device encoder + single head,M2-R0,7,M2_joint,R0_device_single,single,True,True,2032,internal_heldout_repoRT_ood,0097,0097,5,2032,0,frozen_backbone_fresh_head_kshot,kshot_fresh_head_frozen_model,,mol_key,96,96,5,0,ORIGINAL_WORKSPACE/RepoRT_PolyOmics_9exp_weight_only_notebooks/outputs/E7/seed_2032/best_model.pt,best_model.pt,84,35.69081616048967,strict,ORIGINAL_WORKSPACE/RepoRT_PolyOmics_9exp_weight_only_notebooks/outputs/evaluation_E1_E9_internal_heldout_OOD_kshot/_support_splits/seed_2032/0097/K5_repeat2032.csv,300,0.001,0.0001
64.47081214503238,43.57270002365112,93.09372259831856,62.32267642323084,76,0.9510430012213316,0.9542398777985552,76,E7,M2 joint multitask × R0 device encoder + single head,M2-R0,7,M2_joint,R0_device_single,single,True,True,2032,internal_heldout_repoRT_ood,0097,0097,20,2032,0,frozen_backbone_fresh_head_kshot,kshot_fresh_head_frozen_model,,mol_key,96,96,20,0,ORIGINAL_WORKSPACE/RepoRT_PolyOmics_9exp_weight_only_notebooks/outputs/E7/seed_2032/best_model.pt,best_model.pt,84,35.69081616048967,strict,ORIGINAL_WORKSPACE/RepoRT_PolyOmics_9exp_weight_only_notebooks/outputs/evaluation_E1_E9_internal_heldout_OOD_kshot/_support_splits/seed_2032/0097/K20_repeat2032.csv,300,0.001,0.0001
15.949652762248599,9.330689907073975,25.9333637843228,8.952725699489038,580,0.9577262518475035,0.9747722209657148,580,E7,M2 joint multitask × R0 device encoder + single head,M2-R0,7,M2_joint,R0_device_single,single,True,True,2032,internal_heldout_repoRT_ood,0238,0238,0,-1,0,zero_shot_native_single,zero_shot,native_shared_single_head,mol_key,580,580,0,0,ORIGINAL_WORKSPACE/RepoRT_PolyOmics_9exp_weight_only_notebooks/outputs/E7/seed_2032/best_model.pt,best_model.pt,84,35.69081616048967,strict,,,,
23.932301728621773,16.617794036865234,34.42818374746497,14.419243134893502,575,0.9256743485697613,0.9555216665957391,575,E7,M2 joint multitask × R0 device encoder + single head,M2-R0,7,M2_joint,R0_device_single,single,True,True,2032,internal_heldout_repoRT_ood,0238,0238,5,2032,0,frozen_backbone_fresh_head_kshot,kshot_fresh_head_frozen_model,,mol_key,580,580,5,0,ORIGINAL_WORKSPACE/RepoRT_PolyOmics_9exp_weight_only_notebooks/outputs/E7/seed_2032/best_model.pt,best_model.pt,84,35.69081616048967,strict,ORIGINAL_WORKSPACE/RepoRT_PolyOmics_9exp_weight_only_notebooks/outputs/evaluation_E1_E9_internal_heldout_OOD_kshot/_support_splits/seed_2032/0238/K5_repeat2032.csv,300,0.001,0.0001
24.468462262834823,17.28933334350586,34.148494855346044,15.191828898723534,560,0.9270029871484108,0.9441111415665671,560,E7,M2 joint multitask × R0 device encoder + single head,M2-R0,7,M2_joint,R0_device_single,single,True,True,2032,internal_heldout_repoRT_ood,0238,0238,20,2032,0,frozen_backbone_fresh_head_kshot,kshot_fresh_head_frozen_model,,mol_key,580,580,20,0,ORIGINAL_WORKSPACE/RepoRT_PolyOmics_9exp_weight_only_notebooks/outputs/E7/seed_2032/best_model.pt,best_model.pt,84,35.69081616048967,strict,ORIGINAL_WORKSPACE/RepoRT_PolyOmics_9exp_weight_only_notebooks/outputs/evaluation_E1_E9_internal_heldout_OOD_kshot/_support_splits/seed_2032/0238/K20_repeat2032.csv,300,0.001,0.0001
18.41939014196396,11.424107551574707,28.06484126772404,10.618521625639836,480,0.9484842695198,0.9682716324310436,480,E7,M2 joint multitask × R0 device encoder + single head,M2-R0,7,M2_joint,R0_device_single,single,True,True,2032,internal_heldout_repoRT_ood,0238,0238,100,2032,0,frozen_backbone_fresh_head_kshot,kshot_fresh_head_frozen_model,,mol_key,580,580,100,0,ORIGINAL_WORKSPACE/RepoRT_PolyOmics_9exp_weight_only_notebooks/outputs/E7/seed_2032/best_model.pt,best_model.pt,84,35.69081616048967,strict,ORIGINAL_WORKSPACE/RepoRT_PolyOmics_9exp_weight_only_notebooks/outputs/evaluation_E1_E9_internal_heldout_OOD_kshot/_support_splits/seed_2032/0238/K100_repeat2032.csv,300,0.001,0.0001
17.864305031927007,10.895490646362305,27.80117708223968,11.84816144994818,380,0.9522457500423537,0.9670229335639576,380,E7,M2 joint multitask × R0 device encoder + single head,M2-R0,7,M2_joint,R0_device_single,single,True,True,2032,internal_heldout_repoRT_ood,0238,0238,200,2032,0,frozen_backbone_fresh_head_kshot,kshot_fresh_head_frozen_model,,mol_key,580,580,200,0,ORIGINAL_WORKSPACE/RepoRT_PolyOmics_9exp_weight_only_notebooks/outputs/E7/seed_2032/best_model.pt,best_model.pt,84,35.69081616048967,strict,ORIGINAL_WORKSPACE/RepoRT_PolyOmics_9exp_weight_only_notebooks/outputs/evaluation_E1_E9_internal_heldout_OOD_kshot/_support_splits/seed_2032/0238/K200_repeat2032.csv,300,0.001,0.0001
63.54016602039337,30.772855281829834,107.50763908554842,35.457170357817766,96,0.9393473239170868,0.9662944792408112,96,E7,M2 joint multitask × R0 device encoder + single head,M2-R0,7,M2_joint,R0_device_single,single,True,True,2034,internal_heldout_repoRT_ood,0097,0097,0,-1,0,zero_shot_native_single,zero_shot,native_shared_single_head,mol_key,96,96,0,0,ORIGINAL_WORKSPACE/RepoRT_PolyOmics_9exp_weight_only_notebooks/outputs/E7/seed_2034/best_model.pt,best_model.pt,39,41.29404465005502,strict,,,,
63.02971027709626,24.765472412109375,106.7346246677869,26.111583621612706,91,0.9378618995811194,0.9189718958908772,91,E7,M2 joint multitask × R0 device encoder + single head,M2-R0,7,M2_joint,R0_device_single,single,True,True,2034,internal_heldout_repoRT_ood,0097,0097,5,2034,0,frozen_backbone_fresh_head_kshot,kshot_fresh_head_frozen_model,,mol_key,96,96,5,0,ORIGINAL_WORKSPACE/RepoRT_PolyOmics_9exp_weight_only_notebooks/outputs/E7/seed_2034/best_model.pt,best_model.pt,39,41.29404465005502,strict,ORIGINAL_WORKSPACE/RepoRT_PolyOmics_9exp_weight_only_notebooks/outputs/evaluation_E1_E9_internal_heldout_OOD_kshot/_support_splits/seed_2034/0097/K5_repeat2034.csv,300,0.001,0.0001
54.82857716710944,33.38777303695679,95.72689896742476,50.95631903510224,76,0.9509687207631179,0.9052795956339923,76,E7,M2 joint multitask × R0 device encoder + single head,M2-R0,7,M2_joint,R0_device_single,single,True,True,2034,internal_heldout_repoRT_ood,0097,0097,20,2034,0,frozen_backbone_fresh_head_kshot,kshot_fresh_head_frozen_model,,mol_key,96,96,20,0,ORIGINAL_WORKSPACE/RepoRT_PolyOmics_9exp_weight_only_notebooks/outputs/E7/seed_2034/best_model.pt,best_model.pt,39,41.29404465005502,strict,ORIGINAL_WORKSPACE/RepoRT_PolyOmics_9exp_weight_only_notebooks/outputs/evaluation_E1_E9_internal_heldout_OOD_kshot/_support_splits/seed_2034/0097/K20_repeat2034.csv,300,0.001,0.0001
18.16557378604494,10.767552852630615,29.374526129962625,10.53852893553219,580,0.9457631092405324,0.9684544264970887,580,E7,M2 joint multitask × R0 device encoder + single head,M2-R0,7,M2_joint,R0_device_single,single,True,True,2034,internal_heldout_repoRT_ood,0238,0238,0,-1,0,zero_shot_native_single,zero_shot,native_shared_single_head,mol_key,580,580,0,0,ORIGINAL_WORKSPACE/RepoRT_PolyOmics_9exp_weight_only_notebooks/outputs/E7/seed_2034/best_model.pt,best_model.pt,39,41.29404465005502,strict,,,,
30.219937780629035,23.86676788330078,40.30347860182263,24.774002972551333,575,0.8975335334441713,0.9404172148447295,575,E7,M2 joint multitask × R0 device encoder + single head,M2-R0,7,M2_joint,R0_device_single,single,True,True,2034,internal_heldout_repoRT_ood,0238,0238,5,2034,0,frozen_backbone_fresh_head_kshot,kshot_fresh_head_frozen_model,,mol_key,580,580,5,0,ORIGINAL_WORKSPACE/RepoRT_PolyOmics_9exp_weight_only_notebooks/outputs/E7/seed_2034/best_model.pt,best_model.pt,39,41.29404465005502,strict,ORIGINAL_WORKSPACE/RepoRT_PolyOmics_9exp_weight_only_notebooks/outputs/evaluation_E1_E9_internal_heldout_OOD_kshot/_support_splits/seed_2034/0238/K5_repeat2034.csv,300,0.001,0.0001
23.17797382388796,16.788525581359863,32.8917862681522,17.92223506894842,560,0.9322239623446551,0.9578486598262472,560,E7,M2 joint multitask × R0 device encoder + single head,M2-R0,7,M2_joint,R0_device_single,single,True,True,2034,internal_heldout_repoRT_ood,0238,0238,20,2034,0,frozen_backbone_fresh_head_kshot,kshot_fresh_head_frozen_model,,mol_key,580,580,20,0,ORIGINAL_WORKSPACE/RepoRT_PolyOmics_9exp_weight_only_notebooks/outputs/E7/seed_2034/best_model.pt,best_model.pt,39,41.29404465005502,strict,ORIGINAL_WORKSPACE/RepoRT_PolyOmics_9exp_weight_only_notebooks/outputs/evaluation_E1_E9_internal_heldout_OOD_kshot/_support_splits/seed_2034/0238/K20_repeat2034.csv,300,0.001,0.0001
29.4979789853096,18.953561782836914,42.198040195112604,26.186855940137505,480,0.8890420367766646,0.9377053248790251,480,E7,M2 joint multitask × R0 device encoder + single head,M2-R0,7,M2_joint,R0_device_single,single,True,True,2034,internal_heldout_repoRT_ood,0238,0238,100,2034,0,frozen_backbone_fresh_head_kshot,kshot_fresh_head_frozen_model,,mol_key,580,580,100,0,ORIGINAL_WORKSPACE/RepoRT_PolyOmics_9exp_weight_only_notebooks/outputs/E7/seed_2034/best_model.pt,best_model.pt,39,41.29404465005502,strict,ORIGINAL_WORKSPACE/RepoRT_PolyOmics_9exp_weight_only_notebooks/outputs/evaluation_E1_E9_internal_heldout_OOD_kshot/_support_splits/seed_2034/0238/K100_repeat2034.csv,300,0.001,0.0001
20.86227536201477,13.494415283203125,30.95306814012806,13.96771634289772,380,0.9395117245230853,0.9618104162166373,380,E7,M2 joint multitask × R0 device encoder + single head,M2-R0,7,M2_joint,R0_device_single,single,True,True,2034,internal_heldout_repoRT_ood,0238,0238,200,2034,0,frozen_backbone_fresh_head_kshot,kshot_fresh_head_frozen_model,,mol_key,580,580,200,0,ORIGINAL_WORKSPACE/RepoRT_PolyOmics_9exp_weight_only_notebooks/outputs/E7/seed_2034/best_model.pt,best_model.pt,39,41.29404465005502,strict,ORIGINAL_WORKSPACE/RepoRT_PolyOmics_9exp_weight_only_notebooks/outputs/evaluation_E1_E9_internal_heldout_OOD_kshot/_support_splits/seed_2034/0238/K200_repeat2034.csv,300,0.001,0.0001
149.2664796113968,67.19691753387451,215.7510218767623,43.67729895340939,96,0.7557261194307084,0.9581251097766968,96,E8,M2 joint multitask × R1 device encoder + multitask heads,M2-R1,8,M2_joint,R1_device_multi,multi,True,True,2004,internal_heldout_repoRT_ood,0097,0097,0,-1,0,zero_shot_seen_head_mean_ensemble,zero_shot,seen_head_mean_ensemble,mol_key,96,96,0,0,ORIGINAL_WORKSPACE/RepoRT_PolyOmics_9exp_weight_only_notebooks/outputs/E8/seed_2004/best_model.pt,best_model.pt,51,32.97533257113322,strict,,,,
98.73925381964379,46.713666915893555,170.61166828395957,43.933684088258815,91,0.8500190801828833,0.9595519868812475,91,E8,M2 joint multitask × R1 device encoder + multitask heads,M2-R1,8,M2_joint,R1_device_multi,multi,True,True,2004,internal_heldout_repoRT_ood,0097,0097,5,2004,0,frozen_backbone_fresh_head_kshot,kshot_fresh_head_frozen_model,,mol_key,96,96,5,0,ORIGINAL_WORKSPACE/RepoRT_PolyOmics_9exp_weight_only_notebooks/outputs/E8/seed_2004/best_model.pt,best_model.pt,51,32.97533257113322,strict,ORIGINAL_WORKSPACE/RepoRT_PolyOmics_9exp_weight_only_notebooks/outputs/evaluation_E1_E9_internal_heldout_OOD_kshot/_support_splits/seed_2004/0097/K5_repeat2004.csv,300,0.001,0.0001
45.540341452548375,12.365798950195312,90.31852195775451,21.291372290512825,76,0.9583858447238166,0.9270679891491482,76,E8,M2 joint multitask × R1 device encoder + multitask heads,M2-R1,8,M2_joint,R1_device_multi,multi,True,True,2004,internal_heldout_repoRT_ood,0097,0097,20,2004,0,frozen_backbone_fresh_head_kshot,kshot_fresh_head_frozen_model,,mol_key,96,96,20,0,ORIGINAL_WORKSPACE/RepoRT_PolyOmics_9exp_weight_only_notebooks/outputs/E8/seed_2004/best_model.pt,best_model.pt,51,32.97533257113322,strict,ORIGINAL_WORKSPACE/RepoRT_PolyOmics_9exp_weight_only_notebooks/outputs/evaluation_E1_E9_internal_heldout_OOD_kshot/_support_splits/seed_2004/0097/K20_repeat2004.csv,300,0.001,0.0001
256.15577212695416,275.76210021972656,302.80243623118065,111.63814148996553,580,-4.763307267216729,0.9635414178128306,580,E8,M2 joint multitask × R1 device encoder + multitask heads,M2-R1,8,M2_joint,R1_device_multi,multi,True,True,2004,internal_heldout_repoRT_ood,0238,0238,0,-1,0,zero_shot_seen_head_mean_ensemble,zero_shot,seen_head_mean_ensemble,mol_key,580,580,0,0,ORIGINAL_WORKSPACE/RepoRT_PolyOmics_9exp_weight_only_notebooks/outputs/E8/seed_2004/best_model.pt,best_model.pt,51,32.97533257113322,strict,,,,
39.155060602271035,26.32606029510498,55.91862410238341,19.82623175296035,575,0.8011656959027189,0.8622726819550095,575,E8,M2 joint multitask × R1 device encoder + multitask heads,M2-R1,8,M2_joint,R1_device_multi,multi,True,True,2004,internal_heldout_repoRT_ood,0238,0238,5,2004,0,frozen_backbone_fresh_head_kshot,kshot_fresh_head_frozen_model,,mol_key,580,580,5,0,ORIGINAL_WORKSPACE/RepoRT_PolyOmics_9exp_weight_only_notebooks/outputs/E8/seed_2004/best_model.pt,best_model.pt,51,32.97533257113322,strict,ORIGINAL_WORKSPACE/RepoRT_PolyOmics_9exp_weight_only_notebooks/outputs/evaluation_E1_E9_internal_heldout_OOD_kshot/_support_splits/seed_2004/0238/K5_repeat2004.csv,300,0.001,0.0001
42.54645908730371,27.23137378692627,60.85222545156222,20.822675317399337,560,0.7672832489236086,0.9384450700189156,560,E8,M2 joint multitask × R1 device encoder + multitask heads,M2-R1,8,M2_joint,R1_device_multi,multi,True,True,2004,internal_heldout_repoRT_ood,0238,0238,20,2004,0,frozen_backbone_fresh_head_kshot,kshot_fresh_head_frozen_model,,mol_key,580,580,20,0,ORIGINAL_WORKSPACE/RepoRT_PolyOmics_9exp_weight_only_notebooks/outputs/E8/seed_2004/best_model.pt,best_model.pt,51,32.97533257113322,strict,ORIGINAL_WORKSPACE/RepoRT_PolyOmics_9exp_weight_only_notebooks/outputs/evaluation_E1_E9_internal_heldout_OOD_kshot/_support_splits/seed_2004/0238/K20_repeat2004.csv,300,0.001,0.0001
17.749615162611008,11.512813568115234,28.880061764742972,10.901508075915416,480,0.9474308925100832,0.9707385587520969,480,E8,M2 joint multitask × R1 device encoder + multitask heads,M2-R1,8,M2_joint,R1_device_multi,multi,True,True,2004,internal_heldout_repoRT_ood,0238,0238,100,2004,0,frozen_backbone_fresh_head_kshot,kshot_fresh_head_frozen_model,,mol_key,580,580,100,0,ORIGINAL_WORKSPACE/RepoRT_PolyOmics_9exp_weight_only_notebooks/outputs/E8/seed_2004/best_model.pt,best_model.pt,51,32.97533257113322,strict,ORIGINAL_WORKSPACE/RepoRT_PolyOmics_9exp_weight_only_notebooks/outputs/evaluation_E1_E9_internal_heldout_OOD_kshot/_support_splits/seed_2004/0238/K100_repeat2004.csv,300,0.001,0.0001
18.085964554234554,10.052261352539062,29.456221479412477,10.746312343143968,380,0.9475906258941849,0.9696757861454074,380,E8,M2 joint multitask × R1 device encoder + multitask heads,M2-R1,8,M2_joint,R1_device_multi,multi,True,True,2004,internal_heldout_repoRT_ood,0238,0238,200,2004,0,frozen_backbone_fresh_head_kshot,kshot_fresh_head_frozen_model,,mol_key,580,580,200,0,ORIGINAL_WORKSPACE/RepoRT_PolyOmics_9exp_weight_only_notebooks/outputs/E8/seed_2004/best_model.pt,best_model.pt,51,32.97533257113322,strict,ORIGINAL_WORKSPACE/RepoRT_PolyOmics_9exp_weight_only_notebooks/outputs/evaluation_E1_E9_internal_heldout_OOD_kshot/_support_splits/seed_2004/0238/K200_repeat2004.csv,300,0.001,0.0001
155.74500262737274,90.36452293395996,210.86385199592854,67.59130560800524,96,0.7666673121708723,0.945304021207912,96,E8,M2 joint multitask × R1 device encoder + multitask heads,M2-R1,8,M2_joint,R1_device_multi,multi,True,True,2006,internal_heldout_repoRT_ood,0097,0097,0,-1,0,zero_shot_seen_head_mean_ensemble,zero_shot,seen_head_mean_ensemble,mol_key,96,96,0,0,ORIGINAL_WORKSPACE/RepoRT_PolyOmics_9exp_weight_only_notebooks/outputs/E8/seed_2006/best_model.pt,best_model.pt,87,31.12233379690687,strict,,,,
67.02766994853596,48.595919609069824,94.30153488567092,80.15029433967099,91,0.9524918958356454,0.9385458636486362,91,E8,M2 joint multitask × R1 device encoder + multitask heads,M2-R1,8,M2_joint,R1_device_multi,multi,True,True,2006,internal_heldout_repoRT_ood,0097,0097,5,2006,0,frozen_backbone_fresh_head_kshot,kshot_fresh_head_frozen_model,,mol_key,96,96,5,0,ORIGINAL_WORKSPACE/RepoRT_PolyOmics_9exp_weight_only_notebooks/outputs/E8/seed_2006/best_model.pt,best_model.pt,87,31.12233379690687,strict,ORIGINAL_WORKSPACE/RepoRT_PolyOmics_9exp_weight_only_notebooks/outputs/evaluation_E1_E9_internal_heldout_OOD_kshot/_support_splits/seed_2006/0097/K5_repeat2006.csv,300,0.001,0.0001
50.50238276782789,25.38654327392578,90.37354690931693,40.0162174825996,76,0.9579996289539605,0.9223962999210623,76,E8,M2 joint multitask × R1 device encoder + multitask heads,M2-R1,8,M2_joint,R1_device_multi,multi,True,True,2006,internal_heldout_repoRT_ood,0097,0097,20,2006,0,frozen_backbone_fresh_head_kshot,kshot_fresh_head_frozen_model,,mol_key,96,96,20,0,ORIGINAL_WORKSPACE/RepoRT_PolyOmics_9exp_weight_only_notebooks/outputs/E8/seed_2006/best_model.pt,best_model.pt,87,31.12233379690687,strict,ORIGINAL_WORKSPACE/RepoRT_PolyOmics_9exp_weight_only_notebooks/outputs/evaluation_E1_E9_internal_heldout_OOD_kshot/_support_splits/seed_2006/0097/K20_repeat2006.csv,300,0.001,0.0001
254.48318673824443,302.11026191711426,289.7809813808901,122.67923389103477,580,-4.278284545636237,0.9508479511351278,580,E8,M2 joint multitask × R1 device encoder + multitask heads,M2-R1,8,M2_joint,R1_device_multi,multi,True,True,2006,internal_heldout_repoRT_ood,0238,0238,0,-1,0,zero_shot_seen_head_mean_ensemble,zero_shot,seen_head_mean_ensemble,mol_key,580,580,0,0,ORIGINAL_WORKSPACE/RepoRT_PolyOmics_9exp_weight_only_notebooks/outputs/E8/seed_2006/best_model.pt,best_model.pt,87,31.12233379690687,strict,,,,
58.08322053162948,22.499513626098633,88.92456584606109,105.8125724033546,575,0.5060151794282829,0.8360970242900447,575,E8,M2 joint multitask × R1 device encoder + multitask heads,M2-R1,8,M2_joint,R1_device_multi,multi,True,True,2006,internal_heldout_repoRT_ood,0238,0238,5,2006,0,frozen_backbone_fresh_head_kshot,kshot_fresh_head_frozen_model,,mol_key,580,580,5,0,ORIGINAL_WORKSPACE/RepoRT_PolyOmics_9exp_weight_only_notebooks/outputs/E8/seed_2006/best_model.pt,best_model.pt,87,31.12233379690687,strict,ORIGINAL_WORKSPACE/RepoRT_PolyOmics_9exp_weight_only_notebooks/outputs/evaluation_E1_E9_internal_heldout_OOD_kshot/_support_splits/seed_2006/0238/K5_repeat2006.csv,300,0.001,0.0001
26.434295168944768,16.57932758331299,40.89172894117198,15.695222373182238,560,0.8953220500936476,0.9399350191733546,560,E8,M2 joint multitask × R1 device encoder + multitask heads,M2-R1,8,M2_joint,R1_device_multi,multi,True,True,2006,internal_heldout_repoRT_ood,0238,0238,20,2006,0,frozen_backbone_fresh_head_kshot,kshot_fresh_head_frozen_model,,mol_key,580,580,20,0,ORIGINAL_WORKSPACE/RepoRT_PolyOmics_9exp_weight_only_notebooks/outputs/E8/seed_2006/best_model.pt,best_model.pt,87,31.12233379690687,strict,ORIGINAL_WORKSPACE/RepoRT_PolyOmics_9exp_weight_only_notebooks/outputs/evaluation_E1_E9_internal_heldout_OOD_kshot/_support_splits/seed_2006/0238/K20_repeat2006.csv,300,0.001,0.0001
20.33036980032921,11.484296321868896,33.2167013166863,11.4064735588968,480,0.9298921607031457,0.9548017636614483,480,E8,M2 joint multitask × R1 device encoder + multitask heads,M2-R1,8,M2_joint,R1_device_multi,multi,True,True,2006,internal_heldout_repoRT_ood,0238,0238,100,2006,0,frozen_backbone_fresh_head_kshot,kshot_fresh_head_frozen_model,,mol_key,580,580,100,0,ORIGINAL_WORKSPACE/RepoRT_PolyOmics_9exp_weight_only_notebooks/outputs/E8/seed_2006/best_model.pt,best_model.pt,87,31.12233379690687,strict,ORIGINAL_WORKSPACE/RepoRT_PolyOmics_9exp_weight_only_notebooks/outputs/evaluation_E1_E9_internal_heldout_OOD_kshot/_support_splits/seed_2006/0238/K100_repeat2006.csv,300,0.001,0.0001
16.73787704267,10.01953125,26.95988592839108,9.980154323145433,380,0.9517302327463819,0.9682307441573602,380,E8,M2 joint multitask × R1 device encoder + multitask heads,M2-R1,8,M2_joint,R1_device_multi,multi,True,True,2006,internal_heldout_repoRT_ood,0238,0238,200,2006,0,frozen_backbone_fresh_head_kshot,kshot_fresh_head_frozen_model,,mol_key,580,580,200,0,ORIGINAL_WORKSPACE/RepoRT_PolyOmics_9exp_weight_only_notebooks/outputs/E8/seed_2006/best_model.pt,best_model.pt,87,31.12233379690687,strict,ORIGINAL_WORKSPACE/RepoRT_PolyOmics_9exp_weight_only_notebooks/outputs/evaluation_E1_E9_internal_heldout_OOD_kshot/_support_splits/seed_2006/0238/K200_repeat2006.csv,300,0.001,0.0001
148.25841784477234,42.08017587661743,214.49780701107727,45.54253168247768,96,0.758555661286561,0.961174192810269,96,E8,M2 joint multitask × R1 device encoder + multitask heads,M2-R1,8,M2_joint,R1_device_multi,multi,True,True,2011,internal_heldout_repoRT_ood,0097,0097,0,-1,0,zero_shot_seen_head_mean_ensemble,zero_shot,seen_head_mean_ensemble,mol_key,96,96,0,0,ORIGINAL_WORKSPACE/RepoRT_PolyOmics_9exp_weight_only_notebooks/outputs/E8/seed_2011/best_model.pt,best_model.pt,57,31.158462210283613,strict,,,,
56.2208119067517,23.2598876953125,109.24713437656924,23.748495371644964,91,0.9380584508527384,0.9527742188098038,91,E8,M2 joint multitask × R1 device encoder + multitask heads,M2-R1,8,M2_joint,R1_device_multi,multi,True,True,2011,internal_heldout_repoRT_ood,0097,0097,5,2011,0,frozen_backbone_fresh_head_kshot,kshot_fresh_head_frozen_model,,mol_key,96,96,5,0,ORIGINAL_WORKSPACE/RepoRT_PolyOmics_9exp_weight_only_notebooks/outputs/E8/seed_2011/best_model.pt,best_model.pt,57,31.158462210283613,strict,ORIGINAL_WORKSPACE/RepoRT_PolyOmics_9exp_weight_only_notebooks/outputs/evaluation_E1_E9_internal_heldout_OOD_kshot/_support_splits/seed_2011/0097/K5_repeat2011.csv,300,0.001,0.0001
61.00912890936199,22.29444980621338,102.36903097344033,27.037418296675835,76,0.9443420522015981,0.8864500070634626,76,E8,M2 joint multitask × R1 device encoder + multitask heads,M2-R1,8,M2_joint,R1_device_multi,multi,True,True,2011,internal_heldout_repoRT_ood,0097,0097,20,2011,0,frozen_backbone_fresh_head_kshot,kshot_fresh_head_frozen_model,,mol_key,96,96,20,0,ORIGINAL_WORKSPACE/RepoRT_PolyOmics_9exp_weight_only_notebooks/outputs/E8/seed_2011/best_model.pt,best_model.pt,57,31.158462210283613,strict,ORIGINAL_WORKSPACE/RepoRT_PolyOmics_9exp_weight_only_notebooks/outputs/evaluation_E1_E9_internal_heldout_OOD_kshot/_support_splits/seed_2011/0097/K20_repeat2011.csv,300,0.001,0.0001
279.2604463429287,313.29949378967285,328.5448149508828,121.46058719635815,580,-5.78488170681368,0.9690649276573808,580,E8,M2 joint multitask × R1 device encoder + multitask heads,M2-R1,8,M2_joint,R1_device_multi,multi,True,True,2011,internal_heldout_repoRT_ood,0238,0238,0,-1,0,zero_shot_seen_head_mean_ensemble,zero_shot,seen_head_mean_ensemble,mol_key,580,580,0,0,ORIGINAL_WORKSPACE/RepoRT_PolyOmics_9exp_weight_only_notebooks/outputs/E8/seed_2011/best_model.pt,best_model.pt,57,31.158462210283613,strict,,,,
30.72507446952488,21.81896209716797,41.98978870953069,21.07470126510668,575,0.8893942334407273,0.9545687273901273,575,E8,M2 joint multitask × R1 device encoder + multitask heads,M2-R1,8,M2_joint,R1_device_multi,multi,True,True,2011,internal_heldout_repoRT_ood,0238,0238,5,2011,0,frozen_backbone_fresh_head_kshot,kshot_fresh_head_frozen_model,,mol_key,580,580,5,0,ORIGINAL_WORKSPACE/RepoRT_PolyOmics_9exp_weight_only_notebooks/outputs/E8/seed_2011/best_model.pt,best_model.pt,57,31.158462210283613,strict,ORIGINAL_WORKSPACE/RepoRT_PolyOmics_9exp_weight_only_notebooks/outputs/evaluation_E1_E9_internal_heldout_OOD_kshot/_support_splits/seed_2011/0238/K5_repeat2011.csv,300,0.001,0.0001
23.890816594873154,15.649781227111816,36.32775164830301,15.30083545897737,560,0.9172128831796863,0.9511634751031441,560,E8,M2 joint multitask × R1 device encoder + multitask heads,M2-R1,8,M2_joint,R1_device_multi,multi,True,True,2011,internal_heldout_repoRT_ood,0238,0238,20,2011,0,frozen_backbone_fresh_head_kshot,kshot_fresh_head_frozen_model,,mol_key,580,580,20,0,ORIGINAL_WORKSPACE/RepoRT_PolyOmics_9exp_weight_only_notebooks/outputs/E8/seed_2011/best_model.pt,best_model.pt,57,31.158462210283613,strict,ORIGINAL_WORKSPACE/RepoRT_PolyOmics_9exp_weight_only_notebooks/outputs/evaluation_E1_E9_internal_heldout_OOD_kshot/_support_splits/seed_2011/0238/K20_repeat2011.csv,300,0.001,0.0001
21.48364645242691,13.062100410461426,32.67447315385594,11.468111875087228,480,0.9330119500033113,0.954240488558642,480,E8,M2 joint multitask × R1 device encoder + multitask heads,M2-R1,8,M2_joint,R1_device_multi,multi,True,True,2011,internal_heldout_repoRT_ood,0238,0238,100,2011,0,frozen_backbone_fresh_head_kshot,kshot_fresh_head_frozen_model,,mol_key,580,580,100,0,ORIGINAL_WORKSPACE/RepoRT_PolyOmics_9exp_weight_only_notebooks/outputs/E8/seed_2011/best_model.pt,best_model.pt,57,31.158462210283613,strict,ORIGINAL_WORKSPACE/RepoRT_PolyOmics_9exp_weight_only_notebooks/outputs/evaluation_E1_E9_internal_heldout_OOD_kshot/_support_splits/seed_2011/0238/K100_repeat2011.csv,300,0.001,0.0001
16.958686841161626,10.865564346313477,26.1466060580029,10.260434754406504,380,0.9565055047814015,0.9701798840993366,380,E8,M2 joint multitask × R1 device encoder + multitask heads,M2-R1,8,M2_joint,R1_device_multi,multi,True,True,2011,internal_heldout_repoRT_ood,0238,0238,200,2011,0,frozen_backbone_fresh_head_kshot,kshot_fresh_head_frozen_model,,mol_key,580,580,200,0,ORIGINAL_WORKSPACE/RepoRT_PolyOmics_9exp_weight_only_notebooks/outputs/E8/seed_2011/best_model.pt,best_model.pt,57,31.158462210283613,strict,ORIGINAL_WORKSPACE/RepoRT_PolyOmics_9exp_weight_only_notebooks/outputs/evaluation_E1_E9_internal_heldout_OOD_kshot/_support_splits/seed_2011/0238/K200_repeat2011.csv,300,0.001,0.0001
158.44578176736832,61.1011004447937,226.83305904964695,52.95115163513863,96,0.7299874136504825,0.9445434481572215,96,E8,M2 joint multitask × R1 device encoder + multitask heads,M2-R1,8,M2_joint,R1_device_multi,multi,True,True,2012,internal_heldout_repoRT_ood,0097,0097,0,-1,0,zero_shot_seen_head_mean_ensemble,zero_shot,seen_head_mean_ensemble,mol_key,96,96,0,0,ORIGINAL_WORKSPACE/RepoRT_PolyOmics_9exp_weight_only_notebooks/outputs/E8/seed_2012/best_model.pt,best_model.pt,78,32.427697568169634,strict,,,,
79.13589336059906,40.67812442779541,140.61685870822336,45.66132857975631,91,0.8965389856787238,0.9381780741395965,91,E8,M2 joint multitask × R1 device encoder + multitask heads,M2-R1,8,M2_joint,R1_device_multi,multi,True,True,2012,internal_heldout_repoRT_ood,0097,0097,5,2012,0,frozen_backbone_fresh_head_kshot,kshot_fresh_head_frozen_model,,mol_key,96,96,5,0,ORIGINAL_WORKSPACE/RepoRT_PolyOmics_9exp_weight_only_notebooks/outputs/E8/seed_2012/best_model.pt,best_model.pt,78,32.427697568169634,strict,ORIGINAL_WORKSPACE/RepoRT_PolyOmics_9exp_weight_only_notebooks/outputs/evaluation_E1_E9_internal_heldout_OOD_kshot/_support_splits/seed_2012/0097/K5_repeat2012.csv,300,0.001,0.0001
78.57086476526763,38.96876335144043,118.83787905176534,26.92792626237985,76,0.9280910783291485,0.9335971300506646,76,E8,M2 joint multitask × R1 device encoder + multitask heads,M2-R1,8,M2_joint,R1_device_multi,multi,True,True,2012,internal_heldout_repoRT_ood,0097,0097,20,2012,0,frozen_backbone_fresh_head_kshot,kshot_fresh_head_frozen_model,,mol_key,96,96,20,0,ORIGINAL_WORKSPACE/RepoRT_PolyOmics_9exp_weight_only_notebooks/outputs/E8/seed_2012/best_model.pt,best_model.pt,78,32.427697568169634,strict,ORIGINAL_WORKSPACE/RepoRT_PolyOmics_9exp_weight_only_notebooks/outputs/evaluation_E1_E9_internal_heldout_OOD_kshot/_support_splits/seed_2012/0097/K20_repeat2012.csv,300,0.001,0.0001
275.4032569835926,317.9770088195801,321.45535355497987,122.89863883882302,580,-5.495227541419627,0.9677524040948954,580,E8,M2 joint multitask × R1 device encoder + multitask heads,M2-R1,8,M2_joint,R1_device_multi,multi,True,True,2012,internal_heldout_repoRT_ood,0238,0238,0,-1,0,zero_shot_seen_head_mean_ensemble,zero_shot,seen_head_mean_ensemble,mol_key,580,580,0,0,ORIGINAL_WORKSPACE/RepoRT_PolyOmics_9exp_weight_only_notebooks/outputs/E8/seed_2012/best_model.pt,best_model.pt,78,32.427697568169634,strict,,,,
42.46753943899404,30.830883979797363,57.116689875079544,51.65755740908906,575,0.7948380356077902,0.9443883602381126,575,E8,M2 joint multitask × R1 device encoder + multitask heads,M2-R1,8,M2_joint,R1_device_multi,multi,True,True,2012,internal_heldout_repoRT_ood,0238,0238,5,2012,0,frozen_backbone_fresh_head_kshot,kshot_fresh_head_frozen_model,,mol_key,580,580,5,0,ORIGINAL_WORKSPACE/RepoRT_PolyOmics_9exp_weight_only_notebooks/outputs/E8/seed_2012/best_model.pt,best_model.pt,78,32.427697568169634,strict,ORIGINAL_WORKSPACE/RepoRT_PolyOmics_9exp_weight_only_notebooks/outputs/evaluation_E1_E9_internal_heldout_OOD_kshot/_support_splits/seed_2012/0238/K5_repeat2012.csv,300,0.001,0.0001
30.425505689212255,19.40971612930298,44.0470798173178,22.76043023492773,560,0.8788269227520207,0.9364282695631185,560,E8,M2 joint multitask × R1 device encoder + multitask heads,M2-R1,8,M2_joint,R1_device_multi,multi,True,True,2012,internal_heldout_repoRT_ood,0238,0238,20,2012,0,frozen_backbone_fresh_head_kshot,kshot_fresh_head_frozen_model,,mol_key,580,580,20,0,ORIGINAL_WORKSPACE/RepoRT_PolyOmics_9exp_weight_only_notebooks/outputs/E8/seed_2012/best_model.pt,best_model.pt,78,32.427697568169634,strict,ORIGINAL_WORKSPACE/RepoRT_PolyOmics_9exp_weight_only_notebooks/outputs/evaluation_E1_E9_internal_heldout_OOD_kshot/_support_splits/seed_2012/0238/K20_repeat2012.csv,300,0.001,0.0001
20.57871675491333,12.99534559249878,33.66566873299925,13.326269546745953,480,0.9298672291855922,0.9624721832162085,480,E8,M2 joint multitask × R1 device encoder + multitask heads,M2-R1,8,M2_joint,R1_device_multi,multi,True,True,2012,internal_heldout_repoRT_ood,0238,0238,100,2012,0,frozen_backbone_fresh_head_kshot,kshot_fresh_head_frozen_model,,mol_key,580,580,100,0,ORIGINAL_WORKSPACE/RepoRT_PolyOmics_9exp_weight_only_notebooks/outputs/E8/seed_2012/best_model.pt,best_model.pt,78,32.427697568169634,strict,ORIGINAL_WORKSPACE/RepoRT_PolyOmics_9exp_weight_only_notebooks/outputs/evaluation_E1_E9_internal_heldout_OOD_kshot/_support_splits/seed_2012/0238/K100_repeat2012.csv,300,0.001,0.0001
17.859614008351375,9.296979904174805,30.94574392595458,11.059361688937233,380,0.9407590927343391,0.9690441174940203,380,E8,M2 joint multitask × R1 device encoder + multitask heads,M2-R1,8,M2_joint,R1_device_multi,multi,True,True,2012,internal_heldout_repoRT_ood,0238,0238,200,2012,0,frozen_backbone_fresh_head_kshot,kshot_fresh_head_frozen_model,,mol_key,580,580,200,0,ORIGINAL_WORKSPACE/RepoRT_PolyOmics_9exp_weight_only_notebooks/outputs/E8/seed_2012/best_model.pt,best_model.pt,78,32.427697568169634,strict,ORIGINAL_WORKSPACE/RepoRT_PolyOmics_9exp_weight_only_notebooks/outputs/evaluation_E1_E9_internal_heldout_OOD_kshot/_support_splits/seed_2012/0238/K200_repeat2012.csv,300,0.001,0.0001
155.05212783813477,106.3661527633667,211.2298410521824,60.481818733834956,96,0.765856632372151,0.95519147086689,96,E8,M2 joint multitask × R1 device encoder + multitask heads,M2-R1,8,M2_joint,R1_device_multi,multi,True,True,2016,internal_heldout_repoRT_ood,0097,0097,0,-1,0,zero_shot_seen_head_mean_ensemble,zero_shot,seen_head_mean_ensemble,mol_key,96,96,0,0,ORIGINAL_WORKSPACE/RepoRT_PolyOmics_9exp_weight_only_notebooks/outputs/E8/seed_2016/best_model.pt,best_model.pt,71,32.943879583612144,strict,,,,
112.58903220459655,40.22804260253906,187.28509106741666,103.0524255167199,91,0.8169447925486865,0.9197939272562777,91,E8,M2 joint multitask × R1 device encoder + multitask heads,M2-R1,8,M2_joint,R1_device_multi,multi,True,True,2016,internal_heldout_repoRT_ood,0097,0097,5,2016,0,frozen_backbone_fresh_head_kshot,kshot_fresh_head_frozen_model,,mol_key,96,96,5,0,ORIGINAL_WORKSPACE/RepoRT_PolyOmics_9exp_weight_only_notebooks/outputs/E8/seed_2016/best_model.pt,best_model.pt,71,32.943879583612144,strict,ORIGINAL_WORKSPACE/RepoRT_PolyOmics_9exp_weight_only_notebooks/outputs/evaluation_E1_E9_internal_heldout_OOD_kshot/_support_splits/seed_2016/0097/K5_repeat2016.csv,300,0.001,0.0001
72.79640172657214,46.167497634887695,113.53126413656378,25.021912142290383,76,0.9363337548261913,0.9449606660024952,76,E8,M2 joint multitask × R1 device encoder + multitask heads,M2-R1,8,M2_joint,R1_device_multi,multi,True,True,2016,internal_heldout_repoRT_ood,0097,0097,20,2016,0,frozen_backbone_fresh_head_kshot,kshot_fresh_head_frozen_model,,mol_key,96,96,20,0,ORIGINAL_WORKSPACE/RepoRT_PolyOmics_9exp_weight_only_notebooks/outputs/E8/seed_2016/best_model.pt,best_model.pt,71,32.943879583612144,strict,ORIGINAL_WORKSPACE/RepoRT_PolyOmics_9exp_weight_only_notebooks/outputs/evaluation_E1_E9_internal_heldout_OOD_kshot/_support_splits/seed_2016/0097/K20_repeat2016.csv,300,0.001,0.0001
271.2470908247191,296.61176919937134,320.76859123781,123.05065804081903,580,-5.467504215247743,0.9563715304946954,580,E8,M2 joint multitask × R1 device encoder + multitask heads,M2-R1,8,M2_joint,R1_device_multi,multi,True,True,2016,internal_heldout_repoRT_ood,0238,0238,0,-1,0,zero_shot_seen_head_mean_ensemble,zero_shot,seen_head_mean_ensemble,mol_key,580,580,0,0,ORIGINAL_WORKSPACE/RepoRT_PolyOmics_9exp_weight_only_notebooks/outputs/E8/seed_2016/best_model.pt,best_model.pt,71,32.943879583612144,strict,,,,
32.40868330416472,18.950700759887695,49.47668989057912,15.266074198804027,575,0.8455873995649064,0.9571572860068737,575,E8,M2 joint multitask × R1 device encoder + multitask heads,M2-R1,8,M2_joint,R1_device_multi,multi,True,True,2016,internal_heldout_repoRT_ood,0238,0238,5,2016,0,frozen_backbone_fresh_head_kshot,kshot_fresh_head_frozen_model,,mol_key,580,580,5,0,ORIGINAL_WORKSPACE/RepoRT_PolyOmics_9exp_weight_only_notebooks/outputs/E8/seed_2016/best_model.pt,best_model.pt,71,32.943879583612144,strict,ORIGINAL_WORKSPACE/RepoRT_PolyOmics_9exp_weight_only_notebooks/outputs/evaluation_E1_E9_internal_heldout_OOD_kshot/_support_splits/seed_2016/0238/K5_repeat2016.csv,300,0.001,0.0001
32.08147318022592,23.00210952758789,46.08075549551004,16.93336189178505,560,0.8656112414787143,0.9019293597721459,560,E8,M2 joint multitask × R1 device encoder + multitask heads,M2-R1,8,M2_joint,R1_device_multi,multi,True,True,2016,internal_heldout_repoRT_ood,0238,0238,20,2016,0,frozen_backbone_fresh_head_kshot,kshot_fresh_head_frozen_model,,mol_key,580,580,20,0,ORIGINAL_WORKSPACE/RepoRT_PolyOmics_9exp_weight_only_notebooks/outputs/E8/seed_2016/best_model.pt,best_model.pt,71,32.943879583612144,strict,ORIGINAL_WORKSPACE/RepoRT_PolyOmics_9exp_weight_only_notebooks/outputs/evaluation_E1_E9_internal_heldout_OOD_kshot/_support_splits/seed_2016/0238/K20_repeat2016.csv,300,0.001,0.0001
20.32225376367569,11.386055946350098,34.17893580332264,12.870223763541762,480,0.9259773222119452,0.9591815349064008,480,E8,M2 joint multitask × R1 device encoder + multitask heads,M2-R1,8,M2_joint,R1_device_multi,multi,True,True,2016,internal_heldout_repoRT_ood,0238,0238,100,2016,0,frozen_backbone_fresh_head_kshot,kshot_fresh_head_frozen_model,,mol_key,580,580,100,0,ORIGINAL_WORKSPACE/RepoRT_PolyOmics_9exp_weight_only_notebooks/outputs/E8/seed_2016/best_model.pt,best_model.pt,71,32.943879583612144,strict,ORIGINAL_WORKSPACE/RepoRT_PolyOmics_9exp_weight_only_notebooks/outputs/evaluation_E1_E9_internal_heldout_OOD_kshot/_support_splits/seed_2016/0238/K100_repeat2016.csv,300,0.001,0.0001
18.80890070764642,10.711555480957031,31.904453119948812,13.267161364185325,380,0.9359433304162663,0.9634895263135126,380,E8,M2 joint multitask × R1 device encoder + multitask heads,M2-R1,8,M2_joint,R1_device_multi,multi,True,True,2016,internal_heldout_repoRT_ood,0238,0238,200,2016,0,frozen_backbone_fresh_head_kshot,kshot_fresh_head_frozen_model,,mol_key,580,580,200,0,ORIGINAL_WORKSPACE/RepoRT_PolyOmics_9exp_weight_only_notebooks/outputs/E8/seed_2016/best_model.pt,best_model.pt,71,32.943879583612144,strict,ORIGINAL_WORKSPACE/RepoRT_PolyOmics_9exp_weight_only_notebooks/outputs/evaluation_E1_E9_internal_heldout_OOD_kshot/_support_splits/seed_2016/0238/K200_repeat2016.csv,300,0.001,0.0001
165.19335567951202,100.04080295562744,224.40220619021557,64.93861777540234,96,0.7357435618466672,0.9518571729393089,96,E8,M2 joint multitask × R1 device encoder + multitask heads,M2-R1,8,M2_joint,R1_device_multi,multi,True,True,2020,internal_heldout_repoRT_ood,0097,0097,0,-1,0,zero_shot_seen_head_mean_ensemble,zero_shot,seen_head_mean_ensemble,mol_key,96,96,0,0,ORIGINAL_WORKSPACE/RepoRT_PolyOmics_9exp_weight_only_notebooks/outputs/E8/seed_2020/best_model.pt,best_model.pt,101,34.964221134588925,strict,,,,
73.34431878813021,28.58510971069336,134.23993099221445,30.247174670044892,91,0.9063312160821679,0.9312453744312023,91,E8,M2 joint multitask × R1 device encoder + multitask heads,M2-R1,8,M2_joint,R1_device_multi,multi,True,True,2020,internal_heldout_repoRT_ood,0097,0097,5,2020,0,frozen_backbone_fresh_head_kshot,kshot_fresh_head_frozen_model,,mol_key,96,96,5,0,ORIGINAL_WORKSPACE/RepoRT_PolyOmics_9exp_weight_only_notebooks/outputs/E8/seed_2020/best_model.pt,best_model.pt,101,34.964221134588925,strict,ORIGINAL_WORKSPACE/RepoRT_PolyOmics_9exp_weight_only_notebooks/outputs/evaluation_E1_E9_internal_heldout_OOD_kshot/_support_splits/seed_2020/0097/K5_repeat2020.csv,300,0.001,0.0001
53.318598897833574,18.314058780670166,88.24928383526046,40.68753905917074,76,0.955769318635532,0.9614377431738925,76,E8,M2 joint multitask × R1 device encoder + multitask heads,M2-R1,8,M2_joint,R1_device_multi,multi,True,True,2020,internal_heldout_repoRT_ood,0097,0097,20,2020,0,frozen_backbone_fresh_head_kshot,kshot_fresh_head_frozen_model,,mol_key,96,96,20,0,ORIGINAL_WORKSPACE/RepoRT_PolyOmics_9exp_weight_only_notebooks/outputs/E8/seed_2020/best_model.pt,best_model.pt,101,34.964221134588925,strict,ORIGINAL_WORKSPACE/RepoRT_PolyOmics_9exp_weight_only_notebooks/outputs/evaluation_E1_E9_internal_heldout_OOD_kshot/_support_splits/seed_2020/0097/K20_repeat2020.csv,300,0.001,0.0001
276.39210566158954,295.63189029693604,318.182171244205,130.67264358491872,580,-5.363627297990388,0.9613265207705037,580,E8,M2 joint multitask × R1 device encoder + multitask heads,M2-R1,8,M2_joint,R1_device_multi,multi,True,True,2020,internal_heldout_repoRT_ood,0238,0238,0,-1,0,zero_shot_seen_head_mean_ensemble,zero_shot,seen_head_mean_ensemble,mol_key,580,580,0,0,ORIGINAL_WORKSPACE/RepoRT_PolyOmics_9exp_weight_only_notebooks/outputs/E8/seed_2020/best_model.pt,best_model.pt,101,34.964221134588925,strict,,,,
22.554166976265286,16.177082061767578,33.202698208913404,15.303842396601494,575,0.9309647704838351,0.9623025656689851,575,E8,M2 joint multitask × R1 device encoder + multitask heads,M2-R1,8,M2_joint,R1_device_multi,multi,True,True,2020,internal_heldout_repoRT_ood,0238,0238,5,2020,0,frozen_backbone_fresh_head_kshot,kshot_fresh_head_frozen_model,,mol_key,580,580,5,0,ORIGINAL_WORKSPACE/RepoRT_PolyOmics_9exp_weight_only_notebooks/outputs/E8/seed_2020/best_model.pt,best_model.pt,101,34.964221134588925,strict,ORIGINAL_WORKSPACE/RepoRT_PolyOmics_9exp_weight_only_notebooks/outputs/evaluation_E1_E9_internal_heldout_OOD_kshot/_support_splits/seed_2020/0238/K5_repeat2020.csv,300,0.001,0.0001
26.024357940469468,18.1081223487854,37.92561036745838,19.424969006160886,560,0.9093861916817697,0.9395080638548028,560,E8,M2 joint multitask × R1 device encoder + multitask heads,M2-R1,8,M2_joint,R1_device_multi,multi,True,True,2020,internal_heldout_repoRT_ood,0238,0238,20,2020,0,frozen_backbone_fresh_head_kshot,kshot_fresh_head_frozen_model,,mol_key,580,580,20,0,ORIGINAL_WORKSPACE/RepoRT_PolyOmics_9exp_weight_only_notebooks/outputs/E8/seed_2020/best_model.pt,best_model.pt,101,34.964221134588925,strict,ORIGINAL_WORKSPACE/RepoRT_PolyOmics_9exp_weight_only_notebooks/outputs/evaluation_E1_E9_internal_heldout_OOD_kshot/_support_splits/seed_2020/0238/K20_repeat2020.csv,300,0.001,0.0001
21.274454355239868,12.14179515838623,35.09166890840129,13.17780806210694,480,0.9217855956596523,0.957366689861659,480,E8,M2 joint multitask × R1 device encoder + multitask heads,M2-R1,8,M2_joint,R1_device_multi,multi,True,True,2020,internal_heldout_repoRT_ood,0238,0238,100,2020,0,frozen_backbone_fresh_head_kshot,kshot_fresh_head_frozen_model,,mol_key,580,580,100,0,ORIGINAL_WORKSPACE/RepoRT_PolyOmics_9exp_weight_only_notebooks/outputs/E8/seed_2020/best_model.pt,best_model.pt,101,34.964221134588925,strict,ORIGINAL_WORKSPACE/RepoRT_PolyOmics_9exp_weight_only_notebooks/outputs/evaluation_E1_E9_internal_heldout_OOD_kshot/_support_splits/seed_2020/0238/K100_repeat2020.csv,300,0.001,0.0001
17.622581607417057,9.282045364379883,29.26822690132484,11.039167354334925,380,0.9458640241185224,0.9680663882696049,380,E8,M2 joint multitask × R1 device encoder + multitask heads,M2-R1,8,M2_joint,R1_device_multi,multi,True,True,2020,internal_heldout_repoRT_ood,0238,0238,200,2020,0,frozen_backbone_fresh_head_kshot,kshot_fresh_head_frozen_model,,mol_key,580,580,200,0,ORIGINAL_WORKSPACE/RepoRT_PolyOmics_9exp_weight_only_notebooks/outputs/E8/seed_2020/best_model.pt,best_model.pt,101,34.964221134588925,strict,ORIGINAL_WORKSPACE/RepoRT_PolyOmics_9exp_weight_only_notebooks/outputs/evaluation_E1_E9_internal_heldout_OOD_kshot/_support_splits/seed_2020/0238/K200_repeat2020.csv,300,0.001,0.0001
147.3740242421627,81.81866884231567,205.36801135423676,55.013287624474025,96,0.7786717204754974,0.9536431614422699,96,E8,M2 joint multitask × R1 device encoder + multitask heads,M2-R1,8,M2_joint,R1_device_multi,multi,True,True,2022,internal_heldout_repoRT_ood,0097,0097,0,-1,0,zero_shot_seen_head_mean_ensemble,zero_shot,seen_head_mean_ensemble,mol_key,96,96,0,0,ORIGINAL_WORKSPACE/RepoRT_PolyOmics_9exp_weight_only_notebooks/outputs/E8/seed_2022/best_model.pt,best_model.pt,70,34.342750633284425,strict,,,,
221.96728297642298,228.37620735168457,317.4925737366972,38.94891627189004,91,0.4771635552024316,0.9467207613532568,91,E8,M2 joint multitask × R1 device encoder + multitask heads,M2-R1,8,M2_joint,R1_device_multi,multi,True,True,2022,internal_heldout_repoRT_ood,0097,0097,5,2022,0,frozen_backbone_fresh_head_kshot,kshot_fresh_head_frozen_model,,mol_key,96,96,5,0,ORIGINAL_WORKSPACE/RepoRT_PolyOmics_9exp_weight_only_notebooks/outputs/E8/seed_2022/best_model.pt,best_model.pt,70,34.342750633284425,strict,ORIGINAL_WORKSPACE/RepoRT_PolyOmics_9exp_weight_only_notebooks/outputs/evaluation_E1_E9_internal_heldout_OOD_kshot/_support_splits/seed_2022/0097/K5_repeat2022.csv,300,0.001,0.0001
100.78574142957989,64.96899604797363,157.4509445127117,64.26277168688641,76,0.8674231115684732,0.9204646848157938,76,E8,M2 joint multitask × R1 device encoder + multitask heads,M2-R1,8,M2_joint,R1_device_multi,multi,True,True,2022,internal_heldout_repoRT_ood,0097,0097,20,2022,0,frozen_backbone_fresh_head_kshot,kshot_fresh_head_frozen_model,,mol_key,96,96,20,0,ORIGINAL_WORKSPACE/RepoRT_PolyOmics_9exp_weight_only_notebooks/outputs/E8/seed_2022/best_model.pt,best_model.pt,70,34.342750633284425,strict,ORIGINAL_WORKSPACE/RepoRT_PolyOmics_9exp_weight_only_notebooks/outputs/evaluation_E1_E9_internal_heldout_OOD_kshot/_support_splits/seed_2022/0097/K20_repeat2022.csv,300,0.001,0.0001
238.53335037724725,257.0295238494873,285.00778545828933,105.22604919362757,580,-4.105831701481653,0.9647689563212443,580,E8,M2 joint multitask × R1 device encoder + multitask heads,M2-R1,8,M2_joint,R1_device_multi,multi,True,True,2022,internal_heldout_repoRT_ood,0238,0238,0,-1,0,zero_shot_seen_head_mean_ensemble,zero_shot,seen_head_mean_ensemble,mol_key,580,580,0,0,ORIGINAL_WORKSPACE/RepoRT_PolyOmics_9exp_weight_only_notebooks/outputs/E8/seed_2022/best_model.pt,best_model.pt,70,34.342750633284425,strict,,,,
61.12508687558381,24.079055786132812,93.41948081482234,111.59170897287814,575,0.45094932272123645,0.8149955927537289,575,E8,M2 joint multitask × R1 device encoder + multitask heads,M2-R1,8,M2_joint,R1_device_multi,multi,True,True,2022,internal_heldout_repoRT_ood,0238,0238,5,2022,0,frozen_backbone_fresh_head_kshot,kshot_fresh_head_frozen_model,,mol_key,580,580,5,0,ORIGINAL_WORKSPACE/RepoRT_PolyOmics_9exp_weight_only_notebooks/outputs/E8/seed_2022/best_model.pt,best_model.pt,70,34.342750633284425,strict,ORIGINAL_WORKSPACE/RepoRT_PolyOmics_9exp_weight_only_notebooks/outputs/evaluation_E1_E9_internal_heldout_OOD_kshot/_support_splits/seed_2022/0238/K5_repeat2022.csv,300,0.001,0.0001
19.482896319457463,12.61157512664795,31.670825454819692,10.266886612208982,560,0.9369625341591408,0.964210413353118,560,E8,M2 joint multitask × R1 device encoder + multitask heads,M2-R1,8,M2_joint,R1_device_multi,multi,True,True,2022,internal_heldout_repoRT_ood,0238,0238,20,2022,0,frozen_backbone_fresh_head_kshot,kshot_fresh_head_frozen_model,,mol_key,580,580,20,0,ORIGINAL_WORKSPACE/RepoRT_PolyOmics_9exp_weight_only_notebooks/outputs/E8/seed_2022/best_model.pt,best_model.pt,70,34.342750633284425,strict,ORIGINAL_WORKSPACE/RepoRT_PolyOmics_9exp_weight_only_notebooks/outputs/evaluation_E1_E9_internal_heldout_OOD_kshot/_support_splits/seed_2022/0238/K20_repeat2022.csv,300,0.001,0.0001
23.07404300570488,11.26100778579712,45.188347754996116,12.521001895978554,480,0.8701551037736792,0.952022429546023,480,E8,M2 joint multitask × R1 device encoder + multitask heads,M2-R1,8,M2_joint,R1_device_multi,multi,True,True,2022,internal_heldout_repoRT_ood,0238,0238,100,2022,0,frozen_backbone_fresh_head_kshot,kshot_fresh_head_frozen_model,,mol_key,580,580,100,0,ORIGINAL_WORKSPACE/RepoRT_PolyOmics_9exp_weight_only_notebooks/outputs/E8/seed_2022/best_model.pt,best_model.pt,70,34.342750633284425,strict,ORIGINAL_WORKSPACE/RepoRT_PolyOmics_9exp_weight_only_notebooks/outputs/evaluation_E1_E9_internal_heldout_OOD_kshot/_support_splits/seed_2022/0238/K100_repeat2022.csv,300,0.001,0.0001
18.574242504019487,10.67579984664917,30.776628263570412,12.98013191684907,380,0.9429929005918134,0.9647641261738384,380,E8,M2 joint multitask × R1 device encoder + multitask heads,M2-R1,8,M2_joint,R1_device_multi,multi,True,True,2022,internal_heldout_repoRT_ood,0238,0238,200,2022,0,frozen_backbone_fresh_head_kshot,kshot_fresh_head_frozen_model,,mol_key,580,580,200,0,ORIGINAL_WORKSPACE/RepoRT_PolyOmics_9exp_weight_only_notebooks/outputs/E8/seed_2022/best_model.pt,best_model.pt,70,34.342750633284425,strict,ORIGINAL_WORKSPACE/RepoRT_PolyOmics_9exp_weight_only_notebooks/outputs/evaluation_E1_E9_internal_heldout_OOD_kshot/_support_splits/seed_2022/0238/K200_repeat2022.csv,300,0.001,0.0001
160.98329052329063,142.66767024993896,222.50310951708576,60.79948622985221,96,0.7401974066292658,0.9468455398017226,96,E8,M2 joint multitask × R1 device encoder + multitask heads,M2-R1,8,M2_joint,R1_device_multi,multi,True,True,2027,internal_heldout_repoRT_ood,0097,0097,0,-1,0,zero_shot_seen_head_mean_ensemble,zero_shot,seen_head_mean_ensemble,mol_key,96,96,0,0,ORIGINAL_WORKSPACE/RepoRT_PolyOmics_9exp_weight_only_notebooks/outputs/E8/seed_2027/best_model.pt,best_model.pt,103,35.399297502189135,strict,,,,
84.66814890012637,27.619972229003906,148.38178967656927,34.0639383460524,91,0.8850766243553063,0.949046367775319,91,E8,M2 joint multitask × R1 device encoder + multitask heads,M2-R1,8,M2_joint,R1_device_multi,multi,True,True,2027,internal_heldout_repoRT_ood,0097,0097,5,2027,0,frozen_backbone_fresh_head_kshot,kshot_fresh_head_frozen_model,,mol_key,96,96,5,0,ORIGINAL_WORKSPACE/RepoRT_PolyOmics_9exp_weight_only_notebooks/outputs/E8/seed_2027/best_model.pt,best_model.pt,103,35.399297502189135,strict,ORIGINAL_WORKSPACE/RepoRT_PolyOmics_9exp_weight_only_notebooks/outputs/evaluation_E1_E9_internal_heldout_OOD_kshot/_support_splits/seed_2027/0097/K5_repeat2027.csv,300,0.001,0.0001
91.50631427764893,34.87374544143677,164.31977388415697,73.5410829200524,76,0.8625953131166993,0.9297556925169046,76,E8,M2 joint multitask × R1 device encoder + multitask heads,M2-R1,8,M2_joint,R1_device_multi,multi,True,True,2027,internal_heldout_repoRT_ood,0097,0097,20,2027,0,frozen_backbone_fresh_head_kshot,kshot_fresh_head_frozen_model,,mol_key,96,96,20,0,ORIGINAL_WORKSPACE/RepoRT_PolyOmics_9exp_weight_only_notebooks/outputs/E8/seed_2027/best_model.pt,best_model.pt,103,35.399297502189135,strict,ORIGINAL_WORKSPACE/RepoRT_PolyOmics_9exp_weight_only_notebooks/outputs/evaluation_E1_E9_internal_heldout_OOD_kshot/_support_splits/seed_2027/0097/K20_repeat2027.csv,300,0.001,0.0001
272.76356318901327,293.67191076278687,318.48545920714776,122.244448551003,580,-5.375764492996134,0.967943793440623,580,E8,M2 joint multitask × R1 device encoder + multitask heads,M2-R1,8,M2_joint,R1_device_multi,multi,True,True,2027,internal_heldout_repoRT_ood,0238,0238,0,-1,0,zero_shot_seen_head_mean_ensemble,zero_shot,seen_head_mean_ensemble,mol_key,580,580,0,0,ORIGINAL_WORKSPACE/RepoRT_PolyOmics_9exp_weight_only_notebooks/outputs/E8/seed_2027/best_model.pt,best_model.pt,103,35.399297502189135,strict,,,,
58.534956003272015,25.83643913269043,86.79706630115429,103.96488966487946,575,0.5282015558444506,0.8591559975876235,575,E8,M2 joint multitask × R1 device encoder + multitask heads,M2-R1,8,M2_joint,R1_device_multi,multi,True,True,2027,internal_heldout_repoRT_ood,0238,0238,5,2027,0,frozen_backbone_fresh_head_kshot,kshot_fresh_head_frozen_model,,mol_key,580,580,5,0,ORIGINAL_WORKSPACE/RepoRT_PolyOmics_9exp_weight_only_notebooks/outputs/E8/seed_2027/best_model.pt,best_model.pt,103,35.399297502189135,strict,ORIGINAL_WORKSPACE/RepoRT_PolyOmics_9exp_weight_only_notebooks/outputs/evaluation_E1_E9_internal_heldout_OOD_kshot/_support_splits/seed_2027/0238/K5_repeat2027.csv,300,0.001,0.0001
19.02446585042136,8.852849006652832,31.99132536546355,10.98224710681001,560,0.9353758756633439,0.9630541377895697,560,E8,M2 joint multitask × R1 device encoder + multitask heads,M2-R1,8,M2_joint,R1_device_multi,multi,True,True,2027,internal_heldout_repoRT_ood,0238,0238,20,2027,0,frozen_backbone_fresh_head_kshot,kshot_fresh_head_frozen_model,,mol_key,580,580,20,0,ORIGINAL_WORKSPACE/RepoRT_PolyOmics_9exp_weight_only_notebooks/outputs/E8/seed_2027/best_model.pt,best_model.pt,103,35.399297502189135,strict,ORIGINAL_WORKSPACE/RepoRT_PolyOmics_9exp_weight_only_notebooks/outputs/evaluation_E1_E9_internal_heldout_OOD_kshot/_support_splits/seed_2027/0238/K20_repeat2027.csv,300,0.001,0.0001
20.513301074504852,12.404823303222656,33.061683671319784,14.925938235298473,480,0.9287216320426868,0.9560003121165875,480,E8,M2 joint multitask × R1 device encoder + multitask heads,M2-R1,8,M2_joint,R1_device_multi,multi,True,True,2027,internal_heldout_repoRT_ood,0238,0238,100,2027,0,frozen_backbone_fresh_head_kshot,kshot_fresh_head_frozen_model,,mol_key,580,580,100,0,ORIGINAL_WORKSPACE/RepoRT_PolyOmics_9exp_weight_only_notebooks/outputs/E8/seed_2027/best_model.pt,best_model.pt,103,35.399297502189135,strict,ORIGINAL_WORKSPACE/RepoRT_PolyOmics_9exp_weight_only_notebooks/outputs/evaluation_E1_E9_internal_heldout_OOD_kshot/_support_splits/seed_2027/0238/K100_repeat2027.csv,300,0.001,0.0001
18.016672159496107,10.414137840270996,29.44305175925176,11.245925653003447,380,0.9441781718771463,0.9669988566149805,380,E8,M2 joint multitask × R1 device encoder + multitask heads,M2-R1,8,M2_joint,R1_device_multi,multi,True,True,2027,internal_heldout_repoRT_ood,0238,0238,200,2027,0,frozen_backbone_fresh_head_kshot,kshot_fresh_head_frozen_model,,mol_key,580,580,200,0,ORIGINAL_WORKSPACE/RepoRT_PolyOmics_9exp_weight_only_notebooks/outputs/E8/seed_2027/best_model.pt,best_model.pt,103,35.399297502189135,strict,ORIGINAL_WORKSPACE/RepoRT_PolyOmics_9exp_weight_only_notebooks/outputs/evaluation_E1_E9_internal_heldout_OOD_kshot/_support_splits/seed_2027/0238/K200_repeat2027.csv,300,0.001,0.0001
152.65292152762413,97.07962989807129,213.0516791413038,60.89646379450766,96,0.7618002849323351,0.9318445945430119,96,E8,M2 joint multitask × R1 device encoder + multitask heads,M2-R1,8,M2_joint,R1_device_multi,multi,True,True,2032,internal_heldout_repoRT_ood,0097,0097,0,-1,0,zero_shot_seen_head_mean_ensemble,zero_shot,seen_head_mean_ensemble,mol_key,96,96,0,0,ORIGINAL_WORKSPACE/RepoRT_PolyOmics_9exp_weight_only_notebooks/outputs/E8/seed_2032/best_model.pt,best_model.pt,37,32.75027696279322,strict,,,,
87.28281026358133,52.483792304992676,130.3374996770942,95.50977759987701,91,0.9099097884795129,0.9321009019896559,91,E8,M2 joint multitask × R1 device encoder + multitask heads,M2-R1,8,M2_joint,R1_device_multi,multi,True,True,2032,internal_heldout_repoRT_ood,0097,0097,5,2032,0,frozen_backbone_fresh_head_kshot,kshot_fresh_head_frozen_model,,mol_key,96,96,5,0,ORIGINAL_WORKSPACE/RepoRT_PolyOmics_9exp_weight_only_notebooks/outputs/E8/seed_2032/best_model.pt,best_model.pt,37,32.75027696279322,strict,ORIGINAL_WORKSPACE/RepoRT_PolyOmics_9exp_weight_only_notebooks/outputs/evaluation_E1_E9_internal_heldout_OOD_kshot/_support_splits/seed_2032/0097/K5_repeat2032.csv,300,0.001,0.0001
61.683252359691416,23.4151554107666,111.34609471801903,51.88715203441326,76,0.9299635747345139,0.9207745925836768,76,E8,M2 joint multitask × R1 device encoder + multitask heads,M2-R1,8,M2_joint,R1_device_multi,multi,True,True,2032,internal_heldout_repoRT_ood,0097,0097,20,2032,0,frozen_backbone_fresh_head_kshot,kshot_fresh_head_frozen_model,,mol_key,96,96,20,0,ORIGINAL_WORKSPACE/RepoRT_PolyOmics_9exp_weight_only_notebooks/outputs/E8/seed_2032/best_model.pt,best_model.pt,37,32.75027696279322,strict,ORIGINAL_WORKSPACE/RepoRT_PolyOmics_9exp_weight_only_notebooks/outputs/evaluation_E1_E9_internal_heldout_OOD_kshot/_support_splits/seed_2032/0097/K20_repeat2032.csv,300,0.001,0.0001
269.25456101318883,299.6321725845337,317.7394482009388,119.22598634732023,580,-5.345930702492443,0.9654094711259249,580,E8,M2 joint multitask × R1 device encoder + multitask heads,M2-R1,8,M2_joint,R1_device_multi,multi,True,True,2032,internal_heldout_repoRT_ood,0238,0238,0,-1,0,zero_shot_seen_head_mean_ensemble,zero_shot,seen_head_mean_ensemble,mol_key,580,580,0,0,ORIGINAL_WORKSPACE/RepoRT_PolyOmics_9exp_weight_only_notebooks/outputs/E8/seed_2032/best_model.pt,best_model.pt,37,32.75027696279322,strict,,,,
25.727657193722933,17.279634475708008,37.39752259091392,16.733251821718387,575,0.9123006920450227,0.9371965253696265,575,E8,M2 joint multitask × R1 device encoder + multitask heads,M2-R1,8,M2_joint,R1_device_multi,multi,True,True,2032,internal_heldout_repoRT_ood,0238,0238,5,2032,0,frozen_backbone_fresh_head_kshot,kshot_fresh_head_frozen_model,,mol_key,580,580,5,0,ORIGINAL_WORKSPACE/RepoRT_PolyOmics_9exp_weight_only_notebooks/outputs/E8/seed_2032/best_model.pt,best_model.pt,37,32.75027696279322,strict,ORIGINAL_WORKSPACE/RepoRT_PolyOmics_9exp_weight_only_notebooks/outputs/evaluation_E1_E9_internal_heldout_OOD_kshot/_support_splits/seed_2032/0238/K5_repeat2032.csv,300,0.001,0.0001
34.065143414906096,28.16242218017578,43.963438822175284,30.39174369011622,560,0.8790111727342116,0.9258675129762001,560,E8,M2 joint multitask × R1 device encoder + multitask heads,M2-R1,8,M2_joint,R1_device_multi,multi,True,True,2032,internal_heldout_repoRT_ood,0238,0238,20,2032,0,frozen_backbone_fresh_head_kshot,kshot_fresh_head_frozen_model,,mol_key,580,580,20,0,ORIGINAL_WORKSPACE/RepoRT_PolyOmics_9exp_weight_only_notebooks/outputs/E8/seed_2032/best_model.pt,best_model.pt,37,32.75027696279322,strict,ORIGINAL_WORKSPACE/RepoRT_PolyOmics_9exp_weight_only_notebooks/outputs/evaluation_E1_E9_internal_heldout_OOD_kshot/_support_splits/seed_2032/0238/K20_repeat2032.csv,300,0.001,0.0001
19.37320351600647,10.624251365661621,30.943971029185914,10.33395661754238,480,0.9373722551537049,0.9636218585443389,480,E8,M2 joint multitask × R1 device encoder + multitask heads,M2-R1,8,M2_joint,R1_device_multi,multi,True,True,2032,internal_heldout_repoRT_ood,0238,0238,100,2032,0,frozen_backbone_fresh_head_kshot,kshot_fresh_head_frozen_model,,mol_key,580,580,100,0,ORIGINAL_WORKSPACE/RepoRT_PolyOmics_9exp_weight_only_notebooks/outputs/E8/seed_2032/best_model.pt,best_model.pt,37,32.75027696279322,strict,ORIGINAL_WORKSPACE/RepoRT_PolyOmics_9exp_weight_only_notebooks/outputs/evaluation_E1_E9_internal_heldout_OOD_kshot/_support_splits/seed_2032/0238/K100_repeat2032.csv,300,0.001,0.0001
18.655287943388288,10.759105682373047,29.337503803811185,10.811583670588643,380,0.9468220026470626,0.9679166339951762,380,E8,M2 joint multitask × R1 device encoder + multitask heads,M2-R1,8,M2_joint,R1_device_multi,multi,True,True,2032,internal_heldout_repoRT_ood,0238,0238,200,2032,0,frozen_backbone_fresh_head_kshot,kshot_fresh_head_frozen_model,,mol_key,580,580,200,0,ORIGINAL_WORKSPACE/RepoRT_PolyOmics_9exp_weight_only_notebooks/outputs/E8/seed_2032/best_model.pt,best_model.pt,37,32.75027696279322,strict,ORIGINAL_WORKSPACE/RepoRT_PolyOmics_9exp_weight_only_notebooks/outputs/evaluation_E1_E9_internal_heldout_OOD_kshot/_support_splits/seed_2032/0238/K200_repeat2032.csv,300,0.001,0.0001
155.99342614412308,66.78261280059814,216.4861323931903,61.01967365879396,96,0.754058690365286,0.9233085202151717,96,E8,M2 joint multitask × R1 device encoder + multitask heads,M2-R1,8,M2_joint,R1_device_multi,multi,True,True,2034,internal_heldout_repoRT_ood,0097,0097,0,-1,0,zero_shot_seen_head_mean_ensemble,zero_shot,seen_head_mean_ensemble,mol_key,96,96,0,0,ORIGINAL_WORKSPACE/RepoRT_PolyOmics_9exp_weight_only_notebooks/outputs/E8/seed_2034/best_model.pt,best_model.pt,38,36.6581313091638,strict,,,,
75.28959525810494,63.64311218261719,107.79418606578518,71.52003371864976,91,0.9366220783444792,0.9577879929771833,91,E8,M2 joint multitask × R1 device encoder + multitask heads,M2-R1,8,M2_joint,R1_device_multi,multi,True,True,2034,internal_heldout_repoRT_ood,0097,0097,5,2034,0,frozen_backbone_fresh_head_kshot,kshot_fresh_head_frozen_model,,mol_key,96,96,5,0,ORIGINAL_WORKSPACE/RepoRT_PolyOmics_9exp_weight_only_notebooks/outputs/E8/seed_2034/best_model.pt,best_model.pt,38,36.6581313091638,strict,ORIGINAL_WORKSPACE/RepoRT_PolyOmics_9exp_weight_only_notebooks/outputs/evaluation_E1_E9_internal_heldout_OOD_kshot/_support_splits/seed_2034/0097/K5_repeat2034.csv,300,0.001,0.0001
53.3854867910084,28.752965927124023,100.97397242438308,38.22239340159751,76,0.9454463104480563,0.9238309681285335,76,E8,M2 joint multitask × R1 device encoder + multitask heads,M2-R1,8,M2_joint,R1_device_multi,multi,True,True,2034,internal_heldout_repoRT_ood,0097,0097,20,2034,0,frozen_backbone_fresh_head_kshot,kshot_fresh_head_frozen_model,,mol_key,96,96,20,0,ORIGINAL_WORKSPACE/RepoRT_PolyOmics_9exp_weight_only_notebooks/outputs/E8/seed_2034/best_model.pt,best_model.pt,38,36.6581313091638,strict,ORIGINAL_WORKSPACE/RepoRT_PolyOmics_9exp_weight_only_notebooks/outputs/evaluation_E1_E9_internal_heldout_OOD_kshot/_support_splits/seed_2034/0097/K20_repeat2034.csv,300,0.001,0.0001
261.1824612206426,292.4600315093994,308.80896422901446,115.2143133577302,580,-4.994222280321489,0.9590885115287264,580,E8,M2 joint multitask × R1 device encoder + multitask heads,M2-R1,8,M2_joint,R1_device_multi,multi,True,True,2034,internal_heldout_repoRT_ood,0238,0238,0,-1,0,zero_shot_seen_head_mean_ensemble,zero_shot,seen_head_mean_ensemble,mol_key,580,580,0,0,ORIGINAL_WORKSPACE/RepoRT_PolyOmics_9exp_weight_only_notebooks/outputs/E8/seed_2034/best_model.pt,best_model.pt,38,36.6581313091638,strict,,,,
43.308656352499256,35.78164100646973,55.181255734295995,26.644673432969835,575,0.807921013608323,0.9409516620646606,575,E8,M2 joint multitask × R1 device encoder + multitask heads,M2-R1,8,M2_joint,R1_device_multi,multi,True,True,2034,internal_heldout_repoRT_ood,0238,0238,5,2034,0,frozen_backbone_fresh_head_kshot,kshot_fresh_head_frozen_model,,mol_key,580,580,5,0,ORIGINAL_WORKSPACE/RepoRT_PolyOmics_9exp_weight_only_notebooks/outputs/E8/seed_2034/best_model.pt,best_model.pt,38,36.6581313091638,strict,ORIGINAL_WORKSPACE/RepoRT_PolyOmics_9exp_weight_only_notebooks/outputs/evaluation_E1_E9_internal_heldout_OOD_kshot/_support_splits/seed_2034/0238/K5_repeat2034.csv,300,0.001,0.0001
27.66446749653135,17.10289478302002,41.55068698330546,15.51031061102025,560,0.8918422426538073,0.9349362209781837,560,E8,M2 joint multitask × R1 device encoder + multitask heads,M2-R1,8,M2_joint,R1_device_multi,multi,True,True,2034,internal_heldout_repoRT_ood,0238,0238,20,2034,0,frozen_backbone_fresh_head_kshot,kshot_fresh_head_frozen_model,,mol_key,580,580,20,0,ORIGINAL_WORKSPACE/RepoRT_PolyOmics_9exp_weight_only_notebooks/outputs/E8/seed_2034/best_model.pt,best_model.pt,38,36.6581313091638,strict,ORIGINAL_WORKSPACE/RepoRT_PolyOmics_9exp_weight_only_notebooks/outputs/evaluation_E1_E9_internal_heldout_OOD_kshot/_support_splits/seed_2034/0238/K20_repeat2034.csv,300,0.001,0.0001
27.45244151353836,17.887215614318848,40.886404795280576,22.33156085392659,480,0.8958326151441335,0.9386446425414028,480,E8,M2 joint multitask × R1 device encoder + multitask heads,M2-R1,8,M2_joint,R1_device_multi,multi,True,True,2034,internal_heldout_repoRT_ood,0238,0238,100,2034,0,frozen_backbone_fresh_head_kshot,kshot_fresh_head_frozen_model,,mol_key,580,580,100,0,ORIGINAL_WORKSPACE/RepoRT_PolyOmics_9exp_weight_only_notebooks/outputs/E8/seed_2034/best_model.pt,best_model.pt,38,36.6581313091638,strict,ORIGINAL_WORKSPACE/RepoRT_PolyOmics_9exp_weight_only_notebooks/outputs/evaluation_E1_E9_internal_heldout_OOD_kshot/_support_splits/seed_2034/0238/K100_repeat2034.csv,300,0.001,0.0001
20.221542421140168,12.942960262298584,30.52810629725167,12.752518375013594,380,0.9411612380717166,0.9651980516425281,380,E8,M2 joint multitask × R1 device encoder + multitask heads,M2-R1,8,M2_joint,R1_device_multi,multi,True,True,2034,internal_heldout_repoRT_ood,0238,0238,200,2034,0,frozen_backbone_fresh_head_kshot,kshot_fresh_head_frozen_model,,mol_key,580,580,200,0,ORIGINAL_WORKSPACE/RepoRT_PolyOmics_9exp_weight_only_notebooks/outputs/E8/seed_2034/best_model.pt,best_model.pt,38,36.6581313091638,strict,ORIGINAL_WORKSPACE/RepoRT_PolyOmics_9exp_weight_only_notebooks/outputs/evaluation_E1_E9_internal_heldout_OOD_kshot/_support_splits/seed_2034/0238/K200_repeat2034.csv,300,0.001,0.0001
164.98995020985603,68.80740880966187,235.44868807783274,47.03717913660952,96,0.7090865111328017,0.9631435337450928,96,E9,M2 joint multitask × R2 no-device + multitask heads,M2-R2,9,M2_joint,R2_nodevice_multi,multi,False,True,2004,internal_heldout_repoRT_ood,0097,0097,0,-1,0,zero_shot_seen_head_mean_ensemble,zero_shot,seen_head_mean_ensemble,mol_key,96,96,0,0,ORIGINAL_WORKSPACE/RepoRT_PolyOmics_9exp_weight_only_notebooks/outputs/E9/seed_2004/best_model.pt,best_model.pt,90,34.89653157433828,strict,,,,
138.420335486695,54.3248176574707,238.5091600115794,48.64879644836524,91,0.7068913202450946,0.9107998544769934,91,E9,M2 joint multitask × R2 no-device + multitask heads,M2-R2,9,M2_joint,R2_nodevice_multi,multi,False,True,2004,internal_heldout_repoRT_ood,0097,0097,5,2004,0,frozen_backbone_fresh_head_kshot,kshot_fresh_head_frozen_model,,mol_key,96,96,5,0,ORIGINAL_WORKSPACE/RepoRT_PolyOmics_9exp_weight_only_notebooks/outputs/E9/seed_2004/best_model.pt,best_model.pt,90,34.89653157433828,strict,ORIGINAL_WORKSPACE/RepoRT_PolyOmics_9exp_weight_only_notebooks/outputs/evaluation_E1_E9_internal_heldout_OOD_kshot/_support_splits/seed_2004/0097/K5_repeat2004.csv,300,0.001,0.0001
49.20615397001568,22.633752822875977,86.9563932027459,21.508205889612366,76,0.9614263731419375,0.9324881586953458,76,E9,M2 joint multitask × R2 no-device + multitask heads,M2-R2,9,M2_joint,R2_nodevice_multi,multi,False,True,2004,internal_heldout_repoRT_ood,0097,0097,20,2004,0,frozen_backbone_fresh_head_kshot,kshot_fresh_head_frozen_model,,mol_key,96,96,20,0,ORIGINAL_WORKSPACE/RepoRT_PolyOmics_9exp_weight_only_notebooks/outputs/E9/seed_2004/best_model.pt,best_model.pt,90,34.89653157433828,strict,ORIGINAL_WORKSPACE/RepoRT_PolyOmics_9exp_weight_only_notebooks/outputs/evaluation_E1_E9_internal_heldout_OOD_kshot/_support_splits/seed_2004/0097/K20_repeat2004.csv,300,0.001,0.0001
293.3320435573315,337.56370782852173,342.09751737970726,128.326661102617,580,-6.356189176821081,0.9441030121462629,580,E9,M2 joint multitask × R2 no-device + multitask heads,M2-R2,9,M2_joint,R2_nodevice_multi,multi,False,True,2004,internal_heldout_repoRT_ood,0238,0238,0,-1,0,zero_shot_seen_head_mean_ensemble,zero_shot,seen_head_mean_ensemble,mol_key,580,580,0,0,ORIGINAL_WORKSPACE/RepoRT_PolyOmics_9exp_weight_only_notebooks/outputs/E9/seed_2004/best_model.pt,best_model.pt,90,34.89653157433828,strict,,,,
42.90250426582668,24.330968856811523,67.39222966072225,25.1415644947062,575,0.7111994538579245,0.9168856761164033,575,E9,M2 joint multitask × R2 no-device + multitask heads,M2-R2,9,M2_joint,R2_nodevice_multi,multi,False,True,2004,internal_heldout_repoRT_ood,0238,0238,5,2004,0,frozen_backbone_fresh_head_kshot,kshot_fresh_head_frozen_model,,mol_key,580,580,5,0,ORIGINAL_WORKSPACE/RepoRT_PolyOmics_9exp_weight_only_notebooks/outputs/E9/seed_2004/best_model.pt,best_model.pt,90,34.89653157433828,strict,ORIGINAL_WORKSPACE/RepoRT_PolyOmics_9exp_weight_only_notebooks/outputs/evaluation_E1_E9_internal_heldout_OOD_kshot/_support_splits/seed_2004/0238/K5_repeat2004.csv,300,0.001,0.0001
27.440082728862762,17.569913864135742,41.59530533685625,18.33044823683593,560,0.8912665051177082,0.9530871303582058,560,E9,M2 joint multitask × R2 no-device + multitask heads,M2-R2,9,M2_joint,R2_nodevice_multi,multi,False,True,2004,internal_heldout_repoRT_ood,0238,0238,20,2004,0,frozen_backbone_fresh_head_kshot,kshot_fresh_head_frozen_model,,mol_key,580,580,20,0,ORIGINAL_WORKSPACE/RepoRT_PolyOmics_9exp_weight_only_notebooks/outputs/E9/seed_2004/best_model.pt,best_model.pt,90,34.89653157433828,strict,ORIGINAL_WORKSPACE/RepoRT_PolyOmics_9exp_weight_only_notebooks/outputs/evaluation_E1_E9_internal_heldout_OOD_kshot/_support_splits/seed_2004/0238/K20_repeat2004.csv,300,0.001,0.0001
22.60406517982483,13.763680458068848,36.813016638505786,13.338863451995225,480,0.9145844026375537,0.9481912755112623,480,E9,M2 joint multitask × R2 no-device + multitask heads,M2-R2,9,M2_joint,R2_nodevice_multi,multi,False,True,2004,internal_heldout_repoRT_ood,0238,0238,100,2004,0,frozen_backbone_fresh_head_kshot,kshot_fresh_head_frozen_model,,mol_key,580,580,100,0,ORIGINAL_WORKSPACE/RepoRT_PolyOmics_9exp_weight_only_notebooks/outputs/E9/seed_2004/best_model.pt,best_model.pt,90,34.89653157433828,strict,ORIGINAL_WORKSPACE/RepoRT_PolyOmics_9exp_weight_only_notebooks/outputs/evaluation_E1_E9_internal_heldout_OOD_kshot/_support_splits/seed_2004/0238/K100_repeat2004.csv,300,0.001,0.0001
18.490162723942806,11.48411750793457,29.93805473400895,11.236455511113377,380,0.945862018904906,0.9665692688735115,380,E9,M2 joint multitask × R2 no-device + multitask heads,M2-R2,9,M2_joint,R2_nodevice_multi,multi,False,True,2004,internal_heldout_repoRT_ood,0238,0238,200,2004,0,frozen_backbone_fresh_head_kshot,kshot_fresh_head_frozen_model,,mol_key,580,580,200,0,ORIGINAL_WORKSPACE/RepoRT_PolyOmics_9exp_weight_only_notebooks/outputs/E9/seed_2004/best_model.pt,best_model.pt,90,34.89653157433828,strict,ORIGINAL_WORKSPACE/RepoRT_PolyOmics_9exp_weight_only_notebooks/outputs/evaluation_E1_E9_internal_heldout_OOD_kshot/_support_splits/seed_2004/0238/K200_repeat2004.csv,300,0.001,0.0001
169.64340791106224,84.11080598831177,228.14389443474803,65.02209555804902,96,0.7268576675624067,0.9446385197885578,96,E9,M2 joint multitask × R2 no-device + multitask heads,M2-R2,9,M2_joint,R2_nodevice_multi,multi,False,True,2006,internal_heldout_repoRT_ood,0097,0097,0,-1,0,zero_shot_seen_head_mean_ensemble,zero_shot,seen_head_mean_ensemble,mol_key,96,96,0,0,ORIGINAL_WORKSPACE/RepoRT_PolyOmics_9exp_weight_only_notebooks/outputs/E9/seed_2006/best_model.pt,best_model.pt,76,33.11979115575717,strict,,,,
80.73296934693724,59.24257278442383,110.60468253607367,91.08611407452736,91,0.9346452430212541,0.9447180941656044,91,E9,M2 joint multitask × R2 no-device + multitask heads,M2-R2,9,M2_joint,R2_nodevice_multi,multi,False,True,2006,internal_heldout_repoRT_ood,0097,0097,5,2006,0,frozen_backbone_fresh_head_kshot,kshot_fresh_head_frozen_model,,mol_key,96,96,5,0,ORIGINAL_WORKSPACE/RepoRT_PolyOmics_9exp_weight_only_notebooks/outputs/E9/seed_2006/best_model.pt,best_model.pt,76,33.11979115575717,strict,ORIGINAL_WORKSPACE/RepoRT_PolyOmics_9exp_weight_only_notebooks/outputs/evaluation_E1_E9_internal_heldout_OOD_kshot/_support_splits/seed_2006/0097/K5_repeat2006.csv,300,0.001,0.0001
58.72566856836018,25.619022846221924,105.2920708428333,37.823464263468516,76,0.9429885867512398,0.9287168002038076,76,E9,M2 joint multitask × R2 no-device + multitask heads,M2-R2,9,M2_joint,R2_nodevice_multi,multi,False,True,2006,internal_heldout_repoRT_ood,0097,0097,20,2006,0,frozen_backbone_fresh_head_kshot,kshot_fresh_head_frozen_model,,mol_key,96,96,20,0,ORIGINAL_WORKSPACE/RepoRT_PolyOmics_9exp_weight_only_notebooks/outputs/E9/seed_2006/best_model.pt,best_model.pt,76,33.11979115575717,strict,ORIGINAL_WORKSPACE/RepoRT_PolyOmics_9exp_weight_only_notebooks/outputs/evaluation_E1_E9_internal_heldout_OOD_kshot/_support_splits/seed_2006/0097/K20_repeat2006.csv,300,0.001,0.0001
309.77873424003866,366.2297773361206,356.3194855598208,142.92475196083424,580,-6.980538303057245,0.9503958063844347,580,E9,M2 joint multitask × R2 no-device + multitask heads,M2-R2,9,M2_joint,R2_nodevice_multi,multi,False,True,2006,internal_heldout_repoRT_ood,0238,0238,0,-1,0,zero_shot_seen_head_mean_ensemble,zero_shot,seen_head_mean_ensemble,mol_key,580,580,0,0,ORIGINAL_WORKSPACE/RepoRT_PolyOmics_9exp_weight_only_notebooks/outputs/E9/seed_2006/best_model.pt,best_model.pt,76,33.11979115575717,strict,,,,
63.095433152240254,28.75960350036621,93.80188013485466,110.34520413959672,575,0.45034120237419706,0.7778490500172069,575,E9,M2 joint multitask × R2 no-device + multitask heads,M2-R2,9,M2_joint,R2_nodevice_multi,multi,False,True,2006,internal_heldout_repoRT_ood,0238,0238,5,2006,0,frozen_backbone_fresh_head_kshot,kshot_fresh_head_frozen_model,,mol_key,580,580,5,0,ORIGINAL_WORKSPACE/RepoRT_PolyOmics_9exp_weight_only_notebooks/outputs/E9/seed_2006/best_model.pt,best_model.pt,76,33.11979115575717,strict,ORIGINAL_WORKSPACE/RepoRT_PolyOmics_9exp_weight_only_notebooks/outputs/evaluation_E1_E9_internal_heldout_OOD_kshot/_support_splits/seed_2006/0238/K5_repeat2006.csv,300,0.001,0.0001
35.37825347696032,26.58087730407715,47.38766913475784,28.432119478417857,560,0.859422777982998,0.9010531906909787,560,E9,M2 joint multitask × R2 no-device + multitask heads,M2-R2,9,M2_joint,R2_nodevice_multi,multi,False,True,2006,internal_heldout_repoRT_ood,0238,0238,20,2006,0,frozen_backbone_fresh_head_kshot,kshot_fresh_head_frozen_model,,mol_key,580,580,20,0,ORIGINAL_WORKSPACE/RepoRT_PolyOmics_9exp_weight_only_notebooks/outputs/E9/seed_2006/best_model.pt,best_model.pt,76,33.11979115575717,strict,ORIGINAL_WORKSPACE/RepoRT_PolyOmics_9exp_weight_only_notebooks/outputs/evaluation_E1_E9_internal_heldout_OOD_kshot/_support_splits/seed_2006/0238/K20_repeat2006.csv,300,0.001,0.0001
23.896980464458466,14.622030258178711,36.91024260070682,14.774112515930945,480,0.9134339942439843,0.9509373792659307,480,E9,M2 joint multitask × R2 no-device + multitask heads,M2-R2,9,M2_joint,R2_nodevice_multi,multi,False,True,2006,internal_heldout_repoRT_ood,0238,0238,100,2006,0,frozen_backbone_fresh_head_kshot,kshot_fresh_head_frozen_model,,mol_key,580,580,100,0,ORIGINAL_WORKSPACE/RepoRT_PolyOmics_9exp_weight_only_notebooks/outputs/E9/seed_2006/best_model.pt,best_model.pt,76,33.11979115575717,strict,ORIGINAL_WORKSPACE/RepoRT_PolyOmics_9exp_weight_only_notebooks/outputs/evaluation_E1_E9_internal_heldout_OOD_kshot/_support_splits/seed_2006/0238/K100_repeat2006.csv,300,0.001,0.0001
17.63226473958869,10.644514560699463,29.881977419676275,11.586429469937807,380,0.940699579818303,0.9637909707477198,380,E9,M2 joint multitask × R2 no-device + multitask heads,M2-R2,9,M2_joint,R2_nodevice_multi,multi,False,True,2006,internal_heldout_repoRT_ood,0238,0238,200,2006,0,frozen_backbone_fresh_head_kshot,kshot_fresh_head_frozen_model,,mol_key,580,580,200,0,ORIGINAL_WORKSPACE/RepoRT_PolyOmics_9exp_weight_only_notebooks/outputs/E9/seed_2006/best_model.pt,best_model.pt,76,33.11979115575717,strict,ORIGINAL_WORKSPACE/RepoRT_PolyOmics_9exp_weight_only_notebooks/outputs/evaluation_E1_E9_internal_heldout_OOD_kshot/_support_splits/seed_2006/0238/K200_repeat2006.csv,300,0.001,0.0001
163.98035734891891,58.03622245788574,232.4360946581391,50.36970613545202,96,0.7164834250336443,0.9400750814844141,96,E9,M2 joint multitask × R2 no-device + multitask heads,M2-R2,9,M2_joint,R2_nodevice_multi,multi,False,True,2011,internal_heldout_repoRT_ood,0097,0097,0,-1,0,zero_shot_seen_head_mean_ensemble,zero_shot,seen_head_mean_ensemble,mol_key,96,96,0,0,ORIGINAL_WORKSPACE/RepoRT_PolyOmics_9exp_weight_only_notebooks/outputs/E9/seed_2011/best_model.pt,best_model.pt,55,33.53009427716805,strict,,,,
77.57793038755983,34.057159423828125,160.66287093124745,39.196180029737306,91,0.8660344901378012,0.9298127300715838,91,E9,M2 joint multitask × R2 no-device + multitask heads,M2-R2,9,M2_joint,R2_nodevice_multi,multi,False,True,2011,internal_heldout_repoRT_ood,0097,0097,5,2011,0,frozen_backbone_fresh_head_kshot,kshot_fresh_head_frozen_model,,mol_key,96,96,5,0,ORIGINAL_WORKSPACE/RepoRT_PolyOmics_9exp_weight_only_notebooks/outputs/E9/seed_2011/best_model.pt,best_model.pt,55,33.53009427716805,strict,ORIGINAL_WORKSPACE/RepoRT_PolyOmics_9exp_weight_only_notebooks/outputs/evaluation_E1_E9_internal_heldout_OOD_kshot/_support_splits/seed_2011/0097/K5_repeat2011.csv,300,0.001,0.0001
57.46072618584884,26.717376708984375,102.71721659108337,27.349555457986437,76,0.9439627919127683,0.9023840951513905,76,E9,M2 joint multitask × R2 no-device + multitask heads,M2-R2,9,M2_joint,R2_nodevice_multi,multi,False,True,2011,internal_heldout_repoRT_ood,0097,0097,20,2011,0,frozen_backbone_fresh_head_kshot,kshot_fresh_head_frozen_model,,mol_key,96,96,20,0,ORIGINAL_WORKSPACE/RepoRT_PolyOmics_9exp_weight_only_notebooks/outputs/E9/seed_2011/best_model.pt,best_model.pt,55,33.53009427716805,strict,ORIGINAL_WORKSPACE/RepoRT_PolyOmics_9exp_weight_only_notebooks/outputs/evaluation_E1_E9_internal_heldout_OOD_kshot/_support_splits/seed_2011/0097/K20_repeat2011.csv,300,0.001,0.0001
301.6521291732788,359.16314363479614,349.31372053348684,133.60008056400702,580,-6.669805201963041,0.9543763893314057,580,E9,M2 joint multitask × R2 no-device + multitask heads,M2-R2,9,M2_joint,R2_nodevice_multi,multi,False,True,2011,internal_heldout_repoRT_ood,0238,0238,0,-1,0,zero_shot_seen_head_mean_ensemble,zero_shot,seen_head_mean_ensemble,mol_key,580,580,0,0,ORIGINAL_WORKSPACE/RepoRT_PolyOmics_9exp_weight_only_notebooks/outputs/E9/seed_2011/best_model.pt,best_model.pt,55,33.53009427716805,strict,,,,
45.69876835864523,39.78981971740723,56.138137327346115,32.298083886226955,575,0.8023001278044086,0.9398608874204871,575,E9,M2 joint multitask × R2 no-device + multitask heads,M2-R2,9,M2_joint,R2_nodevice_multi,multi,False,True,2011,internal_heldout_repoRT_ood,0238,0238,5,2011,0,frozen_backbone_fresh_head_kshot,kshot_fresh_head_frozen_model,,mol_key,580,580,5,0,ORIGINAL_WORKSPACE/RepoRT_PolyOmics_9exp_weight_only_notebooks/outputs/E9/seed_2011/best_model.pt,best_model.pt,55,33.53009427716805,strict,ORIGINAL_WORKSPACE/RepoRT_PolyOmics_9exp_weight_only_notebooks/outputs/evaluation_E1_E9_internal_heldout_OOD_kshot/_support_splits/seed_2011/0238/K5_repeat2011.csv,300,0.001,0.0001
25.724171442644938,18.135695457458496,37.04966306664545,18.449128676647845,560,0.9138898702163055,0.949578857826164,560,E9,M2 joint multitask × R2 no-device + multitask heads,M2-R2,9,M2_joint,R2_nodevice_multi,multi,False,True,2011,internal_heldout_repoRT_ood,0238,0238,20,2011,0,frozen_backbone_fresh_head_kshot,kshot_fresh_head_frozen_model,,mol_key,580,580,20,0,ORIGINAL_WORKSPACE/RepoRT_PolyOmics_9exp_weight_only_notebooks/outputs/E9/seed_2011/best_model.pt,best_model.pt,55,33.53009427716805,strict,ORIGINAL_WORKSPACE/RepoRT_PolyOmics_9exp_weight_only_notebooks/outputs/evaluation_E1_E9_internal_heldout_OOD_kshot/_support_splits/seed_2011/0238/K20_repeat2011.csv,300,0.001,0.0001
20.472003281116486,13.250126838684082,31.894504632518345,13.151515124908023,480,0.9361719067260609,0.9646576656243286,480,E9,M2 joint multitask × R2 no-device + multitask heads,M2-R2,9,M2_joint,R2_nodevice_multi,multi,False,True,2011,internal_heldout_repoRT_ood,0238,0238,100,2011,0,frozen_backbone_fresh_head_kshot,kshot_fresh_head_frozen_model,,mol_key,580,580,100,0,ORIGINAL_WORKSPACE/RepoRT_PolyOmics_9exp_weight_only_notebooks/outputs/E9/seed_2011/best_model.pt,best_model.pt,55,33.53009427716805,strict,ORIGINAL_WORKSPACE/RepoRT_PolyOmics_9exp_weight_only_notebooks/outputs/evaluation_E1_E9_internal_heldout_OOD_kshot/_support_splits/seed_2011/0238/K100_repeat2011.csv,300,0.001,0.0001
17.466667564291704,11.025023460388184,27.29849098642102,11.327103416771102,380,0.9525888020245685,0.9718432713752373,380,E9,M2 joint multitask × R2 no-device + multitask heads,M2-R2,9,M2_joint,R2_nodevice_multi,multi,False,True,2011,internal_heldout_repoRT_ood,0238,0238,200,2011,0,frozen_backbone_fresh_head_kshot,kshot_fresh_head_frozen_model,,mol_key,580,580,200,0,ORIGINAL_WORKSPACE/RepoRT_PolyOmics_9exp_weight_only_notebooks/outputs/E9/seed_2011/best_model.pt,best_model.pt,55,33.53009427716805,strict,ORIGINAL_WORKSPACE/RepoRT_PolyOmics_9exp_weight_only_notebooks/outputs/evaluation_E1_E9_internal_heldout_OOD_kshot/_support_splits/seed_2011/0238/K200_repeat2011.csv,300,0.001,0.0001
165.77223494648933,74.94821548461914,233.59210262111534,57.18236175489735,96,0.7136563073826359,0.916049122079562,96,E9,M2 joint multitask × R2 no-device + multitask heads,M2-R2,9,M2_joint,R2_nodevice_multi,multi,False,True,2012,internal_heldout_repoRT_ood,0097,0097,0,-1,0,zero_shot_seen_head_mean_ensemble,zero_shot,seen_head_mean_ensemble,mol_key,96,96,0,0,ORIGINAL_WORKSPACE/RepoRT_PolyOmics_9exp_weight_only_notebooks/outputs/E9/seed_2012/best_model.pt,best_model.pt,47,33.184986914327226,strict,,,,
108.19638875814584,73.90205383300781,162.938014925219,91.57950307667313,91,0.8610857526632426,0.9071649115133372,91,E9,M2 joint multitask × R2 no-device + multitask heads,M2-R2,9,M2_joint,R2_nodevice_multi,multi,False,True,2012,internal_heldout_repoRT_ood,0097,0097,5,2012,0,frozen_backbone_fresh_head_kshot,kshot_fresh_head_frozen_model,,mol_key,96,96,5,0,ORIGINAL_WORKSPACE/RepoRT_PolyOmics_9exp_weight_only_notebooks/outputs/E9/seed_2012/best_model.pt,best_model.pt,47,33.184986914327226,strict,ORIGINAL_WORKSPACE/RepoRT_PolyOmics_9exp_weight_only_notebooks/outputs/evaluation_E1_E9_internal_heldout_OOD_kshot/_support_splits/seed_2012/0097/K5_repeat2012.csv,300,0.001,0.0001
108.74663961561103,50.91902732849121,195.78768610081968,29.904139343796,76,0.8048162132919154,0.88061417621249,76,E9,M2 joint multitask × R2 no-device + multitask heads,M2-R2,9,M2_joint,R2_nodevice_multi,multi,False,True,2012,internal_heldout_repoRT_ood,0097,0097,20,2012,0,frozen_backbone_fresh_head_kshot,kshot_fresh_head_frozen_model,,mol_key,96,96,20,0,ORIGINAL_WORKSPACE/RepoRT_PolyOmics_9exp_weight_only_notebooks/outputs/E9/seed_2012/best_model.pt,best_model.pt,47,33.184986914327226,strict,ORIGINAL_WORKSPACE/RepoRT_PolyOmics_9exp_weight_only_notebooks/outputs/evaluation_E1_E9_internal_heldout_OOD_kshot/_support_splits/seed_2012/0097/K20_repeat2012.csv,300,0.001,0.0001
302.61012102817665,364.71879959106445,351.5552358470337,135.98189805911,580,-6.768553928130572,0.9378961892518858,580,E9,M2 joint multitask × R2 no-device + multitask heads,M2-R2,9,M2_joint,R2_nodevice_multi,multi,False,True,2012,internal_heldout_repoRT_ood,0238,0238,0,-1,0,zero_shot_seen_head_mean_ensemble,zero_shot,seen_head_mean_ensemble,mol_key,580,580,0,0,ORIGINAL_WORKSPACE/RepoRT_PolyOmics_9exp_weight_only_notebooks/outputs/E9/seed_2012/best_model.pt,best_model.pt,47,33.184986914327226,strict,,,,
49.92483872123387,38.243465423583984,64.58791785806598,62.61580760854438,575,0.737654658830444,0.9038872162253453,575,E9,M2 joint multitask × R2 no-device + multitask heads,M2-R2,9,M2_joint,R2_nodevice_multi,multi,False,True,2012,internal_heldout_repoRT_ood,0238,0238,5,2012,0,frozen_backbone_fresh_head_kshot,kshot_fresh_head_frozen_model,,mol_key,580,580,5,0,ORIGINAL_WORKSPACE/RepoRT_PolyOmics_9exp_weight_only_notebooks/outputs/E9/seed_2012/best_model.pt,best_model.pt,47,33.184986914327226,strict,ORIGINAL_WORKSPACE/RepoRT_PolyOmics_9exp_weight_only_notebooks/outputs/evaluation_E1_E9_internal_heldout_OOD_kshot/_support_splits/seed_2012/0238/K5_repeat2012.csv,300,0.001,0.0001
31.116734990051814,20.689022541046143,44.777808341635435,21.928617223540623,560,0.8747731198957927,0.9309460762047597,560,E9,M2 joint multitask × R2 no-device + multitask heads,M2-R2,9,M2_joint,R2_nodevice_multi,multi,False,True,2012,internal_heldout_repoRT_ood,0238,0238,20,2012,0,frozen_backbone_fresh_head_kshot,kshot_fresh_head_frozen_model,,mol_key,580,580,20,0,ORIGINAL_WORKSPACE/RepoRT_PolyOmics_9exp_weight_only_notebooks/outputs/E9/seed_2012/best_model.pt,best_model.pt,47,33.184986914327226,strict,ORIGINAL_WORKSPACE/RepoRT_PolyOmics_9exp_weight_only_notebooks/outputs/evaluation_E1_E9_internal_heldout_OOD_kshot/_support_splits/seed_2012/0238/K20_repeat2012.csv,300,0.001,0.0001
24.117844253778458,16.383790969848633,36.1820885239578,16.254082610538713,480,0.9189909070002239,0.9592298427550969,480,E9,M2 joint multitask × R2 no-device + multitask heads,M2-R2,9,M2_joint,R2_nodevice_multi,multi,False,True,2012,internal_heldout_repoRT_ood,0238,0238,100,2012,0,frozen_backbone_fresh_head_kshot,kshot_fresh_head_frozen_model,,mol_key,580,580,100,0,ORIGINAL_WORKSPACE/RepoRT_PolyOmics_9exp_weight_only_notebooks/outputs/E9/seed_2012/best_model.pt,best_model.pt,47,33.184986914327226,strict,ORIGINAL_WORKSPACE/RepoRT_PolyOmics_9exp_weight_only_notebooks/outputs/evaluation_E1_E9_internal_heldout_OOD_kshot/_support_splits/seed_2012/0238/K100_repeat2012.csv,300,0.001,0.0001
20.05061553653918,11.319172382354736,33.536744190328506,12.787739788748919,380,0.9304236498764784,0.9592517151520349,380,E9,M2 joint multitask × R2 no-device + multitask heads,M2-R2,9,M2_joint,R2_nodevice_multi,multi,False,True,2012,internal_heldout_repoRT_ood,0238,0238,200,2012,0,frozen_backbone_fresh_head_kshot,kshot_fresh_head_frozen_model,,mol_key,580,580,200,0,ORIGINAL_WORKSPACE/RepoRT_PolyOmics_9exp_weight_only_notebooks/outputs/E9/seed_2012/best_model.pt,best_model.pt,47,33.184986914327226,strict,ORIGINAL_WORKSPACE/RepoRT_PolyOmics_9exp_weight_only_notebooks/outputs/evaluation_E1_E9_internal_heldout_OOD_kshot/_support_splits/seed_2012/0238/K200_repeat2012.csv,300,0.001,0.0001
172.96036705374718,104.41411256790161,236.35699025622813,63.411289380329336,96,0.706837633963016,0.9352671732711197,96,E9,M2 joint multitask × R2 no-device + multitask heads,M2-R2,9,M2_joint,R2_nodevice_multi,multi,False,True,2016,internal_heldout_repoRT_ood,0097,0097,0,-1,0,zero_shot_seen_head_mean_ensemble,zero_shot,seen_head_mean_ensemble,mol_key,96,96,0,0,ORIGINAL_WORKSPACE/RepoRT_PolyOmics_9exp_weight_only_notebooks/outputs/E9/seed_2016/best_model.pt,best_model.pt,93,31.92265915034712,strict,,,,
126.94354424109825,66.3394832611084,192.39618090266984,95.23817397028147,91,0.806817149988502,0.9257738635031763,91,E9,M2 joint multitask × R2 no-device + multitask heads,M2-R2,9,M2_joint,R2_nodevice_multi,multi,False,True,2016,internal_heldout_repoRT_ood,0097,0097,5,2016,0,frozen_backbone_fresh_head_kshot,kshot_fresh_head_frozen_model,,mol_key,96,96,5,0,ORIGINAL_WORKSPACE/RepoRT_PolyOmics_9exp_weight_only_notebooks/outputs/E9/seed_2016/best_model.pt,best_model.pt,93,31.92265915034712,strict,ORIGINAL_WORKSPACE/RepoRT_PolyOmics_9exp_weight_only_notebooks/outputs/evaluation_E1_E9_internal_heldout_OOD_kshot/_support_splits/seed_2016/0097/K5_repeat2016.csv,300,0.001,0.0001
86.35269321893391,54.58574295043945,140.11785547657968,34.02442089567239,76,0.9030237796143571,0.9454261234046927,76,E9,M2 joint multitask × R2 no-device + multitask heads,M2-R2,9,M2_joint,R2_nodevice_multi,multi,False,True,2016,internal_heldout_repoRT_ood,0097,0097,20,2016,0,frozen_backbone_fresh_head_kshot,kshot_fresh_head_frozen_model,,mol_key,96,96,20,0,ORIGINAL_WORKSPACE/RepoRT_PolyOmics_9exp_weight_only_notebooks/outputs/E9/seed_2016/best_model.pt,best_model.pt,93,31.92265915034712,strict,ORIGINAL_WORKSPACE/RepoRT_PolyOmics_9exp_weight_only_notebooks/outputs/evaluation_E1_E9_internal_heldout_OOD_kshot/_support_splits/seed_2016/0097/K20_repeat2016.csv,300,0.001,0.0001
305.4860189783162,350.55216550827026,354.6588941196011,138.68908287160272,580,-6.906326735034985,0.9538552392053068,580,E9,M2 joint multitask × R2 no-device + multitask heads,M2-R2,9,M2_joint,R2_nodevice_multi,multi,False,True,2016,internal_heldout_repoRT_ood,0238,0238,0,-1,0,zero_shot_seen_head_mean_ensemble,zero_shot,seen_head_mean_ensemble,mol_key,580,580,0,0,ORIGINAL_WORKSPACE/RepoRT_PolyOmics_9exp_weight_only_notebooks/outputs/E9/seed_2016/best_model.pt,best_model.pt,93,31.92265915034712,strict,,,,
51.50566219661547,34.888272285461426,74.26770542639338,25.114746272019406,575,0.6520783325396837,0.937135443552607,575,E9,M2 joint multitask × R2 no-device + multitask heads,M2-R2,9,M2_joint,R2_nodevice_multi,multi,False,True,2016,internal_heldout_repoRT_ood,0238,0238,5,2016,0,frozen_backbone_fresh_head_kshot,kshot_fresh_head_frozen_model,,mol_key,580,580,5,0,ORIGINAL_WORKSPACE/RepoRT_PolyOmics_9exp_weight_only_notebooks/outputs/E9/seed_2016/best_model.pt,best_model.pt,93,31.92265915034712,strict,ORIGINAL_WORKSPACE/RepoRT_PolyOmics_9exp_weight_only_notebooks/outputs/evaluation_E1_E9_internal_heldout_OOD_kshot/_support_splits/seed_2016/0238/K5_repeat2016.csv,300,0.001,0.0001
23.222635209560394,14.174866676330566,35.66073419964007,13.961548626858516,560,0.9195169694371014,0.9501335681699736,560,E9,M2 joint multitask × R2 no-device + multitask heads,M2-R2,9,M2_joint,R2_nodevice_multi,multi,False,True,2016,internal_heldout_repoRT_ood,0238,0238,20,2016,0,frozen_backbone_fresh_head_kshot,kshot_fresh_head_frozen_model,,mol_key,580,580,20,0,ORIGINAL_WORKSPACE/RepoRT_PolyOmics_9exp_weight_only_notebooks/outputs/E9/seed_2016/best_model.pt,best_model.pt,93,31.92265915034712,strict,ORIGINAL_WORKSPACE/RepoRT_PolyOmics_9exp_weight_only_notebooks/outputs/evaluation_E1_E9_internal_heldout_OOD_kshot/_support_splits/seed_2016/0238/K20_repeat2016.csv,300,0.001,0.0001
17.95290231704712,8.79115104675293,32.302338414881675,11.260091452147819,480,0.9338826186744218,0.9545474040536226,480,E9,M2 joint multitask × R2 no-device + multitask heads,M2-R2,9,M2_joint,R2_nodevice_multi,multi,False,True,2016,internal_heldout_repoRT_ood,0238,0238,100,2016,0,frozen_backbone_fresh_head_kshot,kshot_fresh_head_frozen_model,,mol_key,580,580,100,0,ORIGINAL_WORKSPACE/RepoRT_PolyOmics_9exp_weight_only_notebooks/outputs/E9/seed_2016/best_model.pt,best_model.pt,93,31.92265915034712,strict,ORIGINAL_WORKSPACE/RepoRT_PolyOmics_9exp_weight_only_notebooks/outputs/evaluation_E1_E9_internal_heldout_OOD_kshot/_support_splits/seed_2016/0238/K100_repeat2016.csv,300,0.001,0.0001
18.917396382281655,10.781278610229492,35.04594015027325,14.223919119478785,380,0.922707531843502,0.9593586783959717,380,E9,M2 joint multitask × R2 no-device + multitask heads,M2-R2,9,M2_joint,R2_nodevice_multi,multi,False,True,2016,internal_heldout_repoRT_ood,0238,0238,200,2016,0,frozen_backbone_fresh_head_kshot,kshot_fresh_head_frozen_model,,mol_key,580,580,200,0,ORIGINAL_WORKSPACE/RepoRT_PolyOmics_9exp_weight_only_notebooks/outputs/E9/seed_2016/best_model.pt,best_model.pt,93,31.92265915034712,strict,ORIGINAL_WORKSPACE/RepoRT_PolyOmics_9exp_weight_only_notebooks/outputs/evaluation_E1_E9_internal_heldout_OOD_kshot/_support_splits/seed_2016/0238/K200_repeat2016.csv,300,0.001,0.0001
172.06987217068672,94.33442831039429,234.24914532246999,65.21744511003033,96,0.7120431843610115,0.9493785196937546,96,E9,M2 joint multitask × R2 no-device + multitask heads,M2-R2,9,M2_joint,R2_nodevice_multi,multi,False,True,2020,internal_heldout_repoRT_ood,0097,0097,0,-1,0,zero_shot_seen_head_mean_ensemble,zero_shot,seen_head_mean_ensemble,mol_key,96,96,0,0,ORIGINAL_WORKSPACE/RepoRT_PolyOmics_9exp_weight_only_notebooks/outputs/E9/seed_2020/best_model.pt,best_model.pt,57,37.18242080467286,strict,,,,
64.80237966055398,23.695592880249023,119.62467415861035,33.045808150171325,91,0.9256171221426245,0.9092689178132388,91,E9,M2 joint multitask × R2 no-device + multitask heads,M2-R2,9,M2_joint,R2_nodevice_multi,multi,False,True,2020,internal_heldout_repoRT_ood,0097,0097,5,2020,0,frozen_backbone_fresh_head_kshot,kshot_fresh_head_frozen_model,,mol_key,96,96,5,0,ORIGINAL_WORKSPACE/RepoRT_PolyOmics_9exp_weight_only_notebooks/outputs/E9/seed_2020/best_model.pt,best_model.pt,57,37.18242080467286,strict,ORIGINAL_WORKSPACE/RepoRT_PolyOmics_9exp_weight_only_notebooks/outputs/evaluation_E1_E9_internal_heldout_OOD_kshot/_support_splits/seed_2020/0097/K5_repeat2020.csv,300,0.001,0.0001
47.69362920208981,23.91087770462036,80.31235618170366,28.06205693582216,76,0.9633675483632453,0.9489095736613088,76,E9,M2 joint multitask × R2 no-device + multitask heads,M2-R2,9,M2_joint,R2_nodevice_multi,multi,False,True,2020,internal_heldout_repoRT_ood,0097,0097,20,2020,0,frozen_backbone_fresh_head_kshot,kshot_fresh_head_frozen_model,,mol_key,96,96,20,0,ORIGINAL_WORKSPACE/RepoRT_PolyOmics_9exp_weight_only_notebooks/outputs/E9/seed_2020/best_model.pt,best_model.pt,57,37.18242080467286,strict,ORIGINAL_WORKSPACE/RepoRT_PolyOmics_9exp_weight_only_notebooks/outputs/evaluation_E1_E9_internal_heldout_OOD_kshot/_support_splits/seed_2020/0097/K20_repeat2020.csv,300,0.001,0.0001
297.04587060829687,310.0591993331909,342.96204620296186,139.4676032010013,580,-6.393416582262443,0.9462019607337031,580,E9,M2 joint multitask × R2 no-device + multitask heads,M2-R2,9,M2_joint,R2_nodevice_multi,multi,False,True,2020,internal_heldout_repoRT_ood,0238,0238,0,-1,0,zero_shot_seen_head_mean_ensemble,zero_shot,seen_head_mean_ensemble,mol_key,580,580,0,0,ORIGINAL_WORKSPACE/RepoRT_PolyOmics_9exp_weight_only_notebooks/outputs/E9/seed_2020/best_model.pt,best_model.pt,57,37.18242080467286,strict,,,,
23.839510843028194,15.273685455322266,35.36634896337008,15.652471391823111,575,0.9216742661085349,0.9468791999361341,575,E9,M2 joint multitask × R2 no-device + multitask heads,M2-R2,9,M2_joint,R2_nodevice_multi,multi,False,True,2020,internal_heldout_repoRT_ood,0238,0238,5,2020,0,frozen_backbone_fresh_head_kshot,kshot_fresh_head_frozen_model,,mol_key,580,580,5,0,ORIGINAL_WORKSPACE/RepoRT_PolyOmics_9exp_weight_only_notebooks/outputs/E9/seed_2020/best_model.pt,best_model.pt,57,37.18242080467286,strict,ORIGINAL_WORKSPACE/RepoRT_PolyOmics_9exp_weight_only_notebooks/outputs/evaluation_E1_E9_internal_heldout_OOD_kshot/_support_splits/seed_2020/0238/K5_repeat2020.csv,300,0.001,0.0001
30.723050900868007,19.81886386871338,44.86312948882824,20.928945664605138,560,0.8732031818078096,0.941687779231856,560,E9,M2 joint multitask × R2 no-device + multitask heads,M2-R2,9,M2_joint,R2_nodevice_multi,multi,False,True,2020,internal_heldout_repoRT_ood,0238,0238,20,2020,0,frozen_backbone_fresh_head_kshot,kshot_fresh_head_frozen_model,,mol_key,580,580,20,0,ORIGINAL_WORKSPACE/RepoRT_PolyOmics_9exp_weight_only_notebooks/outputs/E9/seed_2020/best_model.pt,best_model.pt,57,37.18242080467286,strict,ORIGINAL_WORKSPACE/RepoRT_PolyOmics_9exp_weight_only_notebooks/outputs/evaluation_E1_E9_internal_heldout_OOD_kshot/_support_splits/seed_2020/0238/K20_repeat2020.csv,300,0.001,0.0001
23.717260003089905,13.93381118774414,38.0507514109517,15.082808418528185,480,0.9080386854134798,0.9452896072577393,480,E9,M2 joint multitask × R2 no-device + multitask heads,M2-R2,9,M2_joint,R2_nodevice_multi,multi,False,True,2020,internal_heldout_repoRT_ood,0238,0238,100,2020,0,frozen_backbone_fresh_head_kshot,kshot_fresh_head_frozen_model,,mol_key,580,580,100,0,ORIGINAL_WORKSPACE/RepoRT_PolyOmics_9exp_weight_only_notebooks/outputs/E9/seed_2020/best_model.pt,best_model.pt,57,37.18242080467286,strict,ORIGINAL_WORKSPACE/RepoRT_PolyOmics_9exp_weight_only_notebooks/outputs/evaluation_E1_E9_internal_heldout_OOD_kshot/_support_splits/seed_2020/0238/K100_repeat2020.csv,300,0.001,0.0001
19.99023541651274,10.798752307891846,32.29795147685141,12.345918491653174,380,0.9340760685692064,0.9610544422419337,380,E9,M2 joint multitask × R2 no-device + multitask heads,M2-R2,9,M2_joint,R2_nodevice_multi,multi,False,True,2020,internal_heldout_repoRT_ood,0238,0238,200,2020,0,frozen_backbone_fresh_head_kshot,kshot_fresh_head_frozen_model,,mol_key,580,580,200,0,ORIGINAL_WORKSPACE/RepoRT_PolyOmics_9exp_weight_only_notebooks/outputs/E9/seed_2020/best_model.pt,best_model.pt,57,37.18242080467286,strict,ORIGINAL_WORKSPACE/RepoRT_PolyOmics_9exp_weight_only_notebooks/outputs/evaluation_E1_E9_internal_heldout_OOD_kshot/_support_splits/seed_2020/0238/K200_repeat2020.csv,300,0.001,0.0001
167.2469425201416,110.73371171951294,228.08112481589282,58.64250481761829,96,0.727007946838839,0.9394163708958696,96,E9,M2 joint multitask × R2 no-device + multitask heads,M2-R2,9,M2_joint,R2_nodevice_multi,multi,False,True,2022,internal_heldout_repoRT_ood,0097,0097,0,-1,0,zero_shot_seen_head_mean_ensemble,zero_shot,seen_head_mean_ensemble,mol_key,96,96,0,0,ORIGINAL_WORKSPACE/RepoRT_PolyOmics_9exp_weight_only_notebooks/outputs/E9/seed_2022/best_model.pt,best_model.pt,53,36.289147807073654,strict,,,,
237.1799756668426,126.02259635925293,335.07256779242823,38.8614855924495,91,0.4176602205415497,0.9438748115073254,91,E9,M2 joint multitask × R2 no-device + multitask heads,M2-R2,9,M2_joint,R2_nodevice_multi,multi,False,True,2022,internal_heldout_repoRT_ood,0097,0097,5,2022,0,frozen_backbone_fresh_head_kshot,kshot_fresh_head_frozen_model,,mol_key,96,96,5,0,ORIGINAL_WORKSPACE/RepoRT_PolyOmics_9exp_weight_only_notebooks/outputs/E9/seed_2022/best_model.pt,best_model.pt,53,36.289147807073654,strict,ORIGINAL_WORKSPACE/RepoRT_PolyOmics_9exp_weight_only_notebooks/outputs/evaluation_E1_E9_internal_heldout_OOD_kshot/_support_splits/seed_2022/0097/K5_repeat2022.csv,300,0.001,0.0001
86.81912484921907,51.3278603553772,129.05226149693848,60.00702861905379,76,0.91093470299851,0.8846790235093607,76,E9,M2 joint multitask × R2 no-device + multitask heads,M2-R2,9,M2_joint,R2_nodevice_multi,multi,False,True,2022,internal_heldout_repoRT_ood,0097,0097,20,2022,0,frozen_backbone_fresh_head_kshot,kshot_fresh_head_frozen_model,,mol_key,96,96,20,0,ORIGINAL_WORKSPACE/RepoRT_PolyOmics_9exp_weight_only_notebooks/outputs/E9/seed_2022/best_model.pt,best_model.pt,53,36.289147807073654,strict,ORIGINAL_WORKSPACE/RepoRT_PolyOmics_9exp_weight_only_notebooks/outputs/evaluation_E1_E9_internal_heldout_OOD_kshot/_support_splits/seed_2022/0097/K20_repeat2022.csv,300,0.001,0.0001
312.4446075538109,374.39294815063477,361.93899797042417,139.79703565213757,580,-7.234245433458819,0.9531299210801759,580,E9,M2 joint multitask × R2 no-device + multitask heads,M2-R2,9,M2_joint,R2_nodevice_multi,multi,False,True,2022,internal_heldout_repoRT_ood,0238,0238,0,-1,0,zero_shot_seen_head_mean_ensemble,zero_shot,seen_head_mean_ensemble,mol_key,580,580,0,0,ORIGINAL_WORKSPACE/RepoRT_PolyOmics_9exp_weight_only_notebooks/outputs/E9/seed_2022/best_model.pt,best_model.pt,53,36.289147807073654,strict,,,,
71.00772190923276,46.339216232299805,97.92185101000099,113.69347242420899,575,0.3967507903834051,0.8164913628981187,575,E9,M2 joint multitask × R2 no-device + multitask heads,M2-R2,9,M2_joint,R2_nodevice_multi,multi,False,True,2022,internal_heldout_repoRT_ood,0238,0238,5,2022,0,frozen_backbone_fresh_head_kshot,kshot_fresh_head_frozen_model,,mol_key,580,580,5,0,ORIGINAL_WORKSPACE/RepoRT_PolyOmics_9exp_weight_only_notebooks/outputs/E9/seed_2022/best_model.pt,best_model.pt,53,36.289147807073654,strict,ORIGINAL_WORKSPACE/RepoRT_PolyOmics_9exp_weight_only_notebooks/outputs/evaluation_E1_E9_internal_heldout_OOD_kshot/_support_splits/seed_2022/0238/K5_repeat2022.csv,300,0.001,0.0001
19.752672723361425,12.620501518249512,32.332007311364286,11.059586762956481,560,0.9343030334885728,0.9584606909215192,560,E9,M2 joint multitask × R2 no-device + multitask heads,M2-R2,9,M2_joint,R2_nodevice_multi,multi,False,True,2022,internal_heldout_repoRT_ood,0238,0238,20,2022,0,frozen_backbone_fresh_head_kshot,kshot_fresh_head_frozen_model,,mol_key,580,580,20,0,ORIGINAL_WORKSPACE/RepoRT_PolyOmics_9exp_weight_only_notebooks/outputs/E9/seed_2022/best_model.pt,best_model.pt,53,36.289147807073654,strict,ORIGINAL_WORKSPACE/RepoRT_PolyOmics_9exp_weight_only_notebooks/outputs/evaluation_E1_E9_internal_heldout_OOD_kshot/_support_splits/seed_2022/0238/K20_repeat2022.csv,300,0.001,0.0001
21.499595671892166,12.154462337493896,35.73951309165879,13.231255651261126,480,0.9187788336065718,0.9470252195093268,480,E9,M2 joint multitask × R2 no-device + multitask heads,M2-R2,9,M2_joint,R2_nodevice_multi,multi,False,True,2022,internal_heldout_repoRT_ood,0238,0238,100,2022,0,frozen_backbone_fresh_head_kshot,kshot_fresh_head_frozen_model,,mol_key,580,580,100,0,ORIGINAL_WORKSPACE/RepoRT_PolyOmics_9exp_weight_only_notebooks/outputs/E9/seed_2022/best_model.pt,best_model.pt,53,36.289147807073654,strict,ORIGINAL_WORKSPACE/RepoRT_PolyOmics_9exp_weight_only_notebooks/outputs/evaluation_E1_E9_internal_heldout_OOD_kshot/_support_splits/seed_2022/0238/K100_repeat2022.csv,300,0.001,0.0001
17.829504414608603,11.7277193069458,28.83752870039646,10.540560829717172,380,0.9499501309208582,0.9642448788554665,380,E9,M2 joint multitask × R2 no-device + multitask heads,M2-R2,9,M2_joint,R2_nodevice_multi,multi,False,True,2022,internal_heldout_repoRT_ood,0238,0238,200,2022,0,frozen_backbone_fresh_head_kshot,kshot_fresh_head_frozen_model,,mol_key,580,580,200,0,ORIGINAL_WORKSPACE/RepoRT_PolyOmics_9exp_weight_only_notebooks/outputs/E9/seed_2022/best_model.pt,best_model.pt,53,36.289147807073654,strict,ORIGINAL_WORKSPACE/RepoRT_PolyOmics_9exp_weight_only_notebooks/outputs/evaluation_E1_E9_internal_heldout_OOD_kshot/_support_splits/seed_2022/0238/K200_repeat2022.csv,300,0.001,0.0001
172.61415347456932,142.2204566001892,242.28506417950763,55.0166994443396,96,0.691947599259038,0.9362382620769123,96,E9,M2 joint multitask × R2 no-device + multitask heads,M2-R2,9,M2_joint,R2_nodevice_multi,multi,False,True,2027,internal_heldout_repoRT_ood,0097,0097,0,-1,0,zero_shot_seen_head_mean_ensemble,zero_shot,seen_head_mean_ensemble,mol_key,96,96,0,0,ORIGINAL_WORKSPACE/RepoRT_PolyOmics_9exp_weight_only_notebooks/outputs/E9/seed_2027/best_model.pt,best_model.pt,70,35.00589279349059,strict,,,,
81.82548664428376,26.823835372924805,163.55942558974715,34.735969709864676,91,0.8603637048537354,0.9249205702461208,91,E9,M2 joint multitask × R2 no-device + multitask heads,M2-R2,9,M2_joint,R2_nodevice_multi,multi,False,True,2027,internal_heldout_repoRT_ood,0097,0097,5,2027,0,frozen_backbone_fresh_head_kshot,kshot_fresh_head_frozen_model,,mol_key,96,96,5,0,ORIGINAL_WORKSPACE/RepoRT_PolyOmics_9exp_weight_only_notebooks/outputs/E9/seed_2027/best_model.pt,best_model.pt,70,35.00589279349059,strict,ORIGINAL_WORKSPACE/RepoRT_PolyOmics_9exp_weight_only_notebooks/outputs/evaluation_E1_E9_internal_heldout_OOD_kshot/_support_splits/seed_2027/0097/K5_repeat2027.csv,300,0.001,0.0001
90.00556092513234,33.71081829071045,156.20345285929065,64.55827148866092,76,0.8758338689700825,0.8972265597363235,76,E9,M2 joint multitask × R2 no-device + multitask heads,M2-R2,9,M2_joint,R2_nodevice_multi,multi,False,True,2027,internal_heldout_repoRT_ood,0097,0097,20,2027,0,frozen_backbone_fresh_head_kshot,kshot_fresh_head_frozen_model,,mol_key,96,96,20,0,ORIGINAL_WORKSPACE/RepoRT_PolyOmics_9exp_weight_only_notebooks/outputs/E9/seed_2027/best_model.pt,best_model.pt,70,35.00589279349059,strict,ORIGINAL_WORKSPACE/RepoRT_PolyOmics_9exp_weight_only_notebooks/outputs/evaluation_E1_E9_internal_heldout_OOD_kshot/_support_splits/seed_2027/0097/K20_repeat2027.csv,300,0.001,0.0001
304.96146467636373,354.7643995285034,353.8835471576175,133.56522641991933,580,-6.8717953067307,0.9628470183846594,580,E9,M2 joint multitask × R2 no-device + multitask heads,M2-R2,9,M2_joint,R2_nodevice_multi,multi,False,True,2027,internal_heldout_repoRT_ood,0238,0238,0,-1,0,zero_shot_seen_head_mean_ensemble,zero_shot,seen_head_mean_ensemble,mol_key,580,580,0,0,ORIGINAL_WORKSPACE/RepoRT_PolyOmics_9exp_weight_only_notebooks/outputs/E9/seed_2027/best_model.pt,best_model.pt,70,35.00589279349059,strict,,,,
60.96213193976361,29.87706184387207,89.48838046909334,105.61543499217379,575,0.49848987168963943,0.8225255882068712,575,E9,M2 joint multitask × R2 no-device + multitask heads,M2-R2,9,M2_joint,R2_nodevice_multi,multi,False,True,2027,internal_heldout_repoRT_ood,0238,0238,5,2027,0,frozen_backbone_fresh_head_kshot,kshot_fresh_head_frozen_model,,mol_key,580,580,5,0,ORIGINAL_WORKSPACE/RepoRT_PolyOmics_9exp_weight_only_notebooks/outputs/E9/seed_2027/best_model.pt,best_model.pt,70,35.00589279349059,strict,ORIGINAL_WORKSPACE/RepoRT_PolyOmics_9exp_weight_only_notebooks/outputs/evaluation_E1_E9_internal_heldout_OOD_kshot/_support_splits/seed_2027/0238/K5_repeat2027.csv,300,0.001,0.0001
23.009558149746486,12.709150314331055,37.1166269103969,13.363827447916208,560,0.913010425058581,0.9485217529936374,560,E9,M2 joint multitask × R2 no-device + multitask heads,M2-R2,9,M2_joint,R2_nodevice_multi,multi,False,True,2027,internal_heldout_repoRT_ood,0238,0238,20,2027,0,frozen_backbone_fresh_head_kshot,kshot_fresh_head_frozen_model,,mol_key,580,580,20,0,ORIGINAL_WORKSPACE/RepoRT_PolyOmics_9exp_weight_only_notebooks/outputs/E9/seed_2027/best_model.pt,best_model.pt,70,35.00589279349059,strict,ORIGINAL_WORKSPACE/RepoRT_PolyOmics_9exp_weight_only_notebooks/outputs/evaluation_E1_E9_internal_heldout_OOD_kshot/_support_splits/seed_2027/0238/K20_repeat2027.csv,300,0.001,0.0001
19.198681741952896,11.995339393615723,29.935813318731643,12.7903924752299,480,0.9415627273831997,0.9627306864512877,480,E9,M2 joint multitask × R2 no-device + multitask heads,M2-R2,9,M2_joint,R2_nodevice_multi,multi,False,True,2027,internal_heldout_repoRT_ood,0238,0238,100,2027,0,frozen_backbone_fresh_head_kshot,kshot_fresh_head_frozen_model,,mol_key,580,580,100,0,ORIGINAL_WORKSPACE/RepoRT_PolyOmics_9exp_weight_only_notebooks/outputs/E9/seed_2027/best_model.pt,best_model.pt,70,35.00589279349059,strict,ORIGINAL_WORKSPACE/RepoRT_PolyOmics_9exp_weight_only_notebooks/outputs/evaluation_E1_E9_internal_heldout_OOD_kshot/_support_splits/seed_2027/0238/K100_repeat2027.csv,300,0.001,0.0001
17.96888614955701,10.49617052078247,29.031105882059776,10.136600825317348,380,0.9457292816898717,0.9646026593295954,380,E9,M2 joint multitask × R2 no-device + multitask heads,M2-R2,9,M2_joint,R2_nodevice_multi,multi,False,True,2027,internal_heldout_repoRT_ood,0238,0238,200,2027,0,frozen_backbone_fresh_head_kshot,kshot_fresh_head_frozen_model,,mol_key,580,580,200,0,ORIGINAL_WORKSPACE/RepoRT_PolyOmics_9exp_weight_only_notebooks/outputs/E9/seed_2027/best_model.pt,best_model.pt,70,35.00589279349059,strict,ORIGINAL_WORKSPACE/RepoRT_PolyOmics_9exp_weight_only_notebooks/outputs/evaluation_E1_E9_internal_heldout_OOD_kshot/_support_splits/seed_2027/0238/K200_repeat2027.csv,300,0.001,0.0001
171.37599647045135,99.42457437515259,239.04197797093818,55.803092012019206,96,0.7001392227443447,0.9551235625587927,96,E9,M2 joint multitask × R2 no-device + multitask heads,M2-R2,9,M2_joint,R2_nodevice_multi,multi,False,True,2032,internal_heldout_repoRT_ood,0097,0097,0,-1,0,zero_shot_seen_head_mean_ensemble,zero_shot,seen_head_mean_ensemble,mol_key,96,96,0,0,ORIGINAL_WORKSPACE/RepoRT_PolyOmics_9exp_weight_only_notebooks/outputs/E9/seed_2032/best_model.pt,best_model.pt,66,33.05470579795475,strict,,,,
110.23441503336142,69.92297172546387,159.18854557223486,114.29056840990626,91,0.8656113889803849,0.9463171470133298,91,E9,M2 joint multitask × R2 no-device + multitask heads,M2-R2,9,M2_joint,R2_nodevice_multi,multi,False,True,2032,internal_heldout_repoRT_ood,0097,0097,5,2032,0,frozen_backbone_fresh_head_kshot,kshot_fresh_head_frozen_model,,mol_key,96,96,5,0,ORIGINAL_WORKSPACE/RepoRT_PolyOmics_9exp_weight_only_notebooks/outputs/E9/seed_2032/best_model.pt,best_model.pt,66,33.05470579795475,strict,ORIGINAL_WORKSPACE/RepoRT_PolyOmics_9exp_weight_only_notebooks/outputs/evaluation_E1_E9_internal_heldout_OOD_kshot/_support_splits/seed_2032/0097/K5_repeat2032.csv,300,0.001,0.0001
60.72311432738053,34.26107883453369,99.47758913691298,55.15522329274765,76,0.9440983669385445,0.9323450369398847,76,E9,M2 joint multitask × R2 no-device + multitask heads,M2-R2,9,M2_joint,R2_nodevice_multi,multi,False,True,2032,internal_heldout_repoRT_ood,0097,0097,20,2032,0,frozen_backbone_fresh_head_kshot,kshot_fresh_head_frozen_model,,mol_key,96,96,20,0,ORIGINAL_WORKSPACE/RepoRT_PolyOmics_9exp_weight_only_notebooks/outputs/E9/seed_2032/best_model.pt,best_model.pt,66,33.05470579795475,strict,ORIGINAL_WORKSPACE/RepoRT_PolyOmics_9exp_weight_only_notebooks/outputs/evaluation_E1_E9_internal_heldout_OOD_kshot/_support_splits/seed_2032/0097/K20_repeat2032.csv,300,0.001,0.0001
300.3589104455093,351.10580921173096,347.5268432328318,133.7657436451546,580,-6.591537859299732,0.9559419148022478,580,E9,M2 joint multitask × R2 no-device + multitask heads,M2-R2,9,M2_joint,R2_nodevice_multi,multi,False,True,2032,internal_heldout_repoRT_ood,0238,0238,0,-1,0,zero_shot_seen_head_mean_ensemble,zero_shot,seen_head_mean_ensemble,mol_key,580,580,0,0,ORIGINAL_WORKSPACE/RepoRT_PolyOmics_9exp_weight_only_notebooks/outputs/E9/seed_2032/best_model.pt,best_model.pt,66,33.05470579795475,strict,,,,
49.46930216913638,41.5418815612793,60.82993768295638,61.483847665780644,575,0.7679694107044894,0.9347702806636602,575,E9,M2 joint multitask × R2 no-device + multitask heads,M2-R2,9,M2_joint,R2_nodevice_multi,multi,False,True,2032,internal_heldout_repoRT_ood,0238,0238,5,2032,0,frozen_backbone_fresh_head_kshot,kshot_fresh_head_frozen_model,,mol_key,580,580,5,0,ORIGINAL_WORKSPACE/RepoRT_PolyOmics_9exp_weight_only_notebooks/outputs/E9/seed_2032/best_model.pt,best_model.pt,66,33.05470579795475,strict,ORIGINAL_WORKSPACE/RepoRT_PolyOmics_9exp_weight_only_notebooks/outputs/evaluation_E1_E9_internal_heldout_OOD_kshot/_support_splits/seed_2032/0238/K5_repeat2032.csv,300,0.001,0.0001
23.77990768636976,16.85058832168579,34.034329322994374,17.89916166618419,560,0.9274902597001475,0.9466196835418862,560,E9,M2 joint multitask × R2 no-device + multitask heads,M2-R2,9,M2_joint,R2_nodevice_multi,multi,False,True,2032,internal_heldout_repoRT_ood,0238,0238,20,2032,0,frozen_backbone_fresh_head_kshot,kshot_fresh_head_frozen_model,,mol_key,580,580,20,0,ORIGINAL_WORKSPACE/RepoRT_PolyOmics_9exp_weight_only_notebooks/outputs/E9/seed_2032/best_model.pt,best_model.pt,66,33.05470579795475,strict,ORIGINAL_WORKSPACE/RepoRT_PolyOmics_9exp_weight_only_notebooks/outputs/evaluation_E1_E9_internal_heldout_OOD_kshot/_support_splits/seed_2032/0238/K20_repeat2032.csv,300,0.001,0.0001
19.55229863524437,12.15662956237793,30.023741469965547,10.239308608495039,480,0.9410417878521291,0.9673439252872447,480,E9,M2 joint multitask × R2 no-device + multitask heads,M2-R2,9,M2_joint,R2_nodevice_multi,multi,False,True,2032,internal_heldout_repoRT_ood,0238,0238,100,2032,0,frozen_backbone_fresh_head_kshot,kshot_fresh_head_frozen_model,,mol_key,580,580,100,0,ORIGINAL_WORKSPACE/RepoRT_PolyOmics_9exp_weight_only_notebooks/outputs/E9/seed_2032/best_model.pt,best_model.pt,66,33.05470579795475,strict,ORIGINAL_WORKSPACE/RepoRT_PolyOmics_9exp_weight_only_notebooks/outputs/evaluation_E1_E9_internal_heldout_OOD_kshot/_support_splits/seed_2032/0238/K100_repeat2032.csv,300,0.001,0.0001
17.059194389142487,8.886351585388184,28.074647061055582,9.743430473800169,380,0.9513016473001535,0.9710599361980423,380,E9,M2 joint multitask × R2 no-device + multitask heads,M2-R2,9,M2_joint,R2_nodevice_multi,multi,False,True,2032,internal_heldout_repoRT_ood,0238,0238,200,2032,0,frozen_backbone_fresh_head_kshot,kshot_fresh_head_frozen_model,,mol_key,580,580,200,0,ORIGINAL_WORKSPACE/RepoRT_PolyOmics_9exp_weight_only_notebooks/outputs/E9/seed_2032/best_model.pt,best_model.pt,66,33.05470579795475,strict,ORIGINAL_WORKSPACE/RepoRT_PolyOmics_9exp_weight_only_notebooks/outputs/evaluation_E1_E9_internal_heldout_OOD_kshot/_support_splits/seed_2032/0238/K200_repeat2032.csv,300,0.001,0.0001
167.4217838048935,74.75307941436768,232.5808635153428,56.9029500661893,96,0.716130145468294,0.9390700385245728,96,E9,M2 joint multitask × R2 no-device + multitask heads,M2-R2,9,M2_joint,R2_nodevice_multi,multi,False,True,2034,internal_heldout_repoRT_ood,0097,0097,0,-1,0,zero_shot_seen_head_mean_ensemble,zero_shot,seen_head_mean_ensemble,mol_key,96,96,0,0,ORIGINAL_WORKSPACE/RepoRT_PolyOmics_9exp_weight_only_notebooks/outputs/E9/seed_2034/best_model.pt,best_model.pt,21,39.19830758292871,strict,,,,
70.29496711689038,50.945091247558594,102.63064727625718,63.86359927253407,91,0.9425484891690411,0.9226956258291075,91,E9,M2 joint multitask × R2 no-device + multitask heads,M2-R2,9,M2_joint,R2_nodevice_multi,multi,False,True,2034,internal_heldout_repoRT_ood,0097,0097,5,2034,0,frozen_backbone_fresh_head_kshot,kshot_fresh_head_frozen_model,,mol_key,96,96,5,0,ORIGINAL_WORKSPACE/RepoRT_PolyOmics_9exp_weight_only_notebooks/outputs/E9/seed_2034/best_model.pt,best_model.pt,21,39.19830758292871,strict,ORIGINAL_WORKSPACE/RepoRT_PolyOmics_9exp_weight_only_notebooks/outputs/evaluation_E1_E9_internal_heldout_OOD_kshot/_support_splits/seed_2034/0097/K5_repeat2034.csv,300,0.001,0.0001
58.75424567021822,28.83962631225586,97.12544728964248,39.50660020811517,76,0.9495255834791121,0.9266102512402619,76,E9,M2 joint multitask × R2 no-device + multitask heads,M2-R2,9,M2_joint,R2_nodevice_multi,multi,False,True,2034,internal_heldout_repoRT_ood,0097,0097,20,2034,0,frozen_backbone_fresh_head_kshot,kshot_fresh_head_frozen_model,,mol_key,96,96,20,0,ORIGINAL_WORKSPACE/RepoRT_PolyOmics_9exp_weight_only_notebooks/outputs/E9/seed_2034/best_model.pt,best_model.pt,21,39.19830758292871,strict,ORIGINAL_WORKSPACE/RepoRT_PolyOmics_9exp_weight_only_notebooks/outputs/evaluation_E1_E9_internal_heldout_OOD_kshot/_support_splits/seed_2034/0097/K20_repeat2034.csv,300,0.001,0.0001
293.89501693330965,324.7595500946045,345.44904572472745,129.47976263415995,580,-6.501032390321857,0.9409667638977595,580,E9,M2 joint multitask × R2 no-device + multitask heads,M2-R2,9,M2_joint,R2_nodevice_multi,multi,False,True,2034,internal_heldout_repoRT_ood,0238,0238,0,-1,0,zero_shot_seen_head_mean_ensemble,zero_shot,seen_head_mean_ensemble,mol_key,580,580,0,0,ORIGINAL_WORKSPACE/RepoRT_PolyOmics_9exp_weight_only_notebooks/outputs/E9/seed_2034/best_model.pt,best_model.pt,21,39.19830758292871,strict,,,,
45.44054867288341,39.74038124084473,57.51228200900221,25.701108537248412,575,0.7913502364042789,0.9334689224078869,575,E9,M2 joint multitask × R2 no-device + multitask heads,M2-R2,9,M2_joint,R2_nodevice_multi,multi,False,True,2034,internal_heldout_repoRT_ood,0238,0238,5,2034,0,frozen_backbone_fresh_head_kshot,kshot_fresh_head_frozen_model,,mol_key,580,580,5,0,ORIGINAL_WORKSPACE/RepoRT_PolyOmics_9exp_weight_only_notebooks/outputs/E9/seed_2034/best_model.pt,best_model.pt,21,39.19830758292871,strict,ORIGINAL_WORKSPACE/RepoRT_PolyOmics_9exp_weight_only_notebooks/outputs/evaluation_E1_E9_internal_heldout_OOD_kshot/_support_splits/seed_2034/0238/K5_repeat2034.csv,300,0.001,0.0001
25.244168094226293,16.75133228302002,36.73810443054954,15.38426097840875,560,0.9154458856450491,0.9532705250184422,560,E9,M2 joint multitask × R2 no-device + multitask heads,M2-R2,9,M2_joint,R2_nodevice_multi,multi,False,True,2034,internal_heldout_repoRT_ood,0238,0238,20,2034,0,frozen_backbone_fresh_head_kshot,kshot_fresh_head_frozen_model,,mol_key,580,580,20,0,ORIGINAL_WORKSPACE/RepoRT_PolyOmics_9exp_weight_only_notebooks/outputs/E9/seed_2034/best_model.pt,best_model.pt,21,39.19830758292871,strict,ORIGINAL_WORKSPACE/RepoRT_PolyOmics_9exp_weight_only_notebooks/outputs/evaluation_E1_E9_internal_heldout_OOD_kshot/_support_splits/seed_2034/0238/K20_repeat2034.csv,300,0.001,0.0001
31.390548586845398,20.93168020248413,45.690183210413906,22.803274949188136,480,0.8699172492008951,0.9270171438539483,480,E9,M2 joint multitask × R2 no-device + multitask heads,M2-R2,9,M2_joint,R2_nodevice_multi,multi,False,True,2034,internal_heldout_repoRT_ood,0238,0238,100,2034,0,frozen_backbone_fresh_head_kshot,kshot_fresh_head_frozen_model,,mol_key,580,580,100,0,ORIGINAL_WORKSPACE/RepoRT_PolyOmics_9exp_weight_only_notebooks/outputs/E9/seed_2034/best_model.pt,best_model.pt,21,39.19830758292871,strict,ORIGINAL_WORKSPACE/RepoRT_PolyOmics_9exp_weight_only_notebooks/outputs/evaluation_E1_E9_internal_heldout_OOD_kshot/_support_splits/seed_2034/0238/K100_repeat2034.csv,300,0.001,0.0001
21.179752274563437,12.426939010620117,32.571769783432615,11.873327796241647,380,0.9330197894357894,0.9571835577258515,380,E9,M2 joint multitask × R2 no-device + multitask heads,M2-R2,9,M2_joint,R2_nodevice_multi,multi,False,True,2034,internal_heldout_repoRT_ood,0238,0238,200,2034,0,frozen_backbone_fresh_head_kshot,kshot_fresh_head_frozen_model,,mol_key,580,580,200,0,ORIGINAL_WORKSPACE/RepoRT_PolyOmics_9exp_weight_only_notebooks/outputs/E9/seed_2034/best_model.pt,best_model.pt,21,39.19830758292871,strict,ORIGINAL_WORKSPACE/RepoRT_PolyOmics_9exp_weight_only_notebooks/outputs/evaluation_E1_E9_internal_heldout_OOD_kshot/_support_splits/seed_2034/0238/K200_repeat2034.csv,300,0.001,0.0001
